edition,publication_date,rank,goal_name,goal_club,goal_url,tm_player_id,tm_name,date_of_birth,tm_profile_url,tm_match_score,tm_match_method,tm_match_status,age_on_publication,age_on_publication_years,peak_value_eur,peak_value_date,peak_value_status,value_at_publication_target_date,value_at_publication_eur,value_at_publication_observation_date,value_at_publication_status,value_1y_target_date,value_1y_eur,value_1y_observation_date,value_1y_status,value_2y_target_date,value_2y_eur,value_2y_observation_date,value_2y_status,value_3y_target_date,value_3y_eur,value_3y_observation_date,value_3y_status,value_4y_target_date,value_4y_eur,value_4y_observation_date,value_4y_status,value_5y_target_date,value_5y_eur,value_5y_observation_date,value_5y_status,value_6y_target_date,value_6y_eur,value_6y_observation_date,value_6y_status,value_7y_target_date,value_7y_eur,value_7y_observation_date,value_7y_status,value_8y_target_date,value_8y_eur,value_8y_observation_date,value_8y_status,value_9y_target_date,value_9y_eur,value_9y_observation_date,value_9y_status,value_10y_target_date,value_10y_eur,value_10y_observation_date,value_10y_status,value_status
2016,2016-03-30,50,Rafik Zekhnini,Odd,https://www.goal.com/en-sa/lists/nxgn-2016-best-wonderkids/ugt5ciaielx911wusivtpvw6p,354278,Rafik Zekhnini,1998-01-12,https://www.transfermarkt.us/rafik-zekhnini/profil/spieler/354278,1.08,automatic,matched,18,18.213,1000000,2017-07-17,observed_to_date,2016-03-30,500000,2015-12-27,last_known_before_target,2017-03-30,700000,2016-12-18,last_known_before_target,2018-03-30,1000000,2017-12-29,last_known_before_target,2019-03-30,450000,2019-01-21,last_known_before_target,2020-03-30,850000,2019-12-18,last_known_before_target,2021-03-30,600000,2020-12-28,last_known_before_target,2022-03-30,600000,2022-01-03,last_known_before_target,2023-03-30,500000,2022-12-09,last_known_before_target,2024-03-30,450000,2023-12-15,last_known_before_target,2025-03-30,300000,2024-12-12,last_known_before_target,2026-03-30,250000,2025-12-15,last_known_before_target,ok
2016,2016-03-30,49,Niklas Dorsch,Bayern Munich,https://www.goal.com/en-sa/lists/nxgn-2016-best-wonderkids/ugt5ciaielx911wusivtpvw6p,251302,Niklas Dorsch,1998-01-15,https://www.transfermarkt.us/niklas-dorsch/profil/spieler/251302,1.08,automatic,matched,18,18.204,10000000,2021-12-22,observed_to_date,2016-03-30,75000,2015-08-07,last_known_before_target,2017-03-30,200000,2017-02-07,last_known_before_target,2018-03-30,200000,2017-12-28,last_known_before_target,2019-03-30,1500000,2019-01-08,last_known_before_target,2020-03-30,5000000,2019-12-13,last_known_before_target,2021-03-30,7000000,2021-01-04,last_known_before_target,2022-03-30,10000000,2021-12-22,last_known_before_target,2023-03-30,8000000,2023-03-29,last_known_before_target,2024-03-30,5000000,2024-03-27,last_known_before_target,2025-03-30,3500000,2024-12-20,last_known_before_target,2026-03-30,3000000,2025-12-19,last_known_before_target,ok
2016,2016-03-30,48,Ismail Azzaoui,Wolfsburg,https://www.goal.com/en-sa/lists/nxgn-2016-best-wonderkids/ugt5ciaielx911wusivtpvw6p,289507,Ismail Azzaoui,1998-01-06,https://www.transfermarkt.us/ismail-azzaoui/profil/spieler/289507,1.08,automatic,matched,18,18.229,850000,2018-06-12,observed_to_date,2016-03-30,750000,2016-02-15,last_known_before_target,2017-03-30,500000,2017-02-07,last_known_before_target,2018-03-30,750000,2018-01-17,last_known_before_target,2019-03-30,850000,2018-12-18,last_known_before_target,2020-03-30,400000,2019-12-17,last_known_before_target,2021-03-30,350000,2020-04-08,last_known_before_target,2022-03-30,650000,2022-01-05,last_known_before_target,2023-03-30,500000,2022-10-07,last_known_before_target,2024-03-30,400000,2023-12-27,last_known_before_target,2025-03-30,300000,2024-06-12,last_known_before_target,2026-03-30,150000,2025-10-21,last_known_before_target,ok
2016,2016-03-30,47,Nicolas Delgadillo,Velez Sarsfield,https://www.goal.com/en-sa/lists/nxgn-2016-best-wonderkids/ugt5ciaielx911wusivtpvw6p,372163,Nicolás Delgadillo,1997-10-02,https://www.transfermarkt.us/nicolas-delgadillo/profil/spieler/372163,1.08,automatic,matched,18,18.492,2400000,2016-02-06,observed_to_date,2016-03-30,2400000,2016-02-06,last_known_before_target,2017-03-30,1000000,2017-02-13,last_known_before_target,2018-03-30,1250000,2017-10-09,last_known_before_target,2019-03-30,500000,2018-12-18,last_known_before_target,2020-03-30,250000,2019-12-05,last_known_before_target,2021-03-30,250000,2021-02-08,last_known_before_target,2022-03-30,425000,2021-10-20,last_known_before_target,2023-03-30,300000,2022-10-26,last_known_before_target,2024-03-30,300000,2023-12-04,last_known_before_target,2025-03-30,175000,2024-11-29,last_known_before_target,2026-03-30,200000,2026-03-25,last_known_before_target,ok
2016,2016-03-30,46,Thiago Maia,Santos,https://www.goal.com/en-sa/lists/nxgn-2016-best-wonderkids/ugt5ciaielx911wusivtpvw6p,294873,Thiago Maia,1997-03-23,https://www.transfermarkt.us/thiago-maia/profil/spieler/294873,1.08,automatic,matched,19,19.02,9000000,2017-10-12,observed_to_date,2016-03-30,3000000,2015-12-15,last_known_before_target,2017-03-30,4500000,2016-11-28,last_known_before_target,2018-03-30,5000000,2018-03-20,last_known_before_target,2019-03-30,4000000,2018-12-17,last_known_before_target,2020-03-30,4000000,2019-12-19,last_known_before_target,2021-03-30,3000000,2021-02-09,last_known_before_target,2022-03-30,5000000,2021-12-17,last_known_before_target,2023-03-30,6000000,2022-11-14,last_known_before_target,2024-03-30,6000000,2024-03-28,last_known_before_target,2025-03-30,6000000,2024-12-09,last_known_before_target,2026-03-30,3000000,2025-12-10,last_known_before_target,ok
2016,2016-03-30,45,Steven Bergwijn,PSV,https://www.goal.com/en-sa/lists/nxgn-2016-best-wonderkids/ugt5ciaielx911wusivtpvw6p,284165,Steven Bergwijn,1997-10-08,https://www.transfermarkt.us/steven-bergwijn/profil/spieler/284165,1.08,automatic,matched,18,18.475,35000000,2019-06-12,observed_to_date,2016-03-30,750000,2016-02-05,last_known_before_target,2017-03-30,2000000,2017-01-18,last_known_before_target,2018-03-30,8000000,2018-03-27,last_known_before_target,2019-03-30,30000000,2018-12-28,last_known_before_target,2020-03-30,35000000,2019-12-18,last_known_before_target,2021-03-30,25000000,2021-03-18,last_known_before_target,2022-03-30,18000000,2021-12-23,last_known_before_target,2023-03-30,24000000,2023-03-17,last_known_before_target,2024-03-30,20000000,2023-12-15,last_known_before_target,2025-03-30,15000000,2024-12-13,last_known_before_target,2026-03-30,12000000,2025-12-18,last_known_before_target,ok
2016,2016-03-30,44,Bilal Ould-Chikh,Benfica,https://www.goal.com/en-sa/lists/nxgn-2016-best-wonderkids/ugt5ciaielx911wusivtpvw6p,241324,Bilal Ould-Chikh,1997-07-28,https://www.transfermarkt.us/bilal-ould-chikh/profil/spieler/241324,1.08,automatic,matched,18,18.673,1500000,2015-07-01,observed_to_date,2016-03-30,1250000,2016-03-14,last_known_before_target,2017-03-30,1000000,2016-09-30,last_known_before_target,2018-03-30,600000,2018-01-17,last_known_before_target,2019-03-30,500000,2018-06-12,last_known_before_target,2020-03-30,300000,2019-12-18,last_known_before_target,2021-03-30,300000,2020-10-14,last_known_before_target,2022-03-30,250000,2021-05-19,last_known_before_target,2023-03-30,350000,2022-11-11,last_known_before_target,2024-03-30,600000,2024-03-18,last_known_before_target,2025-03-30,650000,2024-12-10,last_known_before_target,2026-03-30,800000,2025-11-28,last_known_before_target,ok
2016,2016-03-30,43,Lincoln,Gremio,https://www.goal.com/en-sa/lists/nxgn-2016-best-wonderkids/ugt5ciaielx911wusivtpvw6p,372046,Lincoln,2000-12-16,https://www.transfermarkt.us/lincoln/profil/spieler/372046,1.08,automatic,matched,15,15.286,6000000,2019-11-27,observed_to_date,2016-03-30,,,no_prior_valuation,2017-03-30,,,no_prior_valuation,2018-03-30,5000000,2017-12-07,last_known_before_target,2019-03-30,5000000,2019-02-18,last_known_before_target,2020-03-30,6000000,2019-11-27,last_known_before_target,2021-03-30,3500000,2021-01-29,last_known_before_target,2022-03-30,2400000,2022-01-14,last_known_before_target,2023-03-30,1700000,2022-06-28,last_known_before_target,2024-03-30,800000,2024-02-22,last_known_before_target,2025-03-30,350000,2024-12-17,last_known_before_target,2026-03-30,350000,2025-12-11,last_known_before_target,ok
2016,2016-03-30,42,Aaron Leya Iseka,Anderlecht,https://www.goal.com/en-sa/lists/nxgn-2016-best-wonderkids/ugt5ciaielx911wusivtpvw6p,289587,Aaron Leya Iseka,1997-11-15,https://www.transfermarkt.us/aaron-leya-iseka/profil/spieler/289587,1.08,automatic,matched,18,18.371,3000000,2018-10-24,observed_to_date,2016-03-30,900000,2016-02-07,last_known_before_target,2017-03-30,1500000,2017-01-16,last_known_before_target,2018-03-30,2500000,2018-01-09,last_known_before_target,2019-03-30,3000000,2018-12-17,last_known_before_target,2020-03-30,2500000,2019-12-19,last_known_before_target,2021-03-30,2000000,2021-01-07,last_known_before_target,2022-03-30,2200000,2021-11-24,last_known_before_target,2023-03-30,1000000,2022-11-15,last_known_before_target,2024-03-30,600000,2023-12-22,last_known_before_target,2025-03-30,500000,2024-12-02,last_known_before_target,2026-03-30,350000,2025-10-21,last_known_before_target,ok
2016,2016-03-30,41,Dominic Solanke,Chelsea,https://www.goal.com/en-sa/lists/nxgn-2016-best-wonderkids/ugt5ciaielx911wusivtpvw6p,258889,Dominic Solanke,1997-09-14,https://www.transfermarkt.us/dominic-solanke/profil/spieler/258889,1.08,automatic,matched,18,18.541,45000000,2024-10-01,observed_to_date,2016-03-30,1400000,2016-02-05,last_known_before_target,2017-03-30,2000000,2016-04-08,last_known_before_target,2018-03-30,8000000,2018-01-02,last_known_before_target,2019-03-30,18000000,2019-03-05,last_known_before_target,2020-03-30,15000000,2019-12-10,last_known_before_target,2021-03-30,10000000,2021-03-10,last_known_before_target,2022-03-30,14000000,2021-11-24,last_known_before_target,2023-03-30,18000000,2022-11-03,last_known_before_target,2024-03-30,35000000,2024-03-14,last_known_before_target,2025-03-30,45000000,2024-12-16,last_known_before_target,2026-03-30,35000000,2025-12-09,last_known_before_target,ok
2016,2016-03-30,40,Leandrinho,Ponte Preta,https://www.goal.com/en-sa/lists/nxgn-2016-best-wonderkids/ugt5ciaielx911wusivtpvw6p,351898,Leandrinho,1998-10-11,https://www.transfermarkt.us/player/profil/spieler/351898,1.08,manual_override,matched,17,17.468,750000,2015-12-15,observed_to_date,2016-03-30,750000,2015-12-15,last_known_before_target,2017-03-30,750000,2016-11-28,last_known_before_target,2018-03-30,700000,2017-12-29,last_known_before_target,2019-03-30,600000,2019-02-18,last_known_before_target,2020-03-30,400000,2019-12-12,last_known_before_target,2021-03-30,475000,2021-02-09,last_known_before_target,2022-03-30,475000,2021-12-17,last_known_before_target,2023-03-30,475000,2022-04-06,last_known_before_target,2024-03-30,300000,2023-12-11,last_known_before_target,2025-03-30,275000,2024-10-16,last_known_before_target,2026-03-30,0,2025-04-04,last_known_before_target,ok
2016,2016-03-30,39,Lee Seung-woo,Barcelona,https://www.goal.com/en-sa/lists/nxgn-2016-best-wonderkids/ugt5ciaielx911wusivtpvw6p,280239,Seung-woo Lee,1998-01-06,https://www.transfermarkt.us/player/profil/spieler/280239,1.08,manual_override,matched,18,18.229,1700000,2019-06-05,observed_to_date,2016-03-30,,,no_prior_valuation,2017-03-30,,,no_prior_valuation,2018-03-30,1000000,2017-12-29,last_known_before_target,2019-03-30,1200000,2019-01-17,last_known_before_target,2020-03-30,1200000,2019-12-13,last_known_before_target,2021-03-30,600000,2021-01-04,last_known_before_target,2022-03-30,500000,2022-01-02,last_known_before_target,2023-03-30,700000,2022-12-27,last_known_before_target,2024-03-30,600000,2023-12-19,last_known_before_target,2025-03-30,650000,2024-12-05,last_known_before_target,2026-03-30,500000,2025-12-16,last_known_before_target,ok
2016,2016-03-30,38,Krystian Bielik,Arsenal,https://www.goal.com/en-sa/lists/nxgn-2016-best-wonderkids/ugt5ciaielx911wusivtpvw6p,287247,Krystian Bielik,1998-01-04,https://www.transfermarkt.us/krystian-bielik/profil/spieler/287247,1.08,automatic,matched,18,18.234,6000000,2019-10-17,observed_to_date,2016-03-30,1500000,2015-02-12,last_known_before_target,2017-03-30,1500000,2017-02-27,last_known_before_target,2018-03-30,2000000,2017-06-28,last_known_before_target,2019-03-30,2000000,2017-06-28,last_known_before_target,2020-03-30,6000000,2020-02-27,last_known_before_target,2021-03-30,5000000,2021-03-10,last_known_before_target,2022-03-30,5000000,2021-11-24,last_known_before_target,2023-03-30,3000000,2022-10-27,last_known_before_target,2024-03-30,2500000,2023-12-21,last_known_before_target,2025-03-30,3200000,2024-12-27,last_known_before_target,2026-03-30,2800000,2025-12-03,last_known_before_target,ok
2016,2016-03-30,37,Ousmane Dembele,Rennes,https://www.goal.com/en-sa/lists/nxgn-2016-best-wonderkids/ugt5ciaielx911wusivtpvw6p,288230,Ousmane Dembélé,1997-05-15,https://www.transfermarkt.us/ousmane-dembele/profil/spieler/288230,1.08,automatic,matched,18,18.875,120000000,2019-02-28,observed_to_date,2016-03-30,3000000,2016-02-04,last_known_before_target,2017-03-30,28000000,2017-02-07,last_known_before_target,2018-03-30,80000000,2018-01-01,last_known_before_target,2019-03-30,120000000,2019-02-28,last_known_before_target,2020-03-30,70000000,2020-03-05,last_known_before_target,2021-03-30,50000000,2021-01-05,last_known_before_target,2022-03-30,30000000,2021-12-30,last_known_before_target,2023-03-30,60000000,2022-11-07,last_known_before_target,2024-03-30,60000000,2023-12-18,last_known_before_target,2025-03-30,75000000,2025-03-24,last_known_before_target,2026-03-30,100000000,2025-12-15,last_known_before_target,ok
2016,2016-03-30,36,Alban Lafont,Toulouse,https://www.goal.com/en-sa/lists/nxgn-2016-best-wonderkids/ugt5ciaielx911wusivtpvw6p,357117,Alban Lafont,1999-01-23,https://www.transfermarkt.us/alban-lafont/profil/spieler/357117,1.08,automatic,matched,17,17.183,20000000,2023-03-27,observed_to_date,2016-03-30,800000,2016-02-04,last_known_before_target,2017-03-30,6500000,2017-01-16,last_known_before_target,2018-03-30,18000000,2018-01-24,last_known_before_target,2019-03-30,17000000,2019-03-01,last_known_before_target,2020-03-30,12000000,2019-12-19,last_known_before_target,2021-03-30,12500000,2020-10-15,last_known_before_target,2022-03-30,14000000,2022-03-23,last_known_before_target,2023-03-30,20000000,2023-03-27,last_known_before_target,2024-03-30,10000000,2024-03-19,last_known_before_target,2025-03-30,4000000,2025-03-24,last_known_before_target,2026-03-30,3000000,2025-12-12,last_known_before_target,ok
2016,2016-03-30,35,Adalberto Penaranda,Udinese,https://www.goal.com/en-sa/lists/nxgn-2016-best-wonderkids/ugt5ciaielx911wusivtpvw6p,308801,Adalberto Peñaranda,1997-05-31,https://www.transfermarkt.us/adalberto-penaranda/profil/spieler/308801,1.08,automatic,matched,18,18.831,4000000,2016-07-15,observed_to_date,2016-03-30,3000000,2016-02-22,last_known_before_target,2017-03-30,3000000,2017-01-24,last_known_before_target,2018-03-30,2500000,2018-01-01,last_known_before_target,2019-03-30,2000000,2018-12-19,last_known_before_target,2020-03-30,1300000,2019-12-13,last_known_before_target,2021-03-30,800000,2020-12-21,last_known_before_target,2022-03-30,800000,2021-12-27,last_known_before_target,2023-03-30,600000,2022-11-01,last_known_before_target,2024-03-30,300000,2023-12-19,last_known_before_target,2025-03-30,200000,2024-12-10,last_known_before_target,2026-03-30,350000,2026-03-19,last_known_before_target,ok
2016,2016-03-30,34,Nikola Vlasic,Hajduk Split,https://www.goal.com/en-sa/lists/nxgn-2016-best-wonderkids/ugt5ciaielx911wusivtpvw6p,293200,Nikola Vlašić,1997-10-04,https://www.transfermarkt.us/nikola-vlasic/profil/spieler/293200,1.08,automatic,matched,18,18.486,30000000,2020-12-29,observed_to_date,2016-03-30,4500000,2016-03-14,last_known_before_target,2017-03-30,4000000,2017-03-13,last_known_before_target,2018-03-30,8000000,2018-01-02,last_known_before_target,2019-03-30,18000000,2018-12-20,last_known_before_target,2020-03-30,22000000,2019-12-23,last_known_before_target,2021-03-30,30000000,2020-12-29,last_known_before_target,2022-03-30,25000000,2022-03-29,last_known_before_target,2023-03-30,20000000,2022-11-11,last_known_before_target,2024-03-30,13000000,2023-12-20,last_known_before_target,2025-03-30,8000000,2025-03-25,last_known_before_target,2026-03-30,9000000,2025-12-23,last_known_before_target,ok
2016,2016-03-30,33,Cameron Borthwick-Jackson,Manchester United,https://www.goal.com/en-sa/lists/nxgn-2016-best-wonderkids/ugt5ciaielx911wusivtpvw6p,258879,Cameron Borthwick-Jackson,1997-02-02,https://www.transfermarkt.us/cameron-borthwick-jackson/profil/spieler/258879,1.08,automatic,matched,19,19.154,3000000,2016-08-01,observed_to_date,2016-03-30,1500000,2016-02-09,last_known_before_target,2017-03-30,3000000,2017-02-27,last_known_before_target,2018-03-30,3000000,2017-06-28,last_known_before_target,2019-03-30,3000000,2018-05-28,last_known_before_target,2020-03-30,1000000,2019-06-13,last_known_before_target,2021-03-30,800000,2020-04-08,last_known_before_target,2022-03-30,800000,2020-04-08,last_known_before_target,2023-03-30,300000,2022-07-29,last_known_before_target,2024-03-30,250000,2023-12-29,last_known_before_target,2025-03-30,200000,2024-10-16,last_known_before_target,2026-03-30,0,2026-01-06,last_known_before_target,ok
2016,2016-03-30,32,Rey Manaj,Inter,https://www.goal.com/en-sa/lists/nxgn-2016-best-wonderkids/ugt5ciaielx911wusivtpvw6p,308278,Rey Manaj,1997-02-24,https://www.transfermarkt.us/rey-manaj/profil/spieler/308278,1.08,automatic,matched,19,19.094,5000000,2024-05-31,observed_to_date,2016-03-30,800000,2016-01-04,last_known_before_target,2017-03-30,1000000,2017-01-02,last_known_before_target,2018-03-30,600000,2018-03-02,last_known_before_target,2019-03-30,1500000,2019-02-19,last_known_before_target,2020-03-30,900000,2019-12-20,last_known_before_target,2021-03-30,700000,2021-01-08,last_known_before_target,2022-03-30,1000000,2021-12-28,last_known_before_target,2023-03-30,1200000,2023-03-28,last_known_before_target,2024-03-30,3000000,2024-03-15,last_known_before_target,2025-03-30,3500000,2025-03-20,last_known_before_target,2026-03-30,2200000,2026-03-12,last_known_before_target,ok
2016,2016-03-30,31,Bartlomiej Dragowski,Jagiellonia Bialystok,https://www.goal.com/en-sa/lists/nxgn-2016-best-wonderkids/ugt5ciaielx911wusivtpvw6p,208166,Bartłomiej Drągowski,1997-08-19,https://www.transfermarkt.us/bartlomiej-dragowski/profil/spieler/208166,1.014,automatic,matched,18,18.612,16000000,2021-06-03,observed_to_date,2016-03-30,2500000,2016-03-28,last_known_before_target,2017-03-30,3000000,2017-01-02,last_known_before_target,2018-03-30,2800000,2017-12-29,last_known_before_target,2019-03-30,1500000,2018-12-20,last_known_before_target,2020-03-30,14000000,2019-12-12,last_known_before_target,2021-03-30,15000000,2020-12-29,last_known_before_target,2022-03-30,9000000,2022-03-15,last_known_before_target,2023-03-30,4500000,2022-11-11,last_known_before_target,2024-03-30,2400000,2023-12-27,last_known_before_target,2025-03-30,3000000,2024-12-18,last_known_before_target,2026-03-30,2000000,2026-03-26,last_known_before_target,ok
2016,2016-03-30,30,Pedro Pereira,Sampdoria,https://www.goal.com/en-sa/lists/nxgn-2016-best-wonderkids/ugt5ciaielx911wusivtpvw6p,314965,Pedro Pereira,1998-01-22,https://www.transfermarkt.us/pedro-pereira/profil/spieler/314965,1.08,automatic,matched,18,18.185,2300000,2022-06-06,observed_to_date,2016-03-30,1000000,2016-01-04,last_known_before_target,2017-03-30,2000000,2017-01-02,last_known_before_target,2018-03-30,2000000,2018-02-01,last_known_before_target,2019-03-30,2000000,2018-12-20,last_known_before_target,2020-03-30,2000000,2020-02-27,last_known_before_target,2021-03-30,2000000,2020-12-29,last_known_before_target,2022-03-30,2000000,2021-12-29,last_known_before_target,2023-03-30,2000000,2023-03-14,last_known_before_target,2024-03-30,1800000,2023-12-20,last_known_before_target,2025-03-30,1800000,2024-12-18,last_known_before_target,2026-03-30,1200000,2025-12-17,last_known_before_target,ok
2016,2016-03-30,29,Borja Mayoral,Real Madrid,https://www.goal.com/en-sa/lists/nxgn-2016-best-wonderkids/ugt5ciaielx911wusivtpvw6p,298976,Borja Mayoral,1997-04-05,https://www.transfermarkt.us/borja-mayoral/profil/spieler/298976,1.08,automatic,matched,18,18.985,15000000,2023-12-22,observed_to_date,2016-03-30,,,no_prior_valuation,2017-03-30,2500000,2017-02-07,last_known_before_target,2018-03-30,7500000,2018-01-01,last_known_before_target,2019-03-30,5000000,2018-12-21,last_known_before_target,2020-03-30,4000000,2019-12-20,last_known_before_target,2021-03-30,14000000,2021-03-23,last_known_before_target,2022-03-30,9000000,2022-03-21,last_known_before_target,2023-03-30,9000000,2022-11-07,last_known_before_target,2024-03-30,15000000,2023-12-22,last_known_before_target,2025-03-30,9000000,2024-12-27,last_known_before_target,2026-03-30,7500000,2025-12-12,last_known_before_target,ok
2016,2016-03-30,28,Luka Jovic,Red Star Belgrade,https://www.goal.com/en-sa/lists/nxgn-2016-best-wonderkids/ugt5ciaielx911wusivtpvw6p,257462,Luka Jović,1997-12-23,https://www.transfermarkt.us/luka-jovic/profil/spieler/257462,1.08,automatic,matched,18,18.267,60000000,2019-06-05,observed_to_date,2016-03-30,2000000,2016-02-24,last_known_before_target,2017-03-30,3000000,2016-09-30,last_known_before_target,2018-03-30,2000000,2017-12-28,last_known_before_target,2019-03-30,55000000,2019-03-06,last_known_before_target,2020-03-30,40000000,2019-12-20,last_known_before_target,2021-03-30,20000000,2021-01-05,last_known_before_target,2022-03-30,18000000,2022-03-21,last_known_before_target,2023-03-30,10000000,2023-03-21,last_known_before_target,2024-03-30,7000000,2024-03-12,last_known_before_target,2025-03-30,2500000,2025-03-25,last_known_before_target,2026-03-30,7000000,2026-03-06,last_known_before_target,ok
2016,2016-03-30,27,Reece Oxford,West Ham,https://www.goal.com/en-sa/lists/nxgn-2016-best-wonderkids/ugt5ciaielx911wusivtpvw6p,314295,Reece Oxford,1998-12-16,https://www.transfermarkt.us/reece-oxford/profil/spieler/314295,1.08,automatic,matched,17,17.287,12000000,2022-06-09,observed_to_date,2016-03-30,1500000,2016-02-09,last_known_before_target,2017-03-30,4000000,2017-02-27,last_known_before_target,2018-03-30,5000000,2017-12-28,last_known_before_target,2019-03-30,7000000,2018-12-19,last_known_before_target,2020-03-30,2500000,2019-12-17,last_known_before_target,2021-03-30,3000000,2021-02-10,last_known_before_target,2022-03-30,10000000,2022-03-24,last_known_before_target,2023-03-30,9000000,2023-03-29,last_known_before_target,2024-03-30,2000000,2023-12-14,last_known_before_target,2025-03-30,500000,2024-12-20,last_known_before_target,2026-03-30,450000,2025-10-21,last_known_before_target,ok
2016,2016-03-30,26,Jeff Reine-Adelaide,Arsenal,https://www.goal.com/en-sa/lists/nxgn-2016-best-wonderkids/ugt5ciaielx911wusivtpvw6p,326300,Jeff Reine-Adélaïde,1998-01-17,https://www.transfermarkt.us/jeff-reine-adelaide/profil/spieler/326300,1.08,automatic,matched,18,18.199,25000000,2019-09-27,observed_to_date,2016-03-30,1000000,2016-02-24,last_known_before_target,2017-03-30,1000000,2016-02-24,last_known_before_target,2018-03-30,1000000,2016-02-24,last_known_before_target,2019-03-30,7500000,2019-03-07,last_known_before_target,2020-03-30,25000000,2019-12-19,last_known_before_target,2021-03-30,25000000,2020-10-15,last_known_before_target,2022-03-30,17000000,2021-12-16,last_known_before_target,2023-03-30,7000000,2023-03-27,last_known_before_target,2024-03-30,2500000,2024-03-22,last_known_before_target,2025-03-30,1500000,2024-12-23,last_known_before_target,2026-03-30,700000,2025-12-02,last_known_before_target,ok
2016,2016-03-30,25,Hachim Mastour,AC Milan,https://www.goal.com/en-sa/lists/nxgn-2016-best-wonderkids/ugt5ciaielx911wusivtpvw6p,253267,Hachim Mastour,1998-06-15,https://www.transfermarkt.us/hachim-mastour/profil/spieler/253267,1.08,automatic,matched,17,17.791,500000,2014-09-11,observed_to_date,2016-03-30,500000,2016-02-22,last_known_before_target,2017-03-30,350000,2017-01-18,last_known_before_target,2018-03-30,200000,2017-12-29,last_known_before_target,2019-03-30,100000,2018-12-07,last_known_before_target,2020-03-30,0,2019-09-01,last_known_before_target,2021-03-30,100000,2020-10-29,last_known_before_target,2022-03-30,50000,2021-06-22,last_known_before_target,2023-03-30,0,2023-03-07,last_known_before_target,2024-03-30,150000,2024-01-29,last_known_before_target,2025-03-30,0,2025-01-30,last_known_before_target,2026-03-30,25000,2025-12-17,last_known_before_target,ok
2016,2016-03-30,24,Rolando Mandragora,Genoa,https://www.goal.com/en-sa/lists/nxgn-2016-best-wonderkids/ugt5ciaielx911wusivtpvw6p,308279,Rolando Mandragora,1997-06-29,https://www.transfermarkt.us/rolando-mandragora/profil/spieler/308279,1.08,automatic,matched,18,18.752,15000000,2018-10-12,observed_to_date,2016-03-30,2000000,2015-12-28,last_known_before_target,2017-03-30,3000000,2017-01-02,last_known_before_target,2018-03-30,7000000,2018-03-24,last_known_before_target,2019-03-30,15000000,2018-12-20,last_known_before_target,2020-03-30,15000000,2019-12-12,last_known_before_target,2021-03-30,12000000,2020-12-29,last_known_before_target,2022-03-30,14000000,2021-12-28,last_known_before_target,2023-03-30,9000000,2022-11-11,last_known_before_target,2024-03-30,8500000,2023-12-20,last_known_before_target,2025-03-30,10000000,2025-03-25,last_known_before_target,2026-03-30,10000000,2025-12-23,last_known_before_target,ok
2016,2016-03-30,23,Enes Unal,Manchester City,https://www.goal.com/en-sa/lists/nxgn-2016-best-wonderkids/ugt5ciaielx911wusivtpvw6p,251106,Enes Ünal,1997-05-10,https://www.transfermarkt.us/enes-unal/profil/spieler/251106,1.08,automatic,matched,18,18.889,25000000,2022-06-03,observed_to_date,2016-03-30,3000000,2016-02-05,last_known_before_target,2017-03-30,5500000,2017-01-18,last_known_before_target,2018-03-30,7000000,2018-03-22,last_known_before_target,2019-03-30,5000000,2019-02-28,last_known_before_target,2020-03-30,5000000,2020-03-05,last_known_before_target,2021-03-30,7000000,2021-01-05,last_known_before_target,2022-03-30,18000000,2022-03-21,last_known_before_target,2023-03-30,25000000,2022-11-07,last_known_before_target,2024-03-30,20000000,2024-03-14,last_known_before_target,2025-03-30,13000000,2024-12-16,last_known_before_target,2026-03-30,8000000,2025-12-09,last_known_before_target,ok
2016,2016-03-30,22,Sergio Diaz,Cerro Porteno,https://www.goal.com/en-sa/lists/nxgn-2016-best-wonderkids/ugt5ciaielx911wusivtpvw6p,340179,Sergio Díaz,1998-03-05,https://www.transfermarkt.us/sergio-diaz/profil/spieler/340179,1.08,automatic,matched,18,18.07,1000000,2016-08-01,observed_to_date,2016-03-30,,,no_prior_valuation,2017-03-30,1000000,2017-02-02,last_known_before_target,2018-03-30,1000000,2018-01-01,last_known_before_target,2019-03-30,1000000,2019-02-18,last_known_before_target,2020-03-30,900000,2020-03-02,last_known_before_target,2021-03-30,800000,2020-12-18,last_known_before_target,2022-03-30,700000,2021-10-28,last_known_before_target,2023-03-30,500000,2022-11-30,last_known_before_target,2024-03-30,300000,2023-12-20,last_known_before_target,2025-03-30,350000,2024-12-18,last_known_before_target,2026-03-30,250000,2025-12-02,last_known_before_target,ok
2016,2016-03-30,21,Abdelhak Nouri,Ajax,https://www.goal.com/en-sa/lists/nxgn-2016-best-wonderkids/ugt5ciaielx911wusivtpvw6p,258353,Abdelhak Nouri,1997-04-02,https://www.transfermarkt.us/abdelhak-nouri/profil/spieler/258353,1.08,automatic,matched,18,18.993,2500000,2017-06-07,observed_to_date,2016-03-30,100000,2016-02-05,last_known_before_target,2017-03-30,1250000,2017-01-18,last_known_before_target,2018-03-30,0,2018-01-17,last_known_before_target,2019-03-30,0,2018-01-17,last_known_before_target,2020-03-30,0,2018-01-17,last_known_before_target,2021-03-30,0,2018-01-17,last_known_before_target,2022-03-30,0,2018-01-17,last_known_before_target,2023-03-30,0,2018-01-17,last_known_before_target,2024-03-30,0,2018-01-17,last_known_before_target,2025-03-30,0,2018-01-17,last_known_before_target,2026-03-30,0,2018-01-17,last_known_before_target,ok
2016,2016-03-30,20,Jean-Kevin Augustin,Paris Saint-Germain,https://www.goal.com/en-sa/lists/nxgn-2016-best-wonderkids/ugt5ciaielx911wusivtpvw6p,264956,Jean-Kévin Augustin,1997-06-16,https://www.transfermarkt.us/jean-kevin-augustin/profil/spieler/264956,1.08,automatic,matched,18,18.788,25000000,2018-10-22,observed_to_date,2016-03-30,1500000,2016-02-04,last_known_before_target,2017-03-30,3000000,2017-01-16,last_known_before_target,2018-03-30,18000000,2017-12-28,last_known_before_target,2019-03-30,20000000,2019-03-06,last_known_before_target,2020-03-30,12000000,2020-02-27,last_known_before_target,2021-03-30,4000000,2021-01-07,last_known_before_target,2022-03-30,1500000,2021-12-16,last_known_before_target,2023-03-30,1300000,2023-03-28,last_known_before_target,2024-03-30,500000,2024-03-28,last_known_before_target,2025-03-30,250000,2024-10-16,last_known_before_target,2026-03-30,200000,2025-10-21,last_known_before_target,ok
2016,2016-03-30,19,Andrija Balic,Hajduk Split,https://www.goal.com/en-sa/lists/nxgn-2016-best-wonderkids/ugt5ciaielx911wusivtpvw6p,316111,Andrija Balic,1997-08-11,https://www.transfermarkt.us/andrija-balic/profil/spieler/316111,1.08,automatic,matched,18,18.634,3500000,2015-09-14,observed_to_date,2016-03-30,3500000,2015-09-14,last_known_before_target,2017-03-30,3000000,2017-01-02,last_known_before_target,2018-03-30,2500000,2017-12-29,last_known_before_target,2019-03-30,3500000,2018-12-20,last_known_before_target,2020-03-30,1400000,2019-12-30,last_known_before_target,2021-03-30,1000000,2020-12-28,last_known_before_target,2022-03-30,700000,2021-12-26,last_known_before_target,2023-03-30,500000,2022-12-16,last_known_before_target,2024-03-30,300000,2023-12-19,last_known_before_target,2025-03-30,200000,2024-06-07,last_known_before_target,2026-03-30,150000,2025-12-30,last_known_before_target,ok
2016,2016-03-30,18,Manu Garcia,Manchester City,https://www.goal.com/en-sa/lists/nxgn-2016-best-wonderkids/ugt5ciaielx911wusivtpvw6p,277118,Manu García,1998-01-02,https://www.transfermarkt.us/manu-garcia/profil/spieler/277118,1.08,automatic,matched,18,18.24,5000000,2018-12-17,observed_to_date,2016-03-30,,,no_prior_valuation,2017-03-30,750000,2017-02-02,last_known_before_target,2018-03-30,1250000,2018-01-17,last_known_before_target,2019-03-30,5000000,2018-12-17,last_known_before_target,2020-03-30,3000000,2020-01-08,last_known_before_target,2021-03-30,3000000,2021-01-08,last_known_before_target,2022-03-30,3500000,2021-12-30,last_known_before_target,2023-03-30,3500000,2022-11-07,last_known_before_target,2024-03-30,2500000,2023-12-20,last_known_before_target,2025-03-30,3000000,2024-12-18,last_known_before_target,2026-03-30,3500000,2025-12-11,last_known_before_target,ok
2016,2016-03-30,17,Victor Osimhen,Ultimate Strikers Academy,https://www.goal.com/en-sa/lists/nxgn-2016-best-wonderkids/ugt5ciaielx911wusivtpvw6p,401923,Victor Osimhen,1998-12-29,https://www.transfermarkt.us/victor-osimhen/profil/spieler/401923,1.08,automatic,matched,17,17.252,120000000,2023-06-15,observed_to_date,2016-03-30,,,no_prior_valuation,2017-03-30,1000000,2017-02-07,last_known_before_target,2018-03-30,1000000,2017-12-28,last_known_before_target,2019-03-30,7500000,2019-03-04,last_known_before_target,2020-03-30,30000000,2019-12-19,last_known_before_target,2021-03-30,50000000,2020-12-29,last_known_before_target,2022-03-30,60000000,2021-12-28,last_known_before_target,2023-03-30,100000000,2023-03-21,last_known_before_target,2024-03-30,110000000,2023-12-20,last_known_before_target,2025-03-30,70000000,2025-03-20,last_known_before_target,2026-03-30,75000000,2025-12-17,last_known_before_target,ok
2016,2016-03-30,16,Patrick Roberts,Manchester City,https://www.goal.com/en-sa/lists/nxgn-2016-best-wonderkids/ugt5ciaielx911wusivtpvw6p,225452,Patrick Roberts,1997-02-05,https://www.transfermarkt.us/patrick-roberts/profil/spieler/225452,1.08,automatic,matched,19,19.146,7500000,2017-06-28,observed_to_date,2016-03-30,5000000,2015-10-14,last_known_before_target,2017-03-30,5000000,2017-02-14,last_known_before_target,2018-03-30,7500000,2018-03-04,last_known_before_target,2019-03-30,5000000,2018-12-21,last_known_before_target,2020-03-30,3500000,2020-02-27,last_known_before_target,2021-03-30,2000000,2021-03-10,last_known_before_target,2022-03-30,1500000,2021-12-16,last_known_before_target,2023-03-30,2500000,2023-03-24,last_known_before_target,2024-03-30,3200000,2023-12-21,last_known_before_target,2025-03-30,3500000,2024-12-30,last_known_before_target,2026-03-30,5000000,2025-12-03,last_known_before_target,ok
2016,2016-03-30,15,Umar Sadiq,Spezia,https://www.goal.com/en-sa/lists/nxgn-2016-best-wonderkids/ugt5ciaielx911wusivtpvw6p,337715,Umar Sadiq,1997-02-02,https://www.transfermarkt.us/umar-sadiq/profil/spieler/337715,1.08,automatic,matched,19,19.154,18000000,2021-10-13,observed_to_date,2016-03-30,900000,2015-11-30,last_known_before_target,2017-03-30,2500000,2017-01-02,last_known_before_target,2018-03-30,1800000,2017-12-29,last_known_before_target,2019-03-30,1400000,2019-01-17,last_known_before_target,2020-03-30,2500000,2019-10-28,last_known_before_target,2021-03-30,8000000,2021-03-19,last_known_before_target,2022-03-30,18000000,2021-12-27,last_known_before_target,2023-03-30,18000000,2022-11-07,last_known_before_target,2024-03-30,14000000,2024-03-21,last_known_before_target,2025-03-30,5000000,2024-12-27,last_known_before_target,2026-03-30,4000000,2025-12-12,last_known_before_target,ok
2016,2016-03-30,14,Amadou Diawara,Bologna,https://www.goal.com/en-sa/lists/nxgn-2016-best-wonderkids/ugt5ciaielx911wusivtpvw6p,355501,Amadou Diawara,1997-07-17,https://www.transfermarkt.us/amadou-diawara/profil/spieler/355501,1.08,automatic,matched,18,18.703,23000000,2020-03-03,observed_to_date,2016-03-30,4500000,2016-01-04,last_known_before_target,2017-03-30,15000000,2017-01-02,last_known_before_target,2018-03-30,20000000,2017-12-29,last_known_before_target,2019-03-30,16000000,2018-12-20,last_known_before_target,2020-03-30,23000000,2020-03-03,last_known_before_target,2021-03-30,15000000,2021-03-23,last_known_before_target,2022-03-30,8000000,2022-03-15,last_known_before_target,2023-03-30,2500000,2023-03-22,last_known_before_target,2024-03-30,1800000,2023-12-19,last_known_before_target,2025-03-30,700000,2024-12-11,last_known_before_target,2026-03-30,700000,2025-12-30,last_known_before_target,ok
2016,2016-03-30,13,Donny van de Beek,Ajax,https://www.goal.com/en-sa/lists/nxgn-2016-best-wonderkids/ugt5ciaielx911wusivtpvw6p,288255,Donny van de Beek,1997-04-18,https://www.transfermarkt.us/donny-van-de-beek/profil/spieler/288255,1.08,automatic,matched,18,18.949,55000000,2019-12-18,observed_to_date,2016-03-30,1000000,2016-02-05,last_known_before_target,2017-03-30,2000000,2017-01-18,last_known_before_target,2018-03-30,9000000,2018-01-17,last_known_before_target,2019-03-30,25000000,2019-03-13,last_known_before_target,2020-03-30,55000000,2019-12-18,last_known_before_target,2021-03-30,35000000,2021-03-18,last_known_before_target,2022-03-30,25000000,2021-12-23,last_known_before_target,2023-03-30,17000000,2023-03-16,last_known_before_target,2024-03-30,7000000,2024-03-27,last_known_before_target,2025-03-30,7500000,2024-12-27,last_known_before_target,2026-03-30,2000000,2025-12-12,last_known_before_target,ok
2016,2016-03-30,12,Gabriel Jesus,Palmeiras,https://www.goal.com/en-sa/lists/nxgn-2016-best-wonderkids/ugt5ciaielx911wusivtpvw6p,363205,Gabriel Jesus,1997-04-03,https://www.transfermarkt.us/gabriel-jesus/profil/spieler/363205,1.08,automatic,matched,18,18.99,80000000,2018-05-28,observed_to_date,2016-03-30,4000000,2015-12-15,last_known_before_target,2017-03-30,25000000,2017-02-20,last_known_before_target,2018-03-30,70000000,2018-01-02,last_known_before_target,2019-03-30,70000000,2018-12-19,last_known_before_target,2020-03-30,70000000,2019-12-10,last_known_before_target,2021-03-30,60000000,2021-03-18,last_known_before_target,2022-03-30,50000000,2022-03-29,last_known_before_target,2023-03-30,75000000,2022-11-03,last_known_before_target,2024-03-30,70000000,2023-12-19,last_known_before_target,2025-03-30,40000000,2025-03-18,last_known_before_target,2026-03-30,20000000,2025-12-09,last_known_before_target,ok
2016,2016-03-30,11,Vaclav Cerny,Ajax,https://www.goal.com/en-sa/lists/nxgn-2016-best-wonderkids/ugt5ciaielx911wusivtpvw6p,242063,Vaclav Cerny,1997-10-17,https://www.transfermarkt.us/vaclav-cerny/profil/spieler/242063,1.08,automatic,matched,18,18.451,9000000,2025-03-12,observed_to_date,2016-03-30,900000,2016-02-05,last_known_before_target,2017-03-30,2000000,2017-01-18,last_known_before_target,2018-03-30,2000000,2018-01-17,last_known_before_target,2019-03-30,1250000,2019-01-21,last_known_before_target,2020-03-30,800000,2019-12-18,last_known_before_target,2021-03-30,1000000,2021-01-06,last_known_before_target,2022-03-30,1000000,2022-01-05,last_known_before_target,2023-03-30,4000000,2023-03-17,last_known_before_target,2024-03-30,8000000,2023-12-14,last_known_before_target,2025-03-30,9000000,2025-03-12,last_known_before_target,2026-03-30,8000000,2025-12-17,last_known_before_target,ok
2016,2016-03-30,10,Joe Gomez,Liverpool,https://www.goal.com/en-sa/lists/nxgn-2016-best-wonderkids/ugt5ciaielx911wusivtpvw6p,256178,Joe Gomez,1997-05-23,https://www.transfermarkt.us/joe-gomez/profil/spieler/256178,1.08,automatic,matched,18,18.853,42000000,2020-03-09,observed_to_date,2016-03-30,3500000,2016-02-09,last_known_before_target,2017-03-30,3500000,2017-02-20,last_known_before_target,2018-03-30,18000000,2018-01-02,last_known_before_target,2019-03-30,35000000,2018-12-19,last_known_before_target,2020-03-30,42000000,2020-03-09,last_known_before_target,2021-03-30,35000000,2021-03-18,last_known_before_target,2022-03-30,22000000,2022-03-29,last_known_before_target,2023-03-30,30000000,2022-11-03,last_known_before_target,2024-03-30,25000000,2024-03-14,last_known_before_target,2025-03-30,25000000,2025-03-18,last_known_before_target,2026-03-30,15000000,2025-12-09,last_known_before_target,ok
2016,2016-03-30,9,Malcom,Corinthians,https://www.goal.com/en-sa/lists/nxgn-2016-best-wonderkids/ugt5ciaielx911wusivtpvw6p,323704,Malcom,1997-02-26,https://www.transfermarkt.us/malcom/profil/spieler/323704,1.08,automatic,matched,19,19.089,45000000,2018-03-20,observed_to_date,2016-03-30,10000000,2016-02-04,last_known_before_target,2017-03-30,10000000,2017-01-16,last_known_before_target,2018-03-30,45000000,2018-03-20,last_known_before_target,2019-03-30,40000000,2018-12-21,last_known_before_target,2020-03-30,40000000,2019-12-23,last_known_before_target,2021-03-30,24000000,2020-12-29,last_known_before_target,2022-03-30,22000000,2021-12-29,last_known_before_target,2023-03-30,24000000,2022-11-21,last_known_before_target,2024-03-30,30000000,2023-12-15,last_known_before_target,2025-03-30,25000000,2024-12-13,last_known_before_target,2026-03-30,20000000,2025-12-18,last_known_before_target,ok
2016,2016-03-30,8,Renato Sanches,Benfica,https://www.goal.com/en-sa/lists/nxgn-2016-best-wonderkids/ugt5ciaielx911wusivtpvw6p,258027,Renato Sanches,1997-08-18,https://www.transfermarkt.us/renato-sanches/profil/spieler/258027,1.08,automatic,matched,18,18.615,30000000,2016-07-22,observed_to_date,2016-03-30,10000000,2016-02-24,last_known_before_target,2017-03-30,30000000,2017-02-07,last_known_before_target,2018-03-30,22000000,2018-01-02,last_known_before_target,2019-03-30,20000000,2018-12-18,last_known_before_target,2020-03-30,20000000,2020-03-13,last_known_before_target,2021-03-30,28000000,2021-01-07,last_known_before_target,2022-03-30,30000000,2021-12-16,last_known_before_target,2023-03-30,20000000,2023-03-27,last_known_before_target,2024-03-30,8000000,2024-03-12,last_known_before_target,2025-03-30,5000000,2024-12-19,last_known_before_target,2026-03-30,2000000,2026-03-06,last_known_before_target,ok
2016,2016-03-30,7,Ante Coric,Dinamo Zagreb,https://www.goal.com/en-sa/lists/nxgn-2016-best-wonderkids/ugt5ciaielx911wusivtpvw6p,96630,Ante Coric,1997-04-14,https://www.transfermarkt.us/ante-coric/profil/spieler/96630,1.08,automatic,matched,18,18.96,10000000,2016-09-14,observed_to_date,2016-03-30,6000000,2016-03-14,last_known_before_target,2017-03-30,10000000,2017-03-13,last_known_before_target,2018-03-30,7500000,2018-03-18,last_known_before_target,2019-03-30,7000000,2018-12-20,last_known_before_target,2020-03-30,3000000,2019-12-20,last_known_before_target,2021-03-30,1000000,2021-01-06,last_known_before_target,2022-03-30,700000,2022-01-03,last_known_before_target,2023-03-30,400000,2023-03-21,last_known_before_target,2024-03-30,300000,2023-06-15,last_known_before_target,2025-03-30,150000,2024-12-23,last_known_before_target,2026-03-30,250000,2025-10-17,last_known_before_target,ok
2016,2016-03-30,6,Gerson,Roma,https://www.goal.com/en-sa/lists/nxgn-2016-best-wonderkids/ugt5ciaielx911wusivtpvw6p,341705,Gerson,1997-05-20,https://www.transfermarkt.us/gerson/profil/spieler/341705,1.08,automatic,matched,18,18.861,25000000,2025-03-28,observed_to_date,2016-03-30,10000000,2016-01-04,last_known_before_target,2017-03-30,9000000,2017-03-28,last_known_before_target,2018-03-30,10000000,2017-12-29,last_known_before_target,2019-03-30,15000000,2019-03-01,last_known_before_target,2020-03-30,14000000,2019-11-27,last_known_before_target,2021-03-30,14000000,2021-02-09,last_known_before_target,2022-03-30,18000000,2021-12-16,last_known_before_target,2023-03-30,18000000,2022-11-02,last_known_before_target,2024-03-30,15000000,2024-03-28,last_known_before_target,2025-03-30,25000000,2025-03-28,last_known_before_target,2026-03-30,20000000,2026-03-12,last_known_before_target,ok
2016,2016-03-30,5,Martin Odegaard,Real Madrid,https://www.goal.com/en-sa/lists/nxgn-2016-best-wonderkids/ugt5ciaielx911wusivtpvw6p,316264,Martin Ødegaard,1998-12-17,https://www.transfermarkt.us/martin-odegaard/profil/spieler/316264,1.006,automatic,matched,17,17.284,110000000,2024-05-27,observed_to_date,2016-03-30,4000000,2015-01-23,last_known_before_target,2017-03-30,2000000,2017-01-18,last_known_before_target,2018-03-30,3500000,2018-01-17,last_known_before_target,2019-03-30,8000000,2019-03-13,last_known_before_target,2020-03-30,50000000,2019-12-20,last_known_before_target,2021-03-30,40000000,2021-03-18,last_known_before_target,2022-03-30,42000000,2021-12-23,last_known_before_target,2023-03-30,80000000,2023-03-16,last_known_before_target,2024-03-30,95000000,2024-03-14,last_known_before_target,2025-03-30,100000000,2025-03-18,last_known_before_target,2026-03-30,65000000,2026-03-09,last_known_before_target,ok
2016,2016-03-30,4,Ruben Neves,Porto,https://www.goal.com/en-sa/lists/nxgn-2016-best-wonderkids/ugt5ciaielx911wusivtpvw6p,225161,Rúben Neves,1997-03-13,https://www.transfermarkt.us/ruben-neves/profil/spieler/225161,1.08,automatic,matched,19,19.048,50000000,2019-09-12,observed_to_date,2016-03-30,11000000,2016-02-24,last_known_before_target,2017-03-30,10000000,2017-02-22,last_known_before_target,2018-03-30,15000000,2018-02-27,last_known_before_target,2019-03-30,40000000,2018-12-19,last_known_before_target,2020-03-30,50000000,2019-12-10,last_known_before_target,2021-03-30,50000000,2021-03-18,last_known_before_target,2022-03-30,40000000,2021-12-23,last_known_before_target,2023-03-30,40000000,2022-11-03,last_known_before_target,2024-03-30,40000000,2023-12-15,last_known_before_target,2025-03-30,28000000,2024-12-13,last_known_before_target,2026-03-30,25000000,2025-12-18,last_known_before_target,ok
2016,2016-03-30,3,Gianluigi Donnarumma,AC Milan,https://www.goal.com/en-sa/lists/nxgn-2016-best-wonderkids/ugt5ciaielx911wusivtpvw6p,315858,Gianluigi Donnarumma,1999-02-25,https://www.transfermarkt.us/gianluigi-donnarumma/profil/spieler/315858,1.08,automatic,matched,17,17.093,65000000,2021-07-15,observed_to_date,2016-03-30,5000000,2016-01-04,last_known_before_target,2017-03-30,20000000,2017-01-02,last_known_before_target,2018-03-30,40000000,2017-12-29,last_known_before_target,2019-03-30,50000000,2019-03-01,last_known_before_target,2020-03-30,55000000,2019-12-12,last_known_before_target,2021-03-30,60000000,2020-12-29,last_known_before_target,2022-03-30,65000000,2021-12-16,last_known_before_target,2023-03-30,50000000,2022-11-02,last_known_before_target,2024-03-30,40000000,2023-12-18,last_known_before_target,2025-03-30,35000000,2024-12-10,last_known_before_target,2026-03-30,45000000,2025-12-09,last_known_before_target,ok
2016,2016-03-30,2,Breel Embolo,Basel,https://www.goal.com/en-sa/lists/nxgn-2016-best-wonderkids/ugt5ciaielx911wusivtpvw6p,237662,Breel Embolo,1997-02-14,https://www.transfermarkt.us/breel-embolo/profil/spieler/237662,1.08,automatic,matched,19,19.122,22000000,2016-07-22,observed_to_date,2016-03-30,16000000,2015-12-18,last_known_before_target,2017-03-30,20000000,2017-02-07,last_known_before_target,2018-03-30,18000000,2017-12-28,last_known_before_target,2019-03-30,12000000,2019-03-06,last_known_before_target,2020-03-30,16000000,2019-12-17,last_known_before_target,2021-03-30,16000000,2021-02-10,last_known_before_target,2022-03-30,14000000,2022-03-24,last_known_before_target,2023-03-30,22000000,2023-03-27,last_known_before_target,2024-03-30,12000000,2023-12-18,last_known_before_target,2025-03-30,12000000,2024-12-10,last_known_before_target,2026-03-30,12000000,2025-12-15,last_known_before_target,ok
2016,2016-03-30,1,Youri Tielemans,Anderlecht,https://www.goal.com/en-sa/lists/nxgn-2016-best-wonderkids/ugt5ciaielx911wusivtpvw6p,249565,Youri Tielemans,1997-05-07,https://www.transfermarkt.us/youri-tielemans/profil/spieler/249565,1.08,automatic,matched,18,18.897,55000000,2019-12-10,observed_to_date,2016-03-30,12000000,2016-02-07,last_known_before_target,2017-03-30,17000000,2017-01-21,last_known_before_target,2018-03-30,25000000,2018-01-24,last_known_before_target,2019-03-30,22000000,2019-03-05,last_known_before_target,2020-03-30,55000000,2019-12-10,last_known_before_target,2021-03-30,55000000,2021-03-18,last_known_before_target,2022-03-30,55000000,2021-12-23,last_known_before_target,2023-03-30,30000000,2023-03-16,last_known_before_target,2024-03-30,25000000,2024-03-14,last_known_before_target,2025-03-30,35000000,2025-03-18,last_known_before_target,2026-03-30,35000000,2025-12-09,last_known_before_target,ok
2017,2017-03-22,50,Diego Lainez,Club America,https://www.goal.com/en-sg/lists/nxgn-2017-best-wonderkids/1s31weojaayp31xxxt1jmf27l7,371174,Diego Lainez,2000-06-09,https://www.transfermarkt.us/diego-lainez/profil/spieler/371174,1.08,automatic,matched,16,16.783,14000000,2019-02-28,observed_to_date,2017-03-22,,,no_prior_valuation,2018-03-22,500000,2017-07-31,last_known_before_target,2019-03-22,14000000,2019-02-28,last_known_before_target,2020-03-22,10000000,2019-12-20,last_known_before_target,2021-03-22,7500000,2021-01-05,last_known_before_target,2022-03-22,3500000,2022-03-17,last_known_before_target,2023-03-22,2500000,2022-11-01,last_known_before_target,2024-03-22,3500000,2023-12-29,last_known_before_target,2025-03-22,3000000,2024-12-11,last_known_before_target,2026-03-22,5500000,2025-12-29,last_known_before_target,2027-03-22,,,target_not_yet_reached,ok
2017,2017-03-22,49,Takefusa Kubo,FC Tokyo,https://www.goal.com/en-sg/lists/nxgn-2017-best-wonderkids/1s31weojaayp31xxxt1jmf27l7,405398,Takefusa Kubo,2001-06-04,https://www.transfermarkt.us/takefusa-kubo/profil/spieler/405398,1.08,automatic,matched,15,15.798,60000000,2023-12-22,observed_to_date,2017-03-22,,,no_prior_valuation,2018-03-22,300000,2018-01-05,last_known_before_target,2019-03-22,500000,2019-01-05,last_known_before_target,2020-03-22,15000000,2019-12-20,last_known_before_target,2021-03-22,15000000,2021-03-19,last_known_before_target,2022-03-22,9000000,2022-03-21,last_known_before_target,2023-03-22,12000000,2022-11-07,last_known_before_target,2024-03-22,60000000,2023-12-22,last_known_before_target,2025-03-22,40000000,2024-12-27,last_known_before_target,2026-03-22,30000000,2025-12-12,last_known_before_target,2027-03-22,,,target_not_yet_reached,ok
2017,2017-03-22,48,Dujon Sterling,Chelsea,https://www.goal.com/en-sg/lists/nxgn-2017-best-wonderkids/1s31weojaayp31xxxt1jmf27l7,346315,Dujon Sterling,1999-10-24,https://www.transfermarkt.us/dujon-sterling/profil/spieler/346315,1.08,automatic,matched,17,17.41,4000000,2024-05-30,observed_to_date,2017-03-22,,,no_prior_valuation,2018-03-22,,,no_prior_valuation,2019-03-22,,,no_prior_valuation,2020-03-22,1000000,2020-02-27,last_known_before_target,2021-03-22,900000,2020-04-08,last_known_before_target,2022-03-22,1000000,2021-11-24,last_known_before_target,2023-03-22,800000,2022-10-27,last_known_before_target,2024-03-22,3000000,2024-03-20,last_known_before_target,2025-03-22,4000000,2024-12-03,last_known_before_target,2026-03-22,2500000,2025-12-10,last_known_before_target,2027-03-22,,,target_not_yet_reached,ok
2017,2017-03-22,47,Niklas Dorsch,Bayern Munich,https://www.goal.com/en-sg/lists/nxgn-2017-best-wonderkids/1s31weojaayp31xxxt1jmf27l7,251302,Niklas Dorsch,1998-01-15,https://www.transfermarkt.us/niklas-dorsch/profil/spieler/251302,1.08,automatic,matched,19,19.182,10000000,2021-12-22,observed_to_date,2017-03-22,200000,2017-02-07,last_known_before_target,2018-03-22,200000,2017-12-28,last_known_before_target,2019-03-22,1500000,2019-01-08,last_known_before_target,2020-03-22,5000000,2019-12-13,last_known_before_target,2021-03-22,7000000,2021-01-04,last_known_before_target,2022-03-22,10000000,2021-12-22,last_known_before_target,2023-03-22,10000000,2022-11-09,last_known_before_target,2024-03-22,7000000,2023-12-14,last_known_before_target,2025-03-22,3500000,2024-12-20,last_known_before_target,2026-03-22,3000000,2025-12-19,last_known_before_target,2027-03-22,,,target_not_yet_reached,ok
2017,2017-03-22,46,Kelechi Nwakali,Arsenal,https://www.goal.com/en-sg/lists/nxgn-2017-best-wonderkids/1s31weojaayp31xxxt1jmf27l7,383153,Kelechi Nwakali,1998-06-05,https://www.transfermarkt.us/kelechi-nwakali/profil/spieler/383153,1.08,automatic,matched,18,18.796,1000000,2021-06-24,observed_to_date,2017-03-22,100000,2017-02-02,last_known_before_target,2018-03-22,300000,2018-01-17,last_known_before_target,2019-03-22,300000,2019-02-12,last_known_before_target,2020-03-22,300000,2019-12-20,last_known_before_target,2021-03-22,700000,2021-01-05,last_known_before_target,2022-03-22,800000,2022-03-21,last_known_before_target,2023-03-22,700000,2022-12-29,last_known_before_target,2024-03-22,800000,2023-12-27,last_known_before_target,2025-03-22,500000,2024-12-27,last_known_before_target,2026-03-22,300000,2025-11-26,last_known_before_target,2027-03-22,,,target_not_yet_reached,ok
2017,2017-03-22,45,Pietro Pellegri,Genoa,https://www.goal.com/en-sg/lists/nxgn-2017-best-wonderkids/1s31weojaayp31xxxt1jmf27l7,364133,Pietro Pellegri,2001-03-17,https://www.transfermarkt.us/pietro-pellegri/profil/spieler/364133,1.08,automatic,matched,16,16.014,8000000,2017-12-29,observed_to_date,2017-03-22,,,no_prior_valuation,2018-03-22,8000000,2017-12-29,last_known_before_target,2019-03-22,8000000,2018-12-17,last_known_before_target,2020-03-22,7000000,2019-12-19,last_known_before_target,2021-03-22,6000000,2020-10-12,last_known_before_target,2022-03-22,5000000,2021-12-28,last_known_before_target,2023-03-22,4000000,2023-03-21,last_known_before_target,2024-03-22,3500000,2023-12-20,last_known_before_target,2025-03-22,3000000,2024-12-18,last_known_before_target,2026-03-22,1000000,2026-03-17,last_known_before_target,2027-03-22,,,target_not_yet_reached,ok
2017,2017-03-22,44,Dusan Vlahovic,Partizan,https://www.goal.com/en-sg/lists/nxgn-2017-best-wonderkids/1s31weojaayp31xxxt1jmf27l7,357498,Dušan Vlahović,2000-01-28,https://www.transfermarkt.us/dusan-vlahovic/profil/spieler/357498,1.08,automatic,matched,17,17.148,85000000,2022-03-15,observed_to_date,2017-03-22,500000,2016-12-18,last_known_before_target,2018-03-22,1000000,2018-01-10,last_known_before_target,2019-03-22,1000000,2018-12-20,last_known_before_target,2020-03-22,18000000,2020-03-03,last_known_before_target,2021-03-22,16000000,2020-12-29,last_known_before_target,2022-03-22,85000000,2022-03-15,last_known_before_target,2023-03-22,75000000,2023-03-21,last_known_before_target,2024-03-22,65000000,2024-03-12,last_known_before_target,2025-03-22,60000000,2024-12-18,last_known_before_target,2026-03-22,35000000,2025-12-23,last_known_before_target,2027-03-22,,,target_not_yet_reached,ok
2017,2017-03-22,43,Marcus Edwards,Tottenham,https://www.goal.com/en-sg/lists/nxgn-2017-best-wonderkids/1s31weojaayp31xxxt1jmf27l7,314367,Marcus Edwards,1998-12-03,https://www.transfermarkt.us/marcus-edwards/profil/spieler/314367,1.08,automatic,matched,18,18.3,30000000,2023-06-16,observed_to_date,2017-03-22,,,no_prior_valuation,2018-03-22,500000,2018-02-27,last_known_before_target,2019-03-22,1250000,2019-03-13,last_known_before_target,2020-03-22,3500000,2019-12-30,last_known_before_target,2021-03-22,13000000,2021-01-28,last_known_before_target,2022-03-22,13000000,2021-12-27,last_known_before_target,2023-03-22,25000000,2022-11-01,last_known_before_target,2024-03-22,25000000,2024-03-08,last_known_before_target,2025-03-22,15000000,2024-12-19,last_known_before_target,2026-03-22,8000000,2025-12-09,last_known_before_target,2027-03-22,,,target_not_yet_reached,ok
2017,2017-03-22,42,Jose Gomes,Benfica,https://www.goal.com/en-sg/lists/nxgn-2017-best-wonderkids/1s31weojaayp31xxxt1jmf27l7,342148,Zé Gomes,1999-04-08,https://www.transfermarkt.us/player/profil/spieler/342148,1.08,manual_override,matched,17,17.955,1000000,2017-06-30,observed_to_date,2017-03-22,750000,2016-09-30,last_known_before_target,2018-03-22,650000,2018-02-23,last_known_before_target,2019-03-22,500000,2019-02-12,last_known_before_target,2020-03-22,300000,2019-12-30,last_known_before_target,2021-03-22,150000,2020-11-02,last_known_before_target,2022-03-22,200000,2021-12-08,last_known_before_target,2023-03-22,250000,2023-03-15,last_known_before_target,2024-03-22,250000,2024-03-18,last_known_before_target,2025-03-22,275000,2024-11-15,last_known_before_target,2026-03-22,200000,2025-12-30,last_known_before_target,2027-03-22,,,target_not_yet_reached,ok
2017,2017-03-22,41,Andrea Pinamonti,Inter,https://www.goal.com/en-sg/lists/nxgn-2017-best-wonderkids/1s31weojaayp31xxxt1jmf27l7,315865,Andrea Pinamonti,1999-05-19,https://www.transfermarkt.us/andrea-pinamonti/profil/spieler/315865,1.08,automatic,matched,17,17.843,20000000,2022-06-07,observed_to_date,2017-03-22,500000,2017-01-13,last_known_before_target,2018-03-22,2000000,2017-12-29,last_known_before_target,2019-03-22,7000000,2019-03-01,last_known_before_target,2020-03-22,15000000,2019-12-12,last_known_before_target,2021-03-22,12000000,2020-12-29,last_known_before_target,2022-03-22,16000000,2021-12-28,last_known_before_target,2023-03-22,17000000,2023-03-21,last_known_before_target,2024-03-22,15000000,2023-12-20,last_known_before_target,2025-03-22,16000000,2024-12-18,last_known_before_target,2026-03-22,15000000,2025-12-23,last_known_before_target,2027-03-22,,,target_not_yet_reached,ok
2017,2017-03-22,40,Achraf Hakimi,Real Madrid,https://www.goal.com/en-sg/lists/nxgn-2017-best-wonderkids/1s31weojaayp31xxxt1jmf27l7,398073,Achraf Hakimi,1998-11-04,https://www.transfermarkt.us/achraf-hakimi/profil/spieler/398073,1.08,automatic,matched,18,18.38,80000000,2025-06-03,observed_to_date,2017-03-22,250000,2017-02-02,last_known_before_target,2018-03-22,5000000,2018-01-01,last_known_before_target,2019-03-22,30000000,2019-03-06,last_known_before_target,2020-03-22,60000000,2020-03-11,last_known_before_target,2021-03-22,50000000,2020-12-29,last_known_before_target,2022-03-22,70000000,2021-12-16,last_known_before_target,2023-03-22,70000000,2022-12-23,last_known_before_target,2024-03-22,65000000,2023-12-18,last_known_before_target,2025-03-22,60000000,2024-12-10,last_known_before_target,2026-03-22,80000000,2025-12-15,last_known_before_target,2027-03-22,,,target_not_yet_reached,ok
2017,2017-03-22,39,Brahim Diaz,Manchester City,https://www.goal.com/en-sg/lists/nxgn-2017-best-wonderkids/1s31weojaayp31xxxt1jmf27l7,314678,Brahim Díaz,1999-08-03,https://www.transfermarkt.us/brahim-diaz/profil/spieler/314678,1.08,automatic,matched,17,17.635,45000000,2025-03-21,observed_to_date,2017-03-22,,,no_prior_valuation,2018-03-22,,,no_prior_valuation,2019-03-22,17000000,2019-02-28,last_known_before_target,2020-03-22,15000000,2019-12-20,last_known_before_target,2021-03-22,14000000,2020-12-29,last_known_before_target,2022-03-22,22000000,2022-03-15,last_known_before_target,2023-03-22,20000000,2022-11-11,last_known_before_target,2024-03-22,35000000,2024-03-21,last_known_before_target,2025-03-22,45000000,2025-03-21,last_known_before_target,2026-03-22,35000000,2025-12-12,last_known_before_target,2027-03-22,,,target_not_yet_reached,ok
2017,2017-03-22,38,Leandrinho,Napoli,https://www.goal.com/en-sg/lists/nxgn-2017-best-wonderkids/1s31weojaayp31xxxt1jmf27l7,351898,Leandrinho,1998-10-11,https://www.transfermarkt.us/player/profil/spieler/351898,1.08,manual_override,matched,18,18.445,750000,2015-12-15,observed_to_date,2017-03-22,750000,2016-11-28,last_known_before_target,2018-03-22,700000,2017-12-29,last_known_before_target,2019-03-22,600000,2019-02-18,last_known_before_target,2020-03-22,400000,2019-12-12,last_known_before_target,2021-03-22,475000,2021-02-09,last_known_before_target,2022-03-22,475000,2021-12-17,last_known_before_target,2023-03-22,475000,2022-04-06,last_known_before_target,2024-03-22,300000,2023-12-11,last_known_before_target,2025-03-22,275000,2024-10-16,last_known_before_target,2026-03-22,0,2025-04-04,last_known_before_target,2027-03-22,,,target_not_yet_reached,ok
2017,2017-03-22,37,Angel Gomes,Manchester United,https://www.goal.com/en-sg/lists/nxgn-2017-best-wonderkids/1s31weojaayp31xxxt1jmf27l7,392770,Angel Gomes,2000-08-31,https://www.transfermarkt.us/angel-gomes/profil/spieler/392770,1.08,automatic,matched,16,16.556,28000000,2024-10-07,observed_to_date,2017-03-22,,,no_prior_valuation,2018-03-22,,,no_prior_valuation,2019-03-22,,,no_prior_valuation,2020-03-22,4000000,2019-08-07,last_known_before_target,2021-03-22,6000000,2021-01-28,last_known_before_target,2022-03-22,6000000,2021-12-16,last_known_before_target,2023-03-22,13000000,2022-11-02,last_known_before_target,2024-03-22,22000000,2024-03-19,last_known_before_target,2025-03-22,25000000,2024-12-10,last_known_before_target,2026-03-22,12000000,2026-03-09,last_known_before_target,2027-03-22,,,target_not_yet_reached,ok
2017,2017-03-22,36,Joaquin Ardaiz,Danubio,https://www.goal.com/en-sg/lists/nxgn-2017-best-wonderkids/1s31weojaayp31xxxt1jmf27l7,415550,Joaquín Ardaiz,1999-01-11,https://www.transfermarkt.us/joaquin-ardaiz/profil/spieler/415550,1.08,automatic,matched,18,18.193,1500000,2018-06-03,observed_to_date,2017-03-22,1000000,2017-02-22,last_known_before_target,2018-03-22,1300000,2018-01-09,last_known_before_target,2019-03-22,1500000,2019-01-21,last_known_before_target,2020-03-22,1000000,2020-01-06,last_known_before_target,2021-03-22,900000,2020-12-28,last_known_before_target,2022-03-22,450000,2022-01-03,last_known_before_target,2023-03-22,500000,2022-11-10,last_known_before_target,2024-03-22,600000,2023-12-29,last_known_before_target,2025-03-22,250000,2024-12-13,last_known_before_target,2026-03-22,300000,2026-03-18,last_known_before_target,2027-03-22,,,target_not_yet_reached,ok
2017,2017-03-22,35,Rui Pedro,Porto,https://www.goal.com/en-sg/lists/nxgn-2017-best-wonderkids/1s31weojaayp31xxxt1jmf27l7,328943,Rui Pedro,1998-03-20,https://www.transfermarkt.us/player/profil/spieler/328943,1.08,manual_override,matched,19,19.007,1250000,2017-06-30,observed_to_date,2017-03-22,75000,2016-09-30,last_known_before_target,2018-03-22,800000,2018-02-07,last_known_before_target,2019-03-22,350000,2019-02-12,last_known_before_target,2020-03-22,250000,2019-09-07,last_known_before_target,2021-03-22,150000,2020-11-02,last_known_before_target,2022-03-22,225000,2021-06-29,last_known_before_target,2023-03-22,400000,2022-12-15,last_known_before_target,2024-03-22,700000,2024-03-15,last_known_before_target,2025-03-22,600000,2025-03-20,last_known_before_target,2026-03-22,450000,2025-12-29,last_known_before_target,2027-03-22,,,target_not_yet_reached,ok
2017,2017-03-22,34,Ianis Hagi,Fiorentina,https://www.goal.com/en-sg/lists/nxgn-2017-best-wonderkids/1s31weojaayp31xxxt1jmf27l7,282076,Ianis Hagi,1998-10-22,https://www.transfermarkt.us/ianis-hagi/profil/spieler/282076,1.08,automatic,matched,18,18.415,7000000,2021-12-31,observed_to_date,2017-03-22,750000,2017-01-02,last_known_before_target,2018-03-22,750000,2017-12-29,last_known_before_target,2019-03-22,2500000,2018-12-23,last_known_before_target,2020-03-22,5000000,2020-02-05,last_known_before_target,2021-03-22,6000000,2021-01-18,last_known_before_target,2022-03-22,7000000,2021-12-31,last_known_before_target,2023-03-22,7000000,2022-12-13,last_known_before_target,2024-03-22,2500000,2024-03-21,last_known_before_target,2025-03-22,2000000,2025-03-12,last_known_before_target,2026-03-22,1800000,2025-12-17,last_known_before_target,2027-03-22,,,target_not_yet_reached,ok
2017,2017-03-22,33,Lincoln,Gremio,https://www.goal.com/en-sg/lists/nxgn-2017-best-wonderkids/1s31weojaayp31xxxt1jmf27l7,372046,Lincoln,2000-12-16,https://www.transfermarkt.us/lincoln/profil/spieler/372046,1.08,automatic,matched,16,16.263,6000000,2019-11-27,observed_to_date,2017-03-22,,,no_prior_valuation,2018-03-22,5000000,2017-12-07,last_known_before_target,2019-03-22,5000000,2019-02-18,last_known_before_target,2020-03-22,6000000,2019-11-27,last_known_before_target,2021-03-22,3500000,2021-01-29,last_known_before_target,2022-03-22,2400000,2022-01-14,last_known_before_target,2023-03-22,1700000,2022-06-28,last_known_before_target,2024-03-22,800000,2024-02-22,last_known_before_target,2025-03-22,350000,2024-12-17,last_known_before_target,2026-03-22,350000,2025-12-11,last_known_before_target,2027-03-22,,,target_not_yet_reached,ok
2017,2017-03-22,32,Ismaila Sarr,Metz,https://www.goal.com/en-sg/lists/nxgn-2017-best-wonderkids/1s31weojaayp31xxxt1jmf27l7,410225,Ismaïla Sarr,1998-02-25,https://www.transfermarkt.us/ismaila-sarr/profil/spieler/410225,1.08,automatic,matched,19,19.07,45000000,2026-07-22,observed_to_date,2017-03-22,1500000,2017-01-16,last_known_before_target,2018-03-22,14000000,2018-01-24,last_known_before_target,2019-03-22,27000000,2019-03-07,last_known_before_target,2020-03-22,27000000,2019-12-10,last_known_before_target,2021-03-22,20000000,2021-03-10,last_known_before_target,2022-03-22,27000000,2021-12-23,last_known_before_target,2023-03-22,22000000,2022-10-27,last_known_before_target,2024-03-22,20000000,2023-12-18,last_known_before_target,2025-03-22,22000000,2025-03-18,last_known_before_target,2026-03-22,35000000,2025-12-09,last_known_before_target,2027-03-22,,,target_not_yet_reached,ok
2017,2017-03-22,31,Carles Alena,Barcelona,https://www.goal.com/en-sg/lists/nxgn-2017-best-wonderkids/1s31weojaayp31xxxt1jmf27l7,284854,Carles Aleñá,1998-01-05,https://www.transfermarkt.us/carles-alena/profil/spieler/284854,1.08,automatic,matched,19,19.209,30000000,2019-06-11,observed_to_date,2017-03-22,1500000,2017-02-02,last_known_before_target,2018-03-22,10000000,2018-01-01,last_known_before_target,2019-03-22,25000000,2019-02-28,last_known_before_target,2020-03-22,20000000,2019-12-20,last_known_before_target,2021-03-22,15000000,2021-01-05,last_known_before_target,2022-03-22,9000000,2021-12-30,last_known_before_target,2023-03-22,10000000,2022-11-07,last_known_before_target,2024-03-22,3000000,2023-12-22,last_known_before_target,2025-03-22,2500000,2024-12-27,last_known_before_target,2026-03-22,3500000,2026-03-16,last_known_before_target,2027-03-22,,,target_not_yet_reached,ok
2017,2017-03-22,30,Tomas Conechny,San Lorenzo,https://www.goal.com/en-sg/lists/nxgn-2017-best-wonderkids/1s31weojaayp31xxxt1jmf27l7,401571,Tomás Conechny,1998-03-30,https://www.transfermarkt.us/tomas-conechny/profil/spieler/401571,1.08,automatic,matched,18,18.979,4500000,2024-03-11,observed_to_date,2017-03-22,1500000,2017-02-13,last_known_before_target,2018-03-22,2500000,2017-10-09,last_known_before_target,2019-03-22,1000000,2018-12-15,last_known_before_target,2020-03-22,800000,2019-11-30,last_known_before_target,2021-03-22,600000,2020-12-18,last_known_before_target,2022-03-22,400000,2022-01-01,last_known_before_target,2023-03-22,500000,2022-12-16,last_known_before_target,2024-03-22,4500000,2024-03-11,last_known_before_target,2025-03-22,2000000,2025-03-21,last_known_before_target,2026-03-22,2500000,2026-03-18,last_known_before_target,2027-03-22,,,target_not_yet_reached,ok
2017,2017-03-22,29,Matthijs de Ligt,Ajax,https://www.goal.com/en-sg/lists/nxgn-2017-best-wonderkids/1s31weojaayp31xxxt1jmf27l7,326031,Matthijs de Ligt,1999-08-12,https://www.transfermarkt.us/matthijs-de-ligt/profil/spieler/326031,1.08,automatic,matched,17,17.61,75000000,2019-06-12,observed_to_date,2017-03-22,1000000,2017-01-18,last_known_before_target,2018-03-22,16000000,2018-01-17,last_known_before_target,2019-03-22,70000000,2019-03-13,last_known_before_target,2020-03-22,75000000,2019-12-12,last_known_before_target,2021-03-22,75000000,2020-12-29,last_known_before_target,2022-03-22,70000000,2022-03-15,last_known_before_target,2023-03-22,70000000,2022-11-09,last_known_before_target,2024-03-22,65000000,2023-12-14,last_known_before_target,2025-03-22,40000000,2025-03-18,last_known_before_target,2026-03-22,40000000,2025-12-09,last_known_before_target,2027-03-22,,,target_not_yet_reached,ok
2017,2017-03-22,28,Nicolas Schiappacasse,Atletico Madrid,https://www.goal.com/en-sg/lists/nxgn-2017-best-wonderkids/1s31weojaayp31xxxt1jmf27l7,345473,Nicolás Schiappacasse,1999-01-12,https://www.transfermarkt.us/nicolas-schiappacasse/profil/spieler/345473,1.08,automatic,matched,18,18.191,1000000,2019-01-01,observed_to_date,2017-03-22,500000,2016-02-25,last_known_before_target,2018-03-22,500000,2018-01-01,last_known_before_target,2019-03-22,1000000,2019-01-01,last_known_before_target,2020-03-22,900000,2019-12-30,last_known_before_target,2021-03-22,800000,2020-12-29,last_known_before_target,2022-03-22,0,2022-03-15,last_known_before_target,2023-03-22,150000,2022-11-12,last_known_before_target,2024-03-22,300000,2024-03-11,last_known_before_target,2025-03-22,250000,2024-12-19,last_known_before_target,2026-03-22,150000,2025-12-18,last_known_before_target,2027-03-22,,,target_not_yet_reached,ok
2017,2017-03-22,27,Lorenzo Callegari,Paris Saint-Germain,https://www.goal.com/en-sg/lists/nxgn-2017-best-wonderkids/1s31weojaayp31xxxt1jmf27l7,362344,Lorenzo Callegari,1998-02-27,https://www.transfermarkt.us/lorenzo-callegari/profil/spieler/362344,1.08,automatic,matched,19,19.064,500000,2018-07-01,observed_to_date,2017-03-22,,,no_prior_valuation,2018-03-22,,,no_prior_valuation,2019-03-22,400000,2018-12-14,last_known_before_target,2020-03-22,300000,2019-06-20,last_known_before_target,2021-03-22,400000,2020-11-11,last_known_before_target,2022-03-22,350000,2021-12-27,last_known_before_target,2023-03-22,250000,2022-06-21,last_known_before_target,2024-03-22,250000,2023-11-10,last_known_before_target,2025-03-22,200000,2024-12-06,last_known_before_target,2026-03-22,200000,2025-11-18,last_known_before_target,2027-03-22,,,target_not_yet_reached,ok
2017,2017-03-22,26,Yann Karamoh,Caen,https://www.goal.com/en-sg/lists/nxgn-2017-best-wonderkids/1s31weojaayp31xxxt1jmf27l7,324804,Yann Karamoh,1998-07-08,https://www.transfermarkt.us/yann-karamoh/profil/spieler/324804,1.08,automatic,matched,18,18.705,10000000,2018-12-17,observed_to_date,2017-03-22,2000000,2017-01-16,last_known_before_target,2018-03-22,3000000,2017-12-29,last_known_before_target,2019-03-22,10000000,2018-12-17,last_known_before_target,2020-03-22,10000000,2019-12-12,last_known_before_target,2021-03-22,7500000,2020-12-29,last_known_before_target,2022-03-22,4200000,2022-01-04,last_known_before_target,2023-03-22,3000000,2022-11-11,last_known_before_target,2024-03-22,3000000,2023-12-20,last_known_before_target,2025-03-22,1800000,2024-12-18,last_known_before_target,2026-03-22,1500000,2025-12-18,last_known_before_target,2027-03-22,,,target_not_yet_reached,ok
2017,2017-03-22,25,Jonathan Ikone,Paris Saint-Germain,https://www.goal.com/en-sg/lists/nxgn-2017-best-wonderkids/1s31weojaayp31xxxt1jmf27l7,324690,Jonathan Ikoné,1998-05-02,https://www.transfermarkt.us/jonathan-ikone/profil/spieler/324690,1.08,automatic,matched,18,18.889,40000000,2020-03-13,observed_to_date,2017-03-22,250000,2016-07-01,last_known_before_target,2018-03-22,700000,2018-01-24,last_known_before_target,2019-03-22,9000000,2019-03-07,last_known_before_target,2020-03-22,40000000,2020-03-13,last_known_before_target,2021-03-22,28000000,2021-01-07,last_known_before_target,2022-03-22,22000000,2021-12-16,last_known_before_target,2023-03-22,16000000,2022-11-11,last_known_before_target,2024-03-22,13000000,2023-12-20,last_known_before_target,2025-03-22,8000000,2024-12-18,last_known_before_target,2026-03-22,5000000,2025-12-15,last_known_before_target,2027-03-22,,,target_not_yet_reached,ok
2017,2017-03-22,24,Ezequiel Barco,Independiente,https://www.goal.com/en-sg/lists/nxgn-2017-best-wonderkids/1s31weojaayp31xxxt1jmf27l7,456623,Esequiel Barco,1999-03-29,https://www.transfermarkt.us/esequiel-barco/profil/spieler/456623,0.969,automatic,matched,17,17.983,16000000,2026-05-26,observed_to_date,2017-03-22,2500000,2017-02-13,last_known_before_target,2018-03-22,8000000,2018-03-14,last_known_before_target,2019-03-22,8000000,2018-12-15,last_known_before_target,2020-03-22,10000000,2019-11-30,last_known_before_target,2021-03-22,10000000,2020-12-18,last_known_before_target,2022-03-22,10000000,2021-11-09,last_known_before_target,2023-03-22,7000000,2022-10-26,last_known_before_target,2024-03-22,9000000,2023-12-19,last_known_before_target,2025-03-22,14000000,2024-12-12,last_known_before_target,2026-03-22,14000000,2025-12-16,last_known_before_target,2027-03-22,,,target_not_yet_reached,ok
2017,2017-03-22,23,Trent Alexander-Arnold,Liverpool,https://www.goal.com/en-sg/lists/nxgn-2017-best-wonderkids/1s31weojaayp31xxxt1jmf27l7,314353,Trent Alexander-Arnold,1998-10-07,https://www.transfermarkt.us/trent-alexander-arnold/profil/spieler/314353,1.08,automatic,matched,18,18.456,110000000,2019-12-10,observed_to_date,2017-03-22,500000,2017-02-20,last_known_before_target,2018-03-22,8000000,2018-01-02,last_known_before_target,2019-03-22,50000000,2019-03-05,last_known_before_target,2020-03-22,110000000,2019-12-10,last_known_before_target,2021-03-22,100000000,2021-03-18,last_known_before_target,2022-03-22,80000000,2021-12-23,last_known_before_target,2023-03-22,65000000,2023-03-16,last_known_before_target,2024-03-22,70000000,2023-12-19,last_known_before_target,2025-03-22,75000000,2024-12-16,last_known_before_target,2026-03-22,65000000,2026-03-16,last_known_before_target,2027-03-22,,,target_not_yet_reached,ok
2017,2017-03-22,22,Moussa Diaby,Paris Saint-Germain,https://www.goal.com/en-sg/lists/nxgn-2017-best-wonderkids/1s31weojaayp31xxxt1jmf27l7,395516,Moussa Diaby,1999-07-07,https://www.transfermarkt.us/moussa-diaby/profil/spieler/395516,1.08,automatic,matched,17,17.709,60000000,2022-06-09,observed_to_date,2017-03-22,,,no_prior_valuation,2018-03-22,500000,2018-02-01,last_known_before_target,2019-03-22,12000000,2019-03-07,last_known_before_target,2020-03-22,30000000,2020-03-11,last_known_before_target,2021-03-22,38000000,2021-02-10,last_known_before_target,2022-03-22,45000000,2021-12-22,last_known_before_target,2023-03-22,50000000,2022-11-09,last_known_before_target,2024-03-22,55000000,2024-03-14,last_known_before_target,2025-03-22,35000000,2024-12-13,last_known_before_target,2026-03-22,28000000,2025-12-18,last_known_before_target,2027-03-22,,,target_not_yet_reached,ok
2017,2017-03-22,21,Justin Kluivert,Ajax,https://www.goal.com/en-sg/lists/nxgn-2017-best-wonderkids/1s31weojaayp31xxxt1jmf27l7,330659,Justin Kluivert,1999-05-05,https://www.transfermarkt.us/justin-kluivert/profil/spieler/330659,1.08,automatic,matched,17,17.881,35000000,2025-03-18,observed_to_date,2017-03-22,1000000,2017-02-02,last_known_before_target,2018-03-22,7500000,2018-01-17,last_known_before_target,2019-03-22,20000000,2018-12-20,last_known_before_target,2020-03-22,25000000,2019-12-12,last_known_before_target,2021-03-22,18000000,2021-02-10,last_known_before_target,2022-03-22,14000000,2021-12-16,last_known_before_target,2023-03-22,14000000,2022-11-07,last_known_before_target,2024-03-22,11000000,2023-12-19,last_known_before_target,2025-03-22,35000000,2025-03-18,last_known_before_target,2026-03-22,30000000,2026-03-09,last_known_before_target,2027-03-22,,,target_not_yet_reached,ok
2017,2017-03-22,20,Ben Woodburn,Liverpool,https://www.goal.com/en-sg/lists/nxgn-2017-best-wonderkids/1s31weojaayp31xxxt1jmf27l7,344015,Ben Woodburn,1999-10-15,https://www.transfermarkt.us/ben-woodburn/profil/spieler/344015,1.08,automatic,matched,17,17.435,5000000,2017-10-23,observed_to_date,2017-03-22,500000,2017-02-20,last_known_before_target,2018-03-22,5000000,2018-01-02,last_known_before_target,2019-03-22,5000000,2018-05-28,last_known_before_target,2020-03-22,5000000,2019-06-13,last_known_before_target,2021-03-22,3000000,2021-03-18,last_known_before_target,2022-03-22,1500000,2021-12-31,last_known_before_target,2023-03-22,1000000,2022-10-27,last_known_before_target,2024-03-22,700000,2024-03-07,last_known_before_target,2025-03-22,300000,2024-12-30,last_known_before_target,2026-03-22,300000,2025-11-26,last_known_before_target,2027-03-22,,,target_not_yet_reached,ok
2017,2017-03-22,19,Moise Kean,Juventus,https://www.goal.com/en-sg/lists/nxgn-2017-best-wonderkids/1s31weojaayp31xxxt1jmf27l7,364135,Moise Kean,2000-02-28,https://www.transfermarkt.us/moise-kean/profil/spieler/364135,1.08,automatic,matched,17,17.063,50000000,2025-06-17,observed_to_date,2017-03-22,600000,2016-11-14,last_known_before_target,2018-03-22,7000000,2017-12-29,last_known_before_target,2019-03-22,15000000,2018-12-20,last_known_before_target,2020-03-22,28000000,2020-03-09,last_known_before_target,2021-03-22,30000000,2021-01-07,last_known_before_target,2022-03-22,28000000,2022-03-15,last_known_before_target,2023-03-22,20000000,2022-11-11,last_known_before_target,2024-03-22,18000000,2023-12-20,last_known_before_target,2025-03-22,30000000,2024-12-18,last_known_before_target,2026-03-22,45000000,2025-12-23,last_known_before_target,2027-03-22,,,target_not_yet_reached,ok
2017,2017-03-22,18,Vincent Thill,Metz,https://www.goal.com/en-sg/lists/nxgn-2017-best-wonderkids/1s31weojaayp31xxxt1jmf27l7,316760,Vincent Thill,2000-02-04,https://www.transfermarkt.us/vincent-thill/profil/spieler/316760,1.08,automatic,matched,17,17.128,3000000,2018-01-24,observed_to_date,2017-03-22,400000,2017-01-16,last_known_before_target,2018-03-22,3000000,2018-01-24,last_known_before_target,2019-03-22,3000000,2018-06-04,last_known_before_target,2020-03-22,2000000,2020-01-06,last_known_before_target,2021-03-22,1000000,2021-01-28,last_known_before_target,2022-03-22,1000000,2021-12-20,last_known_before_target,2023-03-22,900000,2022-12-14,last_known_before_target,2024-03-22,700000,2023-12-27,last_known_before_target,2025-03-22,500000,2024-12-27,last_known_before_target,2026-03-22,350000,2025-10-21,last_known_before_target,2027-03-22,,,target_not_yet_reached,ok
2017,2017-03-22,17,Reece Oxford,West Ham,https://www.goal.com/en-sg/lists/nxgn-2017-best-wonderkids/1s31weojaayp31xxxt1jmf27l7,314295,Reece Oxford,1998-12-16,https://www.transfermarkt.us/reece-oxford/profil/spieler/314295,1.08,automatic,matched,18,18.265,12000000,2022-06-09,observed_to_date,2017-03-22,4000000,2017-02-27,last_known_before_target,2018-03-22,5000000,2017-12-28,last_known_before_target,2019-03-22,7000000,2018-12-19,last_known_before_target,2020-03-22,2500000,2019-12-17,last_known_before_target,2021-03-22,3000000,2021-02-10,last_known_before_target,2022-03-22,8000000,2021-12-22,last_known_before_target,2023-03-22,12000000,2022-11-09,last_known_before_target,2024-03-22,2000000,2023-12-14,last_known_before_target,2025-03-22,500000,2024-12-20,last_known_before_target,2026-03-22,450000,2025-10-21,last_known_before_target,2027-03-22,,,target_not_yet_reached,ok
2017,2017-03-22,16,Sergio Diaz,Real Madrid,https://www.goal.com/en-sg/lists/nxgn-2017-best-wonderkids/1s31weojaayp31xxxt1jmf27l7,340179,Sergio Díaz,1998-03-05,https://www.transfermarkt.us/sergio-diaz/profil/spieler/340179,1.08,automatic,matched,19,19.048,1000000,2016-08-01,observed_to_date,2017-03-22,1000000,2017-02-02,last_known_before_target,2018-03-22,1000000,2018-01-01,last_known_before_target,2019-03-22,1000000,2019-02-18,last_known_before_target,2020-03-22,900000,2020-03-02,last_known_before_target,2021-03-22,800000,2020-12-18,last_known_before_target,2022-03-22,700000,2021-10-28,last_known_before_target,2023-03-22,500000,2022-11-30,last_known_before_target,2024-03-22,300000,2023-12-20,last_known_before_target,2025-03-22,350000,2024-12-18,last_known_before_target,2026-03-22,250000,2025-12-02,last_known_before_target,2027-03-22,,,target_not_yet_reached,ok
2017,2017-03-22,15,Ryan Sessegnon,Fulham,https://www.goal.com/en-sg/lists/nxgn-2017-best-wonderkids/1s31weojaayp31xxxt1jmf27l7,392775,Ryan Sessegnon,2000-05-18,https://www.transfermarkt.us/ryan-sessegnon/profil/spieler/392775,1.08,automatic,matched,16,16.844,35000000,2018-08-13,observed_to_date,2017-03-22,3000000,2017-02-27,last_known_before_target,2018-03-22,25000000,2018-02-27,last_known_before_target,2019-03-22,35000000,2018-12-19,last_known_before_target,2020-03-22,35000000,2019-12-10,last_known_before_target,2021-03-22,20000000,2021-02-10,last_known_before_target,2022-03-22,15000000,2021-12-23,last_known_before_target,2023-03-22,22000000,2022-11-03,last_known_before_target,2024-03-22,13000000,2023-12-19,last_known_before_target,2025-03-22,9000000,2024-12-16,last_known_before_target,2026-03-22,20000000,2025-12-09,last_known_before_target,2027-03-22,,,target_not_yet_reached,ok
2017,2017-03-22,14,Kai Havertz,Bayer Leverkusen,https://www.goal.com/en-sg/lists/nxgn-2017-best-wonderkids/1s31weojaayp31xxxt1jmf27l7,309400,Kai Havertz,1999-06-11,https://www.transfermarkt.us/kai-havertz/profil/spieler/309400,1.08,automatic,matched,17,17.78,90000000,2019-06-05,observed_to_date,2017-03-22,1500000,2017-02-07,last_known_before_target,2018-03-22,18000000,2017-12-28,last_known_before_target,2019-03-22,65000000,2018-12-18,last_known_before_target,2020-03-22,90000000,2019-12-17,last_known_before_target,2021-03-22,70000000,2021-03-18,last_known_before_target,2022-03-22,70000000,2021-12-23,last_known_before_target,2023-03-22,60000000,2023-03-16,last_known_before_target,2024-03-22,60000000,2024-03-14,last_known_before_target,2025-03-22,70000000,2025-03-18,last_known_before_target,2026-03-22,50000000,2026-03-09,last_known_before_target,2027-03-22,,,target_not_yet_reached,ok
2017,2017-03-22,13,Tom Davies,Everton,https://www.goal.com/en-sg/lists/nxgn-2017-best-wonderkids/1s31weojaayp31xxxt1jmf27l7,314210,Tom Davies,1998-06-30,https://www.transfermarkt.us/tom-davies/profil/spieler/314210,1.08,automatic,matched,18,18.727,18000000,2019-12-10,observed_to_date,2017-03-22,1500000,2017-02-20,last_known_before_target,2018-03-22,15000000,2018-01-02,last_known_before_target,2019-03-22,15000000,2018-12-19,last_known_before_target,2020-03-22,18000000,2019-12-10,last_known_before_target,2021-03-22,16000000,2021-03-18,last_known_before_target,2022-03-22,18000000,2021-12-23,last_known_before_target,2023-03-22,12000000,2022-11-03,last_known_before_target,2024-03-22,6000000,2023-12-19,last_known_before_target,2025-03-22,4500000,2024-12-30,last_known_before_target,2026-03-22,3000000,2025-12-03,last_known_before_target,2027-03-22,,,target_not_yet_reached,ok
2017,2017-03-22,12,Josip Brekalo,Wolfsburg,https://www.goal.com/en-sg/lists/nxgn-2017-best-wonderkids/1s31weojaayp31xxxt1jmf27l7,293169,Josip Brekalo,1998-06-23,https://www.transfermarkt.us/josip-brekalo/profil/spieler/293169,1.08,automatic,matched,18,18.746,15000000,2019-10-02,observed_to_date,2017-03-22,3000000,2017-02-07,last_known_before_target,2018-03-22,3500000,2017-12-28,last_known_before_target,2019-03-22,12000000,2018-12-18,last_known_before_target,2020-03-22,15000000,2019-12-17,last_known_before_target,2021-03-22,12000000,2021-02-10,last_known_before_target,2022-03-22,15000000,2022-03-15,last_known_before_target,2023-03-22,6500000,2023-03-21,last_known_before_target,2024-03-22,4500000,2023-12-20,last_known_before_target,2025-03-22,3400000,2025-03-20,last_known_before_target,2026-03-22,2500000,2025-12-12,last_known_before_target,2027-03-22,,,target_not_yet_reached,ok
2017,2017-03-22,11,Dayot Upamecano,RB Leipzig,https://www.goal.com/en-sg/lists/nxgn-2017-best-wonderkids/1s31weojaayp31xxxt1jmf27l7,344695,Dayot Upamecano,1998-10-27,https://www.transfermarkt.us/dayot-upamecano/profil/spieler/344695,1.08,automatic,matched,18,18.401,75000000,2026-07-22,observed_to_date,2017-03-22,5000000,2016-12-22,last_known_before_target,2018-03-22,20000000,2017-12-28,last_known_before_target,2019-03-22,30000000,2018-12-18,last_known_before_target,2020-03-22,50000000,2019-12-17,last_known_before_target,2021-03-22,60000000,2021-02-10,last_known_before_target,2022-03-22,55000000,2021-12-22,last_known_before_target,2023-03-22,60000000,2022-12-23,last_known_before_target,2024-03-22,60000000,2023-12-14,last_known_before_target,2025-03-22,50000000,2024-12-20,last_known_before_target,2026-03-22,70000000,2025-12-19,last_known_before_target,2027-03-22,,,target_not_yet_reached,ok
2017,2017-03-22,10,Timothy Fosu-Mensah,Manchester United,https://www.goal.com/en-sg/lists/nxgn-2017-best-wonderkids/1s31weojaayp31xxxt1jmf27l7,315131,Timothy Fosu-Mensah,1998-01-02,https://www.transfermarkt.us/timothy-fosu-mensah/profil/spieler/315131,1.08,automatic,matched,19,19.217,7000000,2018-01-02,observed_to_date,2017-03-22,1000000,2017-02-20,last_known_before_target,2018-03-22,7000000,2018-01-02,last_known_before_target,2019-03-22,7000000,2018-12-19,last_known_before_target,2020-03-22,7000000,2019-12-10,last_known_before_target,2021-03-22,4000000,2020-12-17,last_known_before_target,2022-03-22,4000000,2021-12-22,last_known_before_target,2023-03-22,3000000,2022-11-09,last_known_before_target,2024-03-22,1500000,2023-12-14,last_known_before_target,2025-03-22,700000,2024-10-16,last_known_before_target,2026-03-22,350000,2025-10-21,last_known_before_target,2027-03-22,,,target_not_yet_reached,ok
2017,2017-03-22,9,Martin Odegaard,Real Madrid,https://www.goal.com/en-sg/lists/nxgn-2017-best-wonderkids/1s31weojaayp31xxxt1jmf27l7,316264,Martin Ødegaard,1998-12-17,https://www.transfermarkt.us/martin-odegaard/profil/spieler/316264,1.006,automatic,matched,18,18.262,110000000,2024-05-27,observed_to_date,2017-03-22,2000000,2017-01-18,last_known_before_target,2018-03-22,3500000,2018-01-17,last_known_before_target,2019-03-22,8000000,2019-03-13,last_known_before_target,2020-03-22,50000000,2019-12-20,last_known_before_target,2021-03-22,40000000,2021-03-18,last_known_before_target,2022-03-22,42000000,2021-12-23,last_known_before_target,2023-03-22,80000000,2023-03-16,last_known_before_target,2024-03-22,95000000,2024-03-14,last_known_before_target,2025-03-22,100000000,2025-03-18,last_known_before_target,2026-03-22,65000000,2026-03-09,last_known_before_target,2027-03-22,,,target_not_yet_reached,ok
2017,2017-03-22,8,Felix Passlack,Borussia Dortmund,https://www.goal.com/en-sg/lists/nxgn-2017-best-wonderkids/1s31weojaayp31xxxt1jmf27l7,274461,Felix Passlack,1998-05-29,https://www.transfermarkt.us/felix-passlack/profil/spieler/274461,1.08,automatic,matched,18,18.815,3000000,2016-10-13,observed_to_date,2017-03-22,3000000,2017-02-07,last_known_before_target,2018-03-22,2500000,2017-12-28,last_known_before_target,2019-03-22,1500000,2018-06-05,last_known_before_target,2020-03-22,1500000,2019-12-18,last_known_before_target,2021-03-22,2500000,2021-02-10,last_known_before_target,2022-03-22,2500000,2021-12-22,last_known_before_target,2023-03-22,1500000,2022-11-09,last_known_before_target,2024-03-22,1500000,2023-12-14,last_known_before_target,2025-03-22,2000000,2024-12-20,last_known_before_target,2026-03-22,700000,2026-03-05,last_known_before_target,2027-03-22,,,target_not_yet_reached,ok
2017,2017-03-22,7,Malang Sarr,Nice,https://www.goal.com/en-sg/lists/nxgn-2017-best-wonderkids/1s31weojaayp31xxxt1jmf27l7,344596,Malang Sarr,1999-01-23,https://www.transfermarkt.us/malang-sarr/profil/spieler/344596,1.08,automatic,matched,18,18.161,20000000,2026-06-01,observed_to_date,2017-03-22,3500000,2017-01-16,last_known_before_target,2018-03-22,15000000,2018-01-24,last_known_before_target,2019-03-22,17000000,2018-12-17,last_known_before_target,2020-03-22,18000000,2019-12-19,last_known_before_target,2021-03-22,16000000,2021-01-28,last_known_before_target,2022-03-22,6000000,2021-12-23,last_known_before_target,2023-03-22,8000000,2022-11-02,last_known_before_target,2024-03-22,4000000,2023-12-19,last_known_before_target,2025-03-22,3000000,2024-12-10,last_known_before_target,2026-03-22,10000000,2025-12-15,last_known_before_target,2027-03-22,,,target_not_yet_reached,ok
2017,2017-03-22,6,Manuel Locatelli,AC Milan,https://www.goal.com/en-sg/lists/nxgn-2017-best-wonderkids/1s31weojaayp31xxxt1jmf27l7,265088,Manuel Locatelli,1998-01-08,https://www.transfermarkt.us/manuel-locatelli/profil/spieler/265088,1.08,automatic,matched,19,19.201,35000000,2020-12-29,observed_to_date,2017-03-22,5000000,2017-01-02,last_known_before_target,2018-03-22,7000000,2017-12-29,last_known_before_target,2019-03-22,12000000,2019-02-26,last_known_before_target,2020-03-22,17000000,2020-03-03,last_known_before_target,2021-03-22,35000000,2020-12-29,last_known_before_target,2022-03-22,35000000,2021-12-28,last_known_before_target,2023-03-22,30000000,2022-11-11,last_known_before_target,2024-03-22,33000000,2023-12-20,last_known_before_target,2025-03-22,28000000,2024-12-18,last_known_before_target,2026-03-22,25000000,2025-12-23,last_known_before_target,2027-03-22,,,target_not_yet_reached,ok
2017,2017-03-22,5,Alexander Isak,Borussia Dortmund,https://www.goal.com/en-sg/lists/nxgn-2017-best-wonderkids/1s31weojaayp31xxxt1jmf27l7,349066,Alexander Isak,1999-09-21,https://www.transfermarkt.us/alexander-isak/profil/spieler/349066,1.08,automatic,matched,17,17.501,140000000,2025-10-17,observed_to_date,2017-03-22,6000000,2017-02-07,last_known_before_target,2018-03-22,6000000,2017-12-28,last_known_before_target,2019-03-22,3000000,2018-12-18,last_known_before_target,2020-03-22,25000000,2020-02-11,last_known_before_target,2021-03-22,30000000,2021-03-19,last_known_before_target,2022-03-22,40000000,2021-12-30,last_known_before_target,2023-03-22,50000000,2022-11-03,last_known_before_target,2024-03-22,70000000,2023-12-19,last_known_before_target,2025-03-22,100000000,2025-03-18,last_known_before_target,2026-03-22,100000000,2026-03-09,last_known_before_target,2027-03-22,,,target_not_yet_reached,ok
2017,2017-03-22,4,Alban Lafont,Toulouse,https://www.goal.com/en-sg/lists/nxgn-2017-best-wonderkids/1s31weojaayp31xxxt1jmf27l7,357117,Alban Lafont,1999-01-23,https://www.transfermarkt.us/alban-lafont/profil/spieler/357117,1.08,automatic,matched,18,18.161,20000000,2023-03-27,observed_to_date,2017-03-22,6500000,2017-01-16,last_known_before_target,2018-03-22,18000000,2018-01-24,last_known_before_target,2019-03-22,17000000,2019-03-01,last_known_before_target,2020-03-22,12000000,2019-12-19,last_known_before_target,2021-03-22,12500000,2020-10-15,last_known_before_target,2022-03-22,10000000,2021-12-16,last_known_before_target,2023-03-22,16000000,2022-11-02,last_known_before_target,2024-03-22,10000000,2024-03-19,last_known_before_target,2025-03-22,7000000,2024-12-10,last_known_before_target,2026-03-22,3000000,2025-12-12,last_known_before_target,2027-03-22,,,target_not_yet_reached,ok
2017,2017-03-22,3,Christian Pulisic,Borussia Dortmund,https://www.goal.com/en-sg/lists/nxgn-2017-best-wonderkids/1s31weojaayp31xxxt1jmf27l7,315779,Christian Pulisic,1998-09-18,https://www.transfermarkt.us/christian-pulisic/profil/spieler/315779,1.08,automatic,matched,18,18.508,60000000,2019-03-06,observed_to_date,2017-03-22,12000000,2017-02-07,last_known_before_target,2018-03-22,45000000,2017-12-28,last_known_before_target,2019-03-22,60000000,2019-03-06,last_known_before_target,2020-03-22,60000000,2019-12-10,last_known_before_target,2021-03-22,50000000,2021-03-18,last_known_before_target,2022-03-22,45000000,2021-12-23,last_known_before_target,2023-03-22,32000000,2023-03-16,last_known_before_target,2024-03-22,32000000,2023-12-20,last_known_before_target,2025-03-22,50000000,2024-12-18,last_known_before_target,2026-03-22,60000000,2025-12-23,last_known_before_target,2027-03-22,,,target_not_yet_reached,ok
2017,2017-03-22,2,Kylian Mbappe,Monaco,https://www.goal.com/en-sg/lists/nxgn-2017-best-wonderkids/1s31weojaayp31xxxt1jmf27l7,342229,Kylian Mbappé,1998-12-20,https://www.transfermarkt.us/kylian-mbappe/profil/spieler/342229,1.08,automatic,matched,18,18.254,200000000,2018-12-17,observed_to_date,2017-03-22,10000000,2017-01-16,last_known_before_target,2018-03-22,120000000,2018-01-24,last_known_before_target,2019-03-22,200000000,2018-12-17,last_known_before_target,2020-03-22,200000000,2019-12-19,last_known_before_target,2021-03-22,180000000,2020-10-15,last_known_before_target,2022-03-22,160000000,2021-12-16,last_known_before_target,2023-03-22,180000000,2022-12-23,last_known_before_target,2024-03-22,180000000,2023-12-18,last_known_before_target,2025-03-22,170000000,2025-03-21,last_known_before_target,2026-03-22,200000000,2025-12-12,last_known_before_target,2027-03-22,,,target_not_yet_reached,ok
2017,2017-03-22,1,Gianluigi Donnarumma,AC Milan,https://www.goal.com/en-sg/lists/nxgn-2017-best-wonderkids/1s31weojaayp31xxxt1jmf27l7,315858,Gianluigi Donnarumma,1999-02-25,https://www.transfermarkt.us/gianluigi-donnarumma/profil/spieler/315858,1.08,automatic,matched,18,18.07,65000000,2021-07-15,observed_to_date,2017-03-22,20000000,2017-01-02,last_known_before_target,2018-03-22,40000000,2017-12-29,last_known_before_target,2019-03-22,50000000,2019-03-01,last_known_before_target,2020-03-22,55000000,2019-12-12,last_known_before_target,2021-03-22,60000000,2020-12-29,last_known_before_target,2022-03-22,65000000,2021-12-16,last_known_before_target,2023-03-22,50000000,2022-11-02,last_known_before_target,2024-03-22,40000000,2023-12-18,last_known_before_target,2025-03-22,35000000,2024-12-10,last_known_before_target,2026-03-22,45000000,2025-12-09,last_known_before_target,2027-03-22,,,target_not_yet_reached,ok
2018,2018-03-28,5,Phil Foden,Manchester City,https://www.goal.com/en/lists/nxgn-2018-best-wonderkids/j8uigmkjv2yp1mb9l1xo61je0,406635,Phil Foden,2000-05-28,https://www.transfermarkt.us/phil-foden/profil/spieler/406635,1.08,automatic,matched,17,17.832,150000000,2024-05-27,observed_to_date,2018-03-28,5000000,2018-01-02,last_known_before_target,2019-03-28,25000000,2019-03-05,last_known_before_target,2020-03-28,30000000,2019-12-10,last_known_before_target,2021-03-28,70000000,2021-03-18,last_known_before_target,2022-03-28,85000000,2021-12-23,last_known_before_target,2023-03-28,110000000,2022-11-03,last_known_before_target,2024-03-28,130000000,2024-03-14,last_known_before_target,2025-03-28,130000000,2025-03-18,last_known_before_target,2026-03-28,80000000,2025-12-09,last_known_before_target,2027-03-28,,,target_not_yet_reached,2028-03-28,,,target_not_yet_reached,ok
2018,2018-03-28,4,Matthijs de Ligt,Ajax,https://www.goal.com/en/lists/nxgn-2018-best-wonderkids/j8uigmkjv2yp1mb9l1xo61je0,326031,Matthijs de Ligt,1999-08-12,https://www.transfermarkt.us/matthijs-de-ligt/profil/spieler/326031,1.08,automatic,matched,18,18.626,75000000,2019-06-12,observed_to_date,2018-03-28,25000000,2018-03-27,last_known_before_target,2019-03-28,70000000,2019-03-13,last_known_before_target,2020-03-28,75000000,2019-12-12,last_known_before_target,2021-03-28,75000000,2020-12-29,last_known_before_target,2022-03-28,70000000,2022-03-15,last_known_before_target,2023-03-28,70000000,2022-11-09,last_known_before_target,2024-03-28,65000000,2023-12-14,last_known_before_target,2025-03-28,40000000,2025-03-18,last_known_before_target,2026-03-28,40000000,2025-12-09,last_known_before_target,2027-03-28,,,target_not_yet_reached,2028-03-28,,,target_not_yet_reached,ok
2018,2018-03-28,3,Vinicius Jr,Real Madrid,https://www.goal.com/en/lists/nxgn-2018-best-wonderkids/j8uigmkjv2yp1mb9l1xo61je0,371998,Vinicius Junior,2000-07-12,https://www.transfermarkt.us/vinicius-junior/profil/spieler/371998,0.886,automatic,matched,17,17.709,200000000,2024-10-11,observed_to_date,2018-03-28,20000000,2017-12-07,last_known_before_target,2019-03-28,70000000,2019-02-28,last_known_before_target,2020-03-28,50000000,2019-12-20,last_known_before_target,2021-03-28,40000000,2021-01-05,last_known_before_target,2022-03-28,100000000,2021-12-30,last_known_before_target,2023-03-28,120000000,2022-11-07,last_known_before_target,2024-03-28,150000000,2023-12-22,last_known_before_target,2025-03-28,200000000,2024-12-27,last_known_before_target,2026-03-28,150000000,2025-12-12,last_known_before_target,2027-03-28,,,target_not_yet_reached,2028-03-28,,,target_not_yet_reached,ok
2018,2018-03-28,2,Gianluigi Donnarumma,AC Milan,https://www.goal.com/en/lists/nxgn-2018-best-wonderkids/j8uigmkjv2yp1mb9l1xo61je0,315858,Gianluigi Donnarumma,1999-02-25,https://www.transfermarkt.us/gianluigi-donnarumma/profil/spieler/315858,1.08,automatic,matched,19,19.086,65000000,2021-07-15,observed_to_date,2018-03-28,40000000,2017-12-29,last_known_before_target,2019-03-28,50000000,2019-03-01,last_known_before_target,2020-03-28,55000000,2019-12-12,last_known_before_target,2021-03-28,60000000,2020-12-29,last_known_before_target,2022-03-28,65000000,2021-12-16,last_known_before_target,2023-03-28,50000000,2022-11-02,last_known_before_target,2024-03-28,40000000,2023-12-18,last_known_before_target,2025-03-28,35000000,2024-12-10,last_known_before_target,2026-03-28,45000000,2025-12-09,last_known_before_target,2027-03-28,,,target_not_yet_reached,2028-03-28,,,target_not_yet_reached,ok
2018,2018-03-28,1,Justin Kluivert,Ajax,https://www.goal.com/en/lists/nxgn-2018-best-wonderkids/j8uigmkjv2yp1mb9l1xo61je0,330659,Justin Kluivert,1999-05-05,https://www.transfermarkt.us/justin-kluivert/profil/spieler/330659,1.08,automatic,matched,18,18.897,35000000,2025-03-18,observed_to_date,2018-03-28,7500000,2018-01-17,last_known_before_target,2019-03-28,20000000,2018-12-20,last_known_before_target,2020-03-28,25000000,2019-12-12,last_known_before_target,2021-03-28,18000000,2021-02-10,last_known_before_target,2022-03-28,15000000,2022-03-23,last_known_before_target,2023-03-28,12000000,2023-03-23,last_known_before_target,2024-03-28,11000000,2023-12-19,last_known_before_target,2025-03-28,35000000,2025-03-18,last_known_before_target,2026-03-28,30000000,2026-03-09,last_known_before_target,2027-03-28,,,target_not_yet_reached,2028-03-28,,,target_not_yet_reached,ok
2018,2018-03-28,,Abel Ruiz,Barcelona,https://www.goal.com/en/lists/nxgn-2018-best-wonderkids/j8uigmkjv2yp1mb9l1xo61je0,340376,Abel Ruiz,2000-01-28,https://www.transfermarkt.us/abel-ruiz/profil/spieler/340376,1.08,automatic,matched,18,18.163,14000000,2023-07-12,observed_to_date,2018-03-28,3000000,2018-01-01,last_known_before_target,2019-03-28,3000000,2019-02-19,last_known_before_target,2020-03-28,5000000,2020-02-11,last_known_before_target,2021-03-28,7000000,2021-03-25,last_known_before_target,2022-03-28,7000000,2021-12-27,last_known_before_target,2023-03-28,8000000,2023-03-02,last_known_before_target,2024-03-28,12000000,2023-12-27,last_known_before_target,2025-03-28,6000000,2025-03-21,last_known_before_target,2026-03-28,2500000,2026-03-16,last_known_before_target,2027-03-28,,,target_not_yet_reached,2028-03-28,,,target_not_yet_reached,ok
2018,2018-03-28,,Alan,Palmeiras,https://www.goal.com/en/lists/nxgn-2018-best-wonderkids/j8uigmkjv2yp1mb9l1xo61je0,428786,Alan,2000-03-08,https://www.transfermarkt.us/player/profil/spieler/428786,1.08,manual_override,matched,18,18.054,5000000,2026-05-28,observed_to_date,2018-03-28,,,no_prior_valuation,2019-03-28,,,no_prior_valuation,2020-03-28,100000,2020-02-20,last_known_before_target,2021-03-28,250000,2021-02-09,last_known_before_target,2022-03-28,450000,2021-12-03,last_known_before_target,2023-03-28,450000,2022-12-28,last_known_before_target,2024-03-28,2000000,2023-12-27,last_known_before_target,2025-03-28,3000000,2024-12-19,last_known_before_target,2026-03-28,4000000,2025-12-18,last_known_before_target,2027-03-28,,,target_not_yet_reached,2028-03-28,,,target_not_yet_reached,ok
2018,2018-03-28,,Alban Lafont,Toulouse,https://www.goal.com/en/lists/nxgn-2018-best-wonderkids/j8uigmkjv2yp1mb9l1xo61je0,357117,Alban Lafont,1999-01-23,https://www.transfermarkt.us/alban-lafont/profil/spieler/357117,1.08,automatic,matched,19,19.176,20000000,2023-03-27,observed_to_date,2018-03-28,18000000,2018-01-24,last_known_before_target,2019-03-28,17000000,2019-03-01,last_known_before_target,2020-03-28,12000000,2019-12-19,last_known_before_target,2021-03-28,12500000,2020-10-15,last_known_before_target,2022-03-28,14000000,2022-03-23,last_known_before_target,2023-03-28,20000000,2023-03-27,last_known_before_target,2024-03-28,10000000,2024-03-19,last_known_before_target,2025-03-28,4000000,2025-03-24,last_known_before_target,2026-03-28,3000000,2025-12-12,last_known_before_target,2027-03-28,,,target_not_yet_reached,2028-03-28,,,target_not_yet_reached,ok
2018,2018-03-28,,Alexander Isak,Borussia Dortmund,https://www.goal.com/en/lists/nxgn-2018-best-wonderkids/j8uigmkjv2yp1mb9l1xo61je0,349066,Alexander Isak,1999-09-21,https://www.transfermarkt.us/alexander-isak/profil/spieler/349066,1.08,automatic,matched,18,18.516,140000000,2025-10-17,observed_to_date,2018-03-28,6000000,2017-12-28,last_known_before_target,2019-03-28,3000000,2018-12-18,last_known_before_target,2020-03-28,25000000,2020-02-11,last_known_before_target,2021-03-28,30000000,2021-03-19,last_known_before_target,2022-03-28,40000000,2021-12-30,last_known_before_target,2023-03-28,50000000,2022-11-03,last_known_before_target,2024-03-28,70000000,2023-12-19,last_known_before_target,2025-03-28,100000000,2025-03-18,last_known_before_target,2026-03-28,100000000,2026-03-09,last_known_before_target,2027-03-28,,,target_not_yet_reached,2028-03-28,,,target_not_yet_reached,ok
2018,2018-03-28,,Amine Gouiri,Lyon,https://www.goal.com/en/lists/nxgn-2018-best-wonderkids/j8uigmkjv2yp1mb9l1xo61je0,418659,Amine Gouiri,2000-02-16,https://www.transfermarkt.us/amine-gouiri/profil/spieler/418659,1.08,automatic,matched,18,18.111,50000000,2022-03-23,observed_to_date,2018-03-28,4500000,2018-01-24,last_known_before_target,2019-03-28,4500000,2018-12-17,last_known_before_target,2020-03-28,4500000,2019-12-19,last_known_before_target,2021-03-28,20000000,2021-01-07,last_known_before_target,2022-03-28,50000000,2022-03-23,last_known_before_target,2023-03-28,35000000,2023-03-27,last_known_before_target,2024-03-28,28000000,2023-12-18,last_known_before_target,2025-03-28,20000000,2024-12-10,last_known_before_target,2026-03-28,28000000,2025-12-15,last_known_before_target,2027-03-28,,,target_not_yet_reached,2028-03-28,,,target_not_yet_reached,ok
2018,2018-03-28,,Angel Gomes,Manchester United,https://www.goal.com/en/lists/nxgn-2018-best-wonderkids/j8uigmkjv2yp1mb9l1xo61je0,392770,Angel Gomes,2000-08-31,https://www.transfermarkt.us/angel-gomes/profil/spieler/392770,1.08,automatic,matched,17,17.572,28000000,2024-10-07,observed_to_date,2018-03-28,,,no_prior_valuation,2019-03-28,,,no_prior_valuation,2020-03-28,4000000,2019-08-07,last_known_before_target,2021-03-28,6000000,2021-01-28,last_known_before_target,2022-03-28,6000000,2021-12-16,last_known_before_target,2023-03-28,13000000,2022-11-02,last_known_before_target,2024-03-28,22000000,2024-03-19,last_known_before_target,2025-03-28,20000000,2025-03-24,last_known_before_target,2026-03-28,12000000,2026-03-09,last_known_before_target,2027-03-28,,,target_not_yet_reached,2028-03-28,,,target_not_yet_reached,ok
2018,2018-03-28,,Ben Woodburn,Liverpool,https://www.goal.com/en/lists/nxgn-2018-best-wonderkids/j8uigmkjv2yp1mb9l1xo61je0,344015,Ben Woodburn,1999-10-15,https://www.transfermarkt.us/ben-woodburn/profil/spieler/344015,1.08,automatic,matched,18,18.451,5000000,2017-10-23,observed_to_date,2018-03-28,5000000,2018-01-02,last_known_before_target,2019-03-28,5000000,2018-05-28,last_known_before_target,2020-03-28,5000000,2019-06-13,last_known_before_target,2021-03-28,3000000,2021-03-18,last_known_before_target,2022-03-28,1500000,2021-12-31,last_known_before_target,2023-03-28,1000000,2022-10-27,last_known_before_target,2024-03-28,700000,2024-03-07,last_known_before_target,2025-03-28,300000,2024-12-30,last_known_before_target,2026-03-28,300000,2025-11-26,last_known_before_target,2027-03-28,,,target_not_yet_reached,2028-03-28,,,target_not_yet_reached,ok
2018,2018-03-28,,Brahim Diaz,Manchester City,https://www.goal.com/en/lists/nxgn-2018-best-wonderkids/j8uigmkjv2yp1mb9l1xo61je0,314678,Brahim Díaz,1999-08-03,https://www.transfermarkt.us/brahim-diaz/profil/spieler/314678,1.08,automatic,matched,18,18.651,45000000,2025-03-21,observed_to_date,2018-03-28,2500000,2018-03-23,last_known_before_target,2019-03-28,17000000,2019-02-28,last_known_before_target,2020-03-28,15000000,2019-12-20,last_known_before_target,2021-03-28,14000000,2020-12-29,last_known_before_target,2022-03-28,22000000,2022-03-15,last_known_before_target,2023-03-28,20000000,2022-11-11,last_known_before_target,2024-03-28,35000000,2024-03-21,last_known_before_target,2025-03-28,45000000,2025-03-21,last_known_before_target,2026-03-28,35000000,2025-12-12,last_known_before_target,2027-03-28,,,target_not_yet_reached,2028-03-28,,,target_not_yet_reached,ok
2018,2018-03-28,,Brenner,Sao Paulo,https://www.goal.com/en/lists/nxgn-2018-best-wonderkids/j8uigmkjv2yp1mb9l1xo61je0,412366,Brenner,2000-01-16,https://www.transfermarkt.us/brenner/profil/spieler/412366,1.08,automatic,matched,18,18.196,9000000,2021-02-09,observed_to_date,2018-03-28,900000,2017-12-07,last_known_before_target,2019-03-28,1000000,2019-02-18,last_known_before_target,2020-03-28,900000,2019-11-27,last_known_before_target,2021-03-28,9000000,2021-02-09,last_known_before_target,2022-03-28,7000000,2021-11-09,last_known_before_target,2023-03-28,8000000,2022-11-08,last_known_before_target,2024-03-28,8000000,2023-12-20,last_known_before_target,2025-03-28,4500000,2025-03-25,last_known_before_target,2026-03-28,4000000,2025-12-11,last_known_before_target,2027-03-28,,,target_not_yet_reached,2028-03-28,,,target_not_yet_reached,ok
2018,2018-03-28,,Cucho Hernandez,Watford,https://www.goal.com/en/lists/nxgn-2018-best-wonderkids/j8uigmkjv2yp1mb9l1xo61je0,459463,Cucho Hernández,1999-04-20,https://www.transfermarkt.us/cucho-hernandez/profil/spieler/459463,1.08,automatic,matched,18,18.938,18000000,2024-12-12,observed_to_date,2018-03-28,4000000,2018-01-01,last_known_before_target,2019-03-28,5000000,2018-12-21,last_known_before_target,2020-03-28,7500000,2019-12-20,last_known_before_target,2021-03-28,12000000,2021-01-05,last_known_before_target,2022-03-28,9000000,2021-12-23,last_known_before_target,2023-03-28,10000000,2022-11-08,last_known_before_target,2024-03-28,13000000,2023-12-18,last_known_before_target,2025-03-28,18000000,2024-12-12,last_known_before_target,2026-03-28,18000000,2025-12-12,last_known_before_target,2027-03-28,,,target_not_yet_reached,2028-03-28,,,target_not_yet_reached,ok
2018,2018-03-28,,Dan-Axel Zagadou,Borussia Dortmund,https://www.goal.com/en/lists/nxgn-2018-best-wonderkids/j8uigmkjv2yp1mb9l1xo61je0,344598,Dan-Axel Zagadou,1999-06-03,https://www.transfermarkt.us/dan-axel-zagadou/profil/spieler/344598,1.08,automatic,matched,18,18.818,35000000,2020-03-11,observed_to_date,2018-03-28,5000000,2017-12-28,last_known_before_target,2019-03-28,30000000,2019-03-06,last_known_before_target,2020-03-28,35000000,2020-03-11,last_known_before_target,2021-03-28,22000000,2021-02-10,last_known_before_target,2022-03-28,9000000,2022-03-24,last_known_before_target,2023-03-28,5000000,2022-11-09,last_known_before_target,2024-03-28,10000000,2023-12-14,last_known_before_target,2025-03-28,6000000,2024-12-20,last_known_before_target,2026-03-28,2000000,2025-12-19,last_known_before_target,2027-03-28,,,target_not_yet_reached,2028-03-28,,,target_not_yet_reached,ok
2018,2018-03-28,,Diego Lainez,Club America,https://www.goal.com/en/lists/nxgn-2018-best-wonderkids/j8uigmkjv2yp1mb9l1xo61je0,371174,Diego Lainez,2000-06-09,https://www.transfermarkt.us/diego-lainez/profil/spieler/371174,1.08,automatic,matched,17,17.799,14000000,2019-02-28,observed_to_date,2018-03-28,500000,2017-07-31,last_known_before_target,2019-03-28,14000000,2019-02-28,last_known_before_target,2020-03-28,10000000,2019-12-20,last_known_before_target,2021-03-28,7500000,2021-01-05,last_known_before_target,2022-03-28,3500000,2022-03-17,last_known_before_target,2023-03-28,2500000,2022-11-01,last_known_before_target,2024-03-28,3500000,2023-12-29,last_known_before_target,2025-03-28,3000000,2024-12-11,last_known_before_target,2026-03-28,6500000,2026-03-26,last_known_before_target,2027-03-28,,,target_not_yet_reached,2028-03-28,,,target_not_yet_reached,ok
2018,2018-03-28,,Diogo Dalot,Porto,https://www.goal.com/en/lists/nxgn-2018-best-wonderkids/j8uigmkjv2yp1mb9l1xo61je0,357147,Diogo Dalot,1999-03-18,https://www.transfermarkt.us/diogo-dalot/profil/spieler/357147,1.08,automatic,matched,19,19.028,40000000,2023-06-20,observed_to_date,2018-03-28,1750000,2018-02-23,last_known_before_target,2019-03-28,15000000,2018-12-19,last_known_before_target,2020-03-28,20000000,2019-12-10,last_known_before_target,2021-03-28,10000000,2021-03-23,last_known_before_target,2022-03-28,12000000,2021-12-23,last_known_before_target,2023-03-28,35000000,2023-03-16,last_known_before_target,2024-03-28,35000000,2023-12-19,last_known_before_target,2025-03-28,35000000,2025-03-18,last_known_before_target,2026-03-28,30000000,2026-03-09,last_known_before_target,2027-03-28,,,target_not_yet_reached,2028-03-28,,,target_not_yet_reached,ok
2018,2018-03-28,,Eddie Nketiah,Arsenal,https://www.goal.com/en/lists/nxgn-2018-best-wonderkids/j8uigmkjv2yp1mb9l1xo61je0,340324,Eddie Nketiah,1999-05-30,https://www.transfermarkt.us/eddie-nketiah/profil/spieler/340324,1.08,automatic,matched,18,18.829,35000000,2023-12-19,observed_to_date,2018-03-28,,,no_prior_valuation,2019-03-28,,,no_prior_valuation,2020-03-28,12000000,2020-03-09,last_known_before_target,2021-03-28,18000000,2021-03-18,last_known_before_target,2022-03-28,10000000,2021-12-23,last_known_before_target,2023-03-28,25000000,2023-03-16,last_known_before_target,2024-03-28,30000000,2024-03-14,last_known_before_target,2025-03-28,22000000,2025-03-18,last_known_before_target,2026-03-28,14000000,2026-03-09,last_known_before_target,2027-03-28,,,target_not_yet_reached,2028-03-28,,,target_not_yet_reached,ok
2018,2018-03-28,,Ethan Ampadu,Chelsea,https://www.goal.com/en/lists/nxgn-2018-best-wonderkids/j8uigmkjv2yp1mb9l1xo61je0,392771,Ethan Ampadu,2000-09-14,https://www.transfermarkt.us/ethan-ampadu/profil/spieler/392771,1.08,automatic,matched,17,17.534,30000000,2026-06-03,observed_to_date,2018-03-28,5000000,2018-01-02,last_known_before_target,2019-03-28,10000000,2019-03-05,last_known_before_target,2020-03-28,10000000,2019-12-17,last_known_before_target,2021-03-28,12000000,2021-03-18,last_known_before_target,2022-03-28,15000000,2021-12-28,last_known_before_target,2023-03-28,9000000,2022-11-11,last_known_before_target,2024-03-28,15000000,2024-03-07,last_known_before_target,2025-03-28,16000000,2024-12-30,last_known_before_target,2026-03-28,25000000,2026-03-09,last_known_before_target,2027-03-28,,,target_not_yet_reached,2028-03-28,,,target_not_yet_reached,ok
2018,2018-03-28,,Ezequiel Barco,Atlanta United,https://www.goal.com/en/lists/nxgn-2018-best-wonderkids/j8uigmkjv2yp1mb9l1xo61je0,456623,Esequiel Barco,1999-03-29,https://www.transfermarkt.us/esequiel-barco/profil/spieler/456623,0.969,automatic,matched,18,18.998,16000000,2026-05-26,observed_to_date,2018-03-28,8000000,2018-03-14,last_known_before_target,2019-03-28,8000000,2018-12-15,last_known_before_target,2020-03-28,10000000,2019-11-30,last_known_before_target,2021-03-28,10000000,2020-12-18,last_known_before_target,2022-03-28,10000000,2021-11-09,last_known_before_target,2023-03-28,7000000,2022-10-26,last_known_before_target,2024-03-28,9000000,2023-12-19,last_known_before_target,2025-03-28,14000000,2024-12-12,last_known_before_target,2026-03-28,14000000,2025-12-16,last_known_before_target,2027-03-28,,,target_not_yet_reached,2028-03-28,,,target_not_yet_reached,ok
2018,2018-03-28,,Facundo Colidio,Inter,https://www.goal.com/en/lists/nxgn-2018-best-wonderkids/j8uigmkjv2yp1mb9l1xo61je0,491705,Facundo Colidio,2000-01-04,https://www.transfermarkt.us/facundo-colidio/profil/spieler/491705,1.08,automatic,matched,18,18.229,6000000,2024-12-13,observed_to_date,2018-03-28,,,no_prior_valuation,2019-03-28,,,no_prior_valuation,2020-03-28,2500000,2019-12-13,last_known_before_target,2021-03-28,1500000,2021-03-17,last_known_before_target,2022-03-28,500000,2021-12-28,last_known_before_target,2023-03-28,3800000,2022-10-26,last_known_before_target,2024-03-28,4500000,2024-03-11,last_known_before_target,2025-03-28,6000000,2024-12-13,last_known_before_target,2026-03-28,5000000,2026-03-18,last_known_before_target,2027-03-28,,,target_not_yet_reached,2028-03-28,,,target_not_yet_reached,ok
2018,2018-03-28,,Ferran Torres,Valencia,https://www.goal.com/en/lists/nxgn-2018-best-wonderkids/j8uigmkjv2yp1mb9l1xo61je0,398184,Ferran Torres,2000-02-29,https://www.transfermarkt.us/ferran-torres/profil/spieler/398184,1.08,automatic,matched,18,18.076,55000000,2026-07-22,observed_to_date,2018-03-28,5000000,2018-03-22,last_known_before_target,2019-03-28,12000000,2019-02-28,last_known_before_target,2020-03-28,50000000,2020-03-05,last_known_before_target,2021-03-28,50000000,2021-03-18,last_known_before_target,2022-03-28,45000000,2021-12-23,last_known_before_target,2023-03-28,30000000,2023-03-23,last_known_before_target,2024-03-28,35000000,2023-12-22,last_known_before_target,2025-03-28,28000000,2024-12-27,last_known_before_target,2026-03-28,50000000,2025-12-12,last_known_before_target,2027-03-28,,,target_not_yet_reached,2028-03-28,,,target_not_yet_reached,ok
2018,2018-03-28,,Gonzalo Maroni,Boca Juniors,https://www.goal.com/en/lists/nxgn-2018-best-wonderkids/j8uigmkjv2yp1mb9l1xo61je0,441385,Gonzalo Maroni,1999-03-18,https://www.transfermarkt.us/gonzalo-maroni/profil/spieler/441385,1.08,automatic,matched,19,19.028,5000000,2019-05-23,observed_to_date,2018-03-28,750000,2017-10-09,last_known_before_target,2019-03-28,3250000,2018-12-18,last_known_before_target,2020-03-28,5000000,2019-12-12,last_known_before_target,2021-03-28,3700000,2021-02-08,last_known_before_target,2022-03-28,3500000,2021-10-15,last_known_before_target,2023-03-28,1200000,2022-10-26,last_known_before_target,2024-03-28,2000000,2023-12-19,last_known_before_target,2025-03-28,3000000,2024-12-13,last_known_before_target,2026-03-28,2200000,2026-03-18,last_known_before_target,2027-03-28,,,target_not_yet_reached,2028-03-28,,,target_not_yet_reached,ok
2018,2018-03-28,,Jadon Sancho,Borussia Dortmund,https://www.goal.com/en/lists/nxgn-2018-best-wonderkids/j8uigmkjv2yp1mb9l1xo61je0,401173,Jadon Sancho,2000-03-25,https://www.transfermarkt.us/jadon-sancho/profil/spieler/401173,1.08,automatic,matched,18,18.007,130000000,2020-03-11,observed_to_date,2018-03-28,5000000,2017-12-28,last_known_before_target,2019-03-28,80000000,2019-03-06,last_known_before_target,2020-03-28,130000000,2020-03-11,last_known_before_target,2021-03-28,100000000,2021-02-10,last_known_before_target,2022-03-28,85000000,2021-12-23,last_known_before_target,2023-03-28,55000000,2023-03-16,last_known_before_target,2024-03-28,25000000,2023-12-19,last_known_before_target,2025-03-28,30000000,2024-12-16,last_known_before_target,2026-03-28,20000000,2025-12-09,last_known_before_target,2027-03-28,,,target_not_yet_reached,2028-03-28,,,target_not_yet_reached,ok
2018,2018-03-28,,Jann-Fiete Arp,Hamburg,https://www.goal.com/en/lists/nxgn-2018-best-wonderkids/j8uigmkjv2yp1mb9l1xo61je0,343337,Fiete Arp,2000-01-06,https://www.transfermarkt.us/fiete-arp/profil/spieler/343337,0.836,automatic,matched,18,18.224,7500000,2017-12-28,observed_to_date,2018-03-28,7500000,2017-12-28,last_known_before_target,2019-03-28,4000000,2019-01-08,last_known_before_target,2020-03-28,3000000,2019-12-17,last_known_before_target,2021-03-28,1200000,2021-01-20,last_known_before_target,2022-03-28,500000,2022-03-23,last_known_before_target,2023-03-28,500000,2022-11-30,last_known_before_target,2024-03-28,800000,2023-12-15,last_known_before_target,2025-03-28,800000,2024-12-20,last_known_before_target,2026-03-28,1200000,2025-12-15,last_known_before_target,2027-03-28,,,target_not_yet_reached,2028-03-28,,,target_not_yet_reached,ok
2018,2018-03-28,,Jordi Mboula,Monaco,https://www.goal.com/en/lists/nxgn-2018-best-wonderkids/j8uigmkjv2yp1mb9l1xo61je0,331498,Jordi Mboula,1999-03-16,https://www.transfermarkt.us/jordi-mboula/profil/spieler/331498,1.08,automatic,matched,19,19.034,4000000,2018-01-24,observed_to_date,2018-03-28,4000000,2018-01-24,last_known_before_target,2019-03-28,3000000,2018-12-17,last_known_before_target,2020-03-28,2000000,2019-12-13,last_known_before_target,2021-03-28,1500000,2021-01-08,last_known_before_target,2022-03-28,1500000,2021-12-30,last_known_before_target,2023-03-28,1200000,2022-12-29,last_known_before_target,2024-03-28,1200000,2023-12-20,last_known_before_target,2025-03-28,1000000,2024-12-19,last_known_before_target,2026-03-28,500000,2025-12-30,last_known_before_target,2027-03-28,,,target_not_yet_reached,2028-03-28,,,target_not_yet_reached,ok
2018,2018-03-28,,Kai Havertz,Bayer Leverkusen,https://www.goal.com/en/lists/nxgn-2018-best-wonderkids/j8uigmkjv2yp1mb9l1xo61je0,309400,Kai Havertz,1999-06-11,https://www.transfermarkt.us/kai-havertz/profil/spieler/309400,1.08,automatic,matched,18,18.796,90000000,2019-06-05,observed_to_date,2018-03-28,18000000,2017-12-28,last_known_before_target,2019-03-28,65000000,2018-12-18,last_known_before_target,2020-03-28,90000000,2019-12-17,last_known_before_target,2021-03-28,70000000,2021-03-18,last_known_before_target,2022-03-28,70000000,2021-12-23,last_known_before_target,2023-03-28,60000000,2023-03-16,last_known_before_target,2024-03-28,60000000,2024-03-14,last_known_before_target,2025-03-28,70000000,2025-03-18,last_known_before_target,2026-03-28,50000000,2026-03-09,last_known_before_target,2027-03-28,,,target_not_yet_reached,2028-03-28,,,target_not_yet_reached,ok
2018,2018-03-28,,Lincoln,Flamengo,https://www.goal.com/en/lists/nxgn-2018-best-wonderkids/j8uigmkjv2yp1mb9l1xo61je0,372046,Lincoln,2000-12-16,https://www.transfermarkt.us/lincoln/profil/spieler/372046,1.08,automatic,matched,17,17.279,6000000,2019-11-27,observed_to_date,2018-03-28,5000000,2017-12-07,last_known_before_target,2019-03-28,5000000,2019-02-18,last_known_before_target,2020-03-28,6000000,2019-11-27,last_known_before_target,2021-03-28,3500000,2021-01-29,last_known_before_target,2022-03-28,2400000,2022-01-14,last_known_before_target,2023-03-28,1700000,2022-06-28,last_known_before_target,2024-03-28,800000,2024-02-22,last_known_before_target,2025-03-28,350000,2024-12-17,last_known_before_target,2026-03-28,350000,2025-12-11,last_known_before_target,2027-03-28,,,target_not_yet_reached,2028-03-28,,,target_not_yet_reached,ok
2018,2018-03-28,,Malang Sarr,Nice,https://www.goal.com/en/lists/nxgn-2018-best-wonderkids/j8uigmkjv2yp1mb9l1xo61je0,344596,Malang Sarr,1999-01-23,https://www.transfermarkt.us/malang-sarr/profil/spieler/344596,1.08,automatic,matched,19,19.176,20000000,2026-06-01,observed_to_date,2018-03-28,15000000,2018-01-24,last_known_before_target,2019-03-28,17000000,2018-12-17,last_known_before_target,2020-03-28,18000000,2019-12-19,last_known_before_target,2021-03-28,14000000,2021-03-25,last_known_before_target,2022-03-28,6000000,2021-12-23,last_known_before_target,2023-03-28,8000000,2022-11-02,last_known_before_target,2024-03-28,4000000,2023-12-19,last_known_before_target,2025-03-28,5000000,2025-03-24,last_known_before_target,2026-03-28,15000000,2026-03-27,last_known_before_target,2027-03-28,,,target_not_yet_reached,2028-03-28,,,target_not_yet_reached,ok
2018,2018-03-28,,Mason Mount,Chelsea,https://www.goal.com/en/lists/nxgn-2018-best-wonderkids/j8uigmkjv2yp1mb9l1xo61je0,346483,Mason Mount,1999-01-10,https://www.transfermarkt.us/mason-mount/profil/spieler/346483,1.08,automatic,matched,19,19.212,75000000,2021-05-28,observed_to_date,2018-03-28,2000000,2018-03-27,last_known_before_target,2019-03-28,10000000,2019-02-27,last_known_before_target,2020-03-28,45000000,2019-12-10,last_known_before_target,2021-03-28,60000000,2021-03-18,last_known_before_target,2022-03-28,75000000,2021-12-23,last_known_before_target,2023-03-28,65000000,2023-03-16,last_known_before_target,2024-03-28,40000000,2024-03-14,last_known_before_target,2025-03-28,28000000,2025-03-18,last_known_before_target,2026-03-28,30000000,2026-03-09,last_known_before_target,2027-03-28,,,target_not_yet_reached,2028-03-28,,,target_not_yet_reached,ok
2018,2018-03-28,,Maximiliano Romero,PSV,https://www.goal.com/en/lists/nxgn-2018-best-wonderkids/j8uigmkjv2yp1mb9l1xo61je0,365758,Maximiliano Romero,1999-01-09,https://www.transfermarkt.us/maximiliano-romero/profil/spieler/365758,1.08,automatic,matched,19,19.215,7500000,2018-01-17,observed_to_date,2018-03-28,7500000,2018-01-17,last_known_before_target,2019-03-28,5000000,2019-01-21,last_known_before_target,2020-03-28,4000000,2019-12-05,last_known_before_target,2021-03-28,3000000,2020-10-14,last_known_before_target,2022-03-28,3000000,2022-01-05,last_known_before_target,2023-03-28,2800000,2022-10-26,last_known_before_target,2024-03-28,2300000,2023-12-19,last_known_before_target,2025-03-28,2300000,2024-12-13,last_known_before_target,2026-03-28,2200000,2026-03-23,last_known_before_target,2027-03-28,,,target_not_yet_reached,2028-03-28,,,target_not_yet_reached,ok
2018,2018-03-28,,Mile Svilar,Benfica,https://www.goal.com/en/lists/nxgn-2018-best-wonderkids/j8uigmkjv2yp1mb9l1xo61je0,338670,Mile Svilar,1999-08-27,https://www.transfermarkt.us/mile-svilar/profil/spieler/338670,1.08,automatic,matched,18,18.585,35000000,2025-12-23,observed_to_date,2018-03-28,2500000,2018-02-07,last_known_before_target,2019-03-28,2500000,2019-01-11,last_known_before_target,2020-03-28,1500000,2019-12-30,last_known_before_target,2021-03-28,2000000,2021-01-28,last_known_before_target,2022-03-28,2000000,2021-12-27,last_known_before_target,2023-03-28,1800000,2022-11-11,last_known_before_target,2024-03-28,4000000,2024-03-12,last_known_before_target,2025-03-28,17000000,2025-03-25,last_known_before_target,2026-03-28,35000000,2025-12-23,last_known_before_target,2027-03-28,,,target_not_yet_reached,2028-03-28,,,target_not_yet_reached,ok
2018,2018-03-28,,Mirko Antonucci,Roma,https://www.goal.com/en/lists/nxgn-2018-best-wonderkids/j8uigmkjv2yp1mb9l1xo61je0,315852,Mirko Antonucci,1999-03-11,https://www.transfermarkt.us/mirko-antonucci/profil/spieler/315852,1.08,automatic,matched,19,19.048,2200000,2023-06-12,observed_to_date,2018-03-28,150000,2017-06-26,last_known_before_target,2019-03-28,500000,2019-01-17,last_known_before_target,2020-03-28,1000000,2019-12-12,last_known_before_target,2021-03-28,300000,2021-02-22,last_known_before_target,2022-03-28,600000,2021-12-29,last_known_before_target,2023-03-28,2000000,2023-03-20,last_known_before_target,2024-03-28,1700000,2023-12-27,last_known_before_target,2025-03-28,1000000,2024-12-23,last_known_before_target,2026-03-28,750000,2025-12-11,last_known_before_target,2027-03-28,,,target_not_yet_reached,2028-03-28,,,target_not_yet_reached,ok
2018,2018-03-28,,Moise Kean,Juventus,https://www.goal.com/en/lists/nxgn-2018-best-wonderkids/j8uigmkjv2yp1mb9l1xo61je0,364135,Moise Kean,2000-02-28,https://www.transfermarkt.us/moise-kean/profil/spieler/364135,1.08,automatic,matched,18,18.078,50000000,2025-06-17,observed_to_date,2018-03-28,7000000,2017-12-29,last_known_before_target,2019-03-28,15000000,2018-12-20,last_known_before_target,2020-03-28,28000000,2020-03-09,last_known_before_target,2021-03-28,30000000,2021-01-07,last_known_before_target,2022-03-28,28000000,2022-03-15,last_known_before_target,2023-03-28,20000000,2022-11-11,last_known_before_target,2024-03-28,18000000,2023-12-20,last_known_before_target,2025-03-28,40000000,2025-03-25,last_known_before_target,2026-03-28,40000000,2026-03-24,last_known_before_target,2027-03-28,,,target_not_yet_reached,2028-03-28,,,target_not_yet_reached,ok
2018,2018-03-28,,Myziane Maolida,Lyon,https://www.goal.com/en/lists/nxgn-2018-best-wonderkids/j8uigmkjv2yp1mb9l1xo61je0,371142,Myziane Maolida,1999-02-14,https://www.transfermarkt.us/myziane-maolida/profil/spieler/371142,1.08,automatic,matched,19,19.116,9000000,2018-09-06,observed_to_date,2018-03-28,4500000,2018-01-24,last_known_before_target,2019-03-28,9000000,2018-12-17,last_known_before_target,2020-03-28,8000000,2019-12-19,last_known_before_target,2021-03-28,7000000,2021-01-07,last_known_before_target,2022-03-28,4500000,2021-12-22,last_known_before_target,2023-03-28,1750000,2022-11-09,last_known_before_target,2024-03-28,700000,2023-12-15,last_known_before_target,2025-03-28,900000,2024-12-13,last_known_before_target,2026-03-28,800000,2025-12-18,last_known_before_target,2027-03-28,,,target_not_yet_reached,2028-03-28,,,target_not_yet_reached,ok
2018,2018-03-28,,Paulinho,Vasco da Gama,https://www.goal.com/en/lists/nxgn-2018-best-wonderkids/j8uigmkjv2yp1mb9l1xo61je0,428791,Paulinho,2000-07-15,https://www.transfermarkt.us/player/profil/spieler/428791,1.08,manual_override,matched,17,17.701,25000000,2018-05-23,observed_to_date,2018-03-28,10000000,2017-12-07,last_known_before_target,2019-03-28,17000000,2018-12-18,last_known_before_target,2020-03-28,15000000,2019-12-17,last_known_before_target,2021-03-28,13000000,2021-02-10,last_known_before_target,2022-03-28,11000000,2021-12-22,last_known_before_target,2023-03-28,7000000,2022-11-09,last_known_before_target,2024-03-28,15000000,2023-12-11,last_known_before_target,2025-03-28,17000000,2024-12-09,last_known_before_target,2026-03-28,11000000,2026-03-12,last_known_before_target,2027-03-28,,,target_not_yet_reached,2028-03-28,,,target_not_yet_reached,ok
2018,2018-03-28,,Pietro Pellegri,Monaco,https://www.goal.com/en/lists/nxgn-2018-best-wonderkids/j8uigmkjv2yp1mb9l1xo61je0,364133,Pietro Pellegri,2001-03-17,https://www.transfermarkt.us/pietro-pellegri/profil/spieler/364133,1.08,automatic,matched,17,17.03,8000000,2017-12-29,observed_to_date,2018-03-28,8000000,2017-12-29,last_known_before_target,2019-03-28,8000000,2018-12-17,last_known_before_target,2020-03-28,7000000,2019-12-19,last_known_before_target,2021-03-28,6000000,2020-10-12,last_known_before_target,2022-03-28,5000000,2021-12-28,last_known_before_target,2023-03-28,4000000,2023-03-21,last_known_before_target,2024-03-28,3500000,2023-12-20,last_known_before_target,2025-03-28,2500000,2025-03-25,last_known_before_target,2026-03-28,1000000,2026-03-17,last_known_before_target,2027-03-28,,,target_not_yet_reached,2028-03-28,,,target_not_yet_reached,ok
2018,2018-03-28,,Rafael Leao,Sporting CP,https://www.goal.com/en/lists/nxgn-2018-best-wonderkids/j8uigmkjv2yp1mb9l1xo61je0,357164,Rafael Leão,1999-06-10,https://www.transfermarkt.us/rafael-leao/profil/spieler/357164,1.08,automatic,matched,18,18.798,90000000,2023-06-15,observed_to_date,2018-03-28,1500000,2018-02-23,last_known_before_target,2019-03-28,12000000,2019-03-07,last_known_before_target,2020-03-28,22000000,2019-12-12,last_known_before_target,2021-03-28,28000000,2020-12-29,last_known_before_target,2022-03-28,50000000,2022-03-15,last_known_before_target,2023-03-28,80000000,2023-03-21,last_known_before_target,2024-03-28,90000000,2023-12-20,last_known_before_target,2025-03-28,75000000,2024-12-18,last_known_before_target,2026-03-28,65000000,2026-03-24,last_known_before_target,2027-03-28,,,target_not_yet_reached,2028-03-28,,,target_not_yet_reached,ok
2018,2018-03-28,,Reiss Nelson,Arsenal,https://www.goal.com/en/lists/nxgn-2018-best-wonderkids/j8uigmkjv2yp1mb9l1xo61je0,340325,Reiss Nelson,1999-12-10,https://www.transfermarkt.us/reiss-nelson/profil/spieler/340325,1.08,automatic,matched,18,18.297,18000000,2024-12-16,observed_to_date,2018-03-28,,,no_prior_valuation,2019-03-28,17000000,2018-12-18,last_known_before_target,2020-03-28,14000000,2019-12-10,last_known_before_target,2021-03-28,10000000,2021-03-18,last_known_before_target,2022-03-28,5500000,2022-03-17,last_known_before_target,2023-03-28,7000000,2022-11-03,last_known_before_target,2024-03-28,15000000,2023-12-19,last_known_before_target,2025-03-28,18000000,2024-12-16,last_known_before_target,2026-03-28,12000000,2026-03-09,last_known_before_target,2027-03-28,,,target_not_yet_reached,2028-03-28,,,target_not_yet_reached,ok
2018,2018-03-28,,Rhian Brewster,Liverpool,https://www.goal.com/en/lists/nxgn-2018-best-wonderkids/j8uigmkjv2yp1mb9l1xo61je0,406560,Rhian Brewster,2000-04-01,https://www.transfermarkt.us/rhian-brewster/profil/spieler/406560,1.08,automatic,matched,17,17.988,15000000,2020-10-13,observed_to_date,2018-03-28,,,no_prior_valuation,2019-03-28,,,no_prior_valuation,2020-03-28,6000000,2020-02-27,last_known_before_target,2021-03-28,12000000,2021-03-18,last_known_before_target,2022-03-28,9000000,2021-11-24,last_known_before_target,2023-03-28,5000000,2022-10-27,last_known_before_target,2024-03-28,3000000,2023-12-19,last_known_before_target,2025-03-28,3000000,2024-12-30,last_known_before_target,2026-03-28,2600000,2025-12-03,last_known_before_target,2027-03-28,,,target_not_yet_reached,2028-03-28,,,target_not_yet_reached,ok
2018,2018-03-28,,Ryan Sessegnon,Fulham,https://www.goal.com/en/lists/nxgn-2018-best-wonderkids/j8uigmkjv2yp1mb9l1xo61je0,392775,Ryan Sessegnon,2000-05-18,https://www.transfermarkt.us/ryan-sessegnon/profil/spieler/392775,1.08,automatic,matched,17,17.859,35000000,2018-08-13,observed_to_date,2018-03-28,25000000,2018-02-27,last_known_before_target,2019-03-28,35000000,2018-12-19,last_known_before_target,2020-03-28,35000000,2019-12-10,last_known_before_target,2021-03-28,20000000,2021-02-10,last_known_before_target,2022-03-28,15000000,2021-12-23,last_known_before_target,2023-03-28,22000000,2022-11-03,last_known_before_target,2024-03-28,13000000,2023-12-19,last_known_before_target,2025-03-28,9000000,2024-12-16,last_known_before_target,2026-03-28,20000000,2025-12-09,last_known_before_target,2027-03-28,,,target_not_yet_reached,2028-03-28,,,target_not_yet_reached,ok
2018,2018-03-28,,Sergio Gomez,Borussia Dortmund,https://www.goal.com/en/lists/nxgn-2018-best-wonderkids/j8uigmkjv2yp1mb9l1xo61je0,366930,Sergio Gómez,2000-09-04,https://www.transfermarkt.us/sergio-gomez/profil/spieler/366930,1.08,automatic,matched,17,17.561,20000000,2024-12-27,observed_to_date,2018-03-28,,,no_prior_valuation,2019-03-28,3000000,2018-12-18,last_known_before_target,2020-03-28,2500000,2019-12-20,last_known_before_target,2021-03-28,2500000,2021-01-05,last_known_before_target,2022-03-28,9000000,2022-01-06,last_known_before_target,2023-03-28,15000000,2022-11-03,last_known_before_target,2024-03-28,10000000,2023-12-19,last_known_before_target,2025-03-28,20000000,2024-12-27,last_known_before_target,2026-03-28,15000000,2025-12-12,last_known_before_target,2027-03-28,,,target_not_yet_reached,2028-03-28,,,target_not_yet_reached,ok
2018,2018-03-28,,Tahith Chong,Manchester United,https://www.goal.com/en/lists/nxgn-2018-best-wonderkids/j8uigmkjv2yp1mb9l1xo61je0,344830,Tahith Chong,1999-12-04,https://www.transfermarkt.us/tahith-chong/profil/spieler/344830,1.08,automatic,matched,18,18.314,7000000,2019-08-07,observed_to_date,2018-03-28,,,no_prior_valuation,2019-03-28,,,no_prior_valuation,2020-03-28,7000000,2019-08-07,last_known_before_target,2021-03-28,5000000,2021-03-17,last_known_before_target,2022-03-28,4000000,2021-12-23,last_known_before_target,2023-03-28,3000000,2023-03-24,last_known_before_target,2024-03-28,4500000,2023-12-19,last_known_before_target,2025-03-28,6000000,2024-12-30,last_known_before_target,2026-03-28,4500000,2025-12-03,last_known_before_target,2027-03-28,,,target_not_yet_reached,2028-03-28,,,target_not_yet_reached,ok
2018,2018-03-28,,Takefusa Kubo,FC Tokyo,https://www.goal.com/en/lists/nxgn-2018-best-wonderkids/j8uigmkjv2yp1mb9l1xo61je0,405398,Takefusa Kubo,2001-06-04,https://www.transfermarkt.us/takefusa-kubo/profil/spieler/405398,1.08,automatic,matched,16,16.813,60000000,2023-12-22,observed_to_date,2018-03-28,300000,2018-01-05,last_known_before_target,2019-03-28,500000,2019-01-05,last_known_before_target,2020-03-28,15000000,2019-12-20,last_known_before_target,2021-03-28,15000000,2021-03-19,last_known_before_target,2022-03-28,9000000,2022-03-21,last_known_before_target,2023-03-28,15000000,2023-03-23,last_known_before_target,2024-03-28,60000000,2023-12-22,last_known_before_target,2025-03-28,40000000,2024-12-27,last_known_before_target,2026-03-28,30000000,2025-12-12,last_known_before_target,2027-03-28,,,target_not_yet_reached,2028-03-28,,,target_not_yet_reached,ok
2018,2018-03-28,,Timothy Tillman,Bayern Munich,https://www.goal.com/en/lists/nxgn-2018-best-wonderkids/j8uigmkjv2yp1mb9l1xo61je0,310662,Timothy Tillman,1999-01-04,https://www.transfermarkt.us/timothy-tillman/profil/spieler/310662,1.08,automatic,matched,19,19.228,3000000,2025-12-11,observed_to_date,2018-03-28,100000,2018-02-20,last_known_before_target,2019-03-28,300000,2018-12-18,last_known_before_target,2020-03-28,500000,2019-12-11,last_known_before_target,2021-03-28,450000,2021-02-08,last_known_before_target,2022-03-28,1800000,2022-03-24,last_known_before_target,2023-03-28,1200000,2022-11-30,last_known_before_target,2024-03-28,1500000,2023-12-18,last_known_before_target,2025-03-28,2500000,2024-12-12,last_known_before_target,2026-03-28,3000000,2025-12-11,last_known_before_target,2027-03-28,,,target_not_yet_reached,2028-03-28,,,target_not_yet_reached,ok
2018,2018-03-28,,Timothy Weah,Paris Saint-Germain,https://www.goal.com/en/lists/nxgn-2018-best-wonderkids/j8uigmkjv2yp1mb9l1xo61je0,370846,Timothy Weah,2000-02-22,https://www.transfermarkt.us/timothy-weah/profil/spieler/370846,1.08,automatic,matched,18,18.095,20000000,2025-10-10,observed_to_date,2018-03-28,,,no_prior_valuation,2019-03-28,5000000,2018-12-17,last_known_before_target,2020-03-28,8000000,2019-12-19,last_known_before_target,2021-03-28,7500000,2020-10-15,last_known_before_target,2022-03-28,13000000,2022-03-21,last_known_before_target,2023-03-28,12000000,2022-11-02,last_known_before_target,2024-03-28,14000000,2023-12-20,last_known_before_target,2025-03-28,17000000,2024-12-18,last_known_before_target,2026-03-28,20000000,2025-12-15,last_known_before_target,2027-03-28,,,target_not_yet_reached,2028-03-28,,,target_not_yet_reached,ok
2018,2018-03-28,,Umaro Embalo,Benfica,https://www.goal.com/en/lists/nxgn-2018-best-wonderkids/j8uigmkjv2yp1mb9l1xo61je0,409886,Úmaro Embaló,2001-05-06,https://www.transfermarkt.us/umaro-embalo/profil/spieler/409886,1.08,automatic,matched,16,16.893,1500000,2022-03-16,observed_to_date,2018-03-28,,,no_prior_valuation,2019-03-28,,,no_prior_valuation,2020-03-28,1000000,2019-12-31,last_known_before_target,2021-03-28,900000,2020-11-02,last_known_before_target,2022-03-28,1500000,2022-03-16,last_known_before_target,2023-03-28,1500000,2022-11-11,last_known_before_target,2024-03-28,1000000,2023-12-20,last_known_before_target,2025-03-28,700000,2024-12-17,last_known_before_target,2026-03-28,0,2026-02-18,last_known_before_target,2027-03-28,,,target_not_yet_reached,2028-03-28,,,target_not_yet_reached,ok
2018,2018-03-28,,Willem Geubbels,Lyon,https://www.goal.com/en/lists/nxgn-2018-best-wonderkids/j8uigmkjv2yp1mb9l1xo61je0,463620,Willem Geubbels,2001-08-16,https://www.transfermarkt.us/willem-geubbels/profil/spieler/463620,1.08,automatic,matched,16,16.614,12000000,2018-09-06,observed_to_date,2018-03-28,6000000,2018-01-24,last_known_before_target,2019-03-28,12000000,2018-12-17,last_known_before_target,2020-03-28,7000000,2019-12-19,last_known_before_target,2021-03-28,6000000,2020-10-12,last_known_before_target,2022-03-28,4500000,2021-12-16,last_known_before_target,2023-03-28,2500000,2022-11-02,last_known_before_target,2024-03-28,2000000,2023-12-21,last_known_before_target,2025-03-28,6000000,2025-03-20,last_known_before_target,2026-03-28,5000000,2026-03-27,last_known_before_target,2027-03-28,,,target_not_yet_reached,2028-03-28,,,target_not_yet_reached,ok
2018,2018-03-28,,Yacine Adli,Paris Saint-Germain,https://www.goal.com/en/lists/nxgn-2018-best-wonderkids/j8uigmkjv2yp1mb9l1xo61je0,395236,Yacine Adli,2000-07-29,https://www.transfermarkt.us/yacine-adli/profil/spieler/395236,1.08,automatic,matched,17,17.662,15000000,2024-03-12,observed_to_date,2018-03-28,,,no_prior_valuation,2019-03-28,5500000,2019-03-07,last_known_before_target,2020-03-28,7000000,2019-12-19,last_known_before_target,2021-03-28,6500000,2020-10-15,last_known_before_target,2022-03-28,9000000,2021-12-16,last_known_before_target,2023-03-28,9000000,2022-11-11,last_known_before_target,2024-03-28,15000000,2024-03-12,last_known_before_target,2025-03-28,15000000,2024-12-18,last_known_before_target,2026-03-28,9000000,2025-12-18,last_known_before_target,2027-03-28,,,target_not_yet_reached,2028-03-28,,,target_not_yet_reached,ok
2019,2019-03-19,50,Christian Fruchtl,Bayern Munich,https://www.goal.com/en-ca/lists/nxgn-2019-best-wonderkids/12pqn3kwdzxuy129yslou9jo84,336307,Christian Früchtl,2000-01-28,https://www.transfermarkt.us/christian-fruchtl/profil/spieler/336307,1.08,automatic,matched,19,19.138,1500000,2023-12-11,observed_to_date,2019-03-19,500000,2018-12-18,last_known_before_target,2020-03-19,500000,2019-12-17,last_known_before_target,2021-03-19,600000,2021-02-08,last_known_before_target,2022-03-19,600000,2021-12-22,last_known_before_target,2023-03-19,1000000,2022-11-10,last_known_before_target,2024-03-19,1500000,2023-12-11,last_known_before_target,2025-03-19,1500000,2024-12-18,last_known_before_target,2026-03-19,1000000,2025-12-23,last_known_before_target,2027-03-19,,,target_not_yet_reached,2028-03-19,,,target_not_yet_reached,2029-03-19,,,target_not_yet_reached,ok
2019,2019-03-19,49,Takefusa Kubo,FC Tokyo,https://www.goal.com/en-ca/lists/nxgn-2019-best-wonderkids/12pqn3kwdzxuy129yslou9jo84,405398,Takefusa Kubo,2001-06-04,https://www.transfermarkt.us/takefusa-kubo/profil/spieler/405398,1.08,automatic,matched,17,17.788,60000000,2023-12-22,observed_to_date,2019-03-19,500000,2019-01-05,last_known_before_target,2020-03-19,15000000,2019-12-20,last_known_before_target,2021-03-19,20000000,2021-01-05,last_known_before_target,2022-03-19,10000000,2021-12-30,last_known_before_target,2023-03-19,12000000,2022-11-07,last_known_before_target,2024-03-19,60000000,2023-12-22,last_known_before_target,2025-03-19,40000000,2024-12-27,last_known_before_target,2026-03-19,30000000,2025-12-12,last_known_before_target,2027-03-19,,,target_not_yet_reached,2028-03-19,,,target_not_yet_reached,2029-03-19,,,target_not_yet_reached,ok
2019,2019-03-19,48,Yari Verschaeren,Anderlecht,https://www.goal.com/en-ca/lists/nxgn-2019-best-wonderkids/12pqn3kwdzxuy129yslou9jo84,502302,Yari Verschaeren,2001-07-12,https://www.transfermarkt.us/yari-verschaeren/profil/spieler/502302,1.08,automatic,matched,17,17.684,16000000,2019-12-13,observed_to_date,2019-03-19,4000000,2019-03-04,last_known_before_target,2020-03-19,16000000,2019-12-13,last_known_before_target,2021-03-19,11000000,2021-01-04,last_known_before_target,2022-03-19,11000000,2022-01-06,last_known_before_target,2023-03-19,10000000,2022-11-04,last_known_before_target,2024-03-19,7500000,2023-12-19,last_known_before_target,2025-03-19,5000000,2024-12-11,last_known_before_target,2026-03-19,3000000,2025-12-10,last_known_before_target,2027-03-19,,,target_not_yet_reached,2028-03-19,,,target_not_yet_reached,2029-03-19,,,target_not_yet_reached,ok
2019,2019-03-19,47,Juan Miranda,Barcelona,https://www.goal.com/en-ca/lists/nxgn-2019-best-wonderkids/12pqn3kwdzxuy129yslou9jo84,341227,Juan Miranda,2000-01-19,https://www.transfermarkt.us/juan-miranda/profil/spieler/341227,1.08,automatic,matched,19,19.163,15000000,2025-06-17,observed_to_date,2019-03-19,5000000,2019-02-19,last_known_before_target,2020-03-19,4500000,2019-12-17,last_known_before_target,2021-03-19,5000000,2021-01-05,last_known_before_target,2022-03-19,6000000,2021-12-30,last_known_before_target,2023-03-19,5000000,2022-11-07,last_known_before_target,2024-03-19,9000000,2023-12-22,last_known_before_target,2025-03-19,11000000,2024-12-18,last_known_before_target,2026-03-19,15000000,2025-12-23,last_known_before_target,2027-03-19,,,target_not_yet_reached,2028-03-19,,,target_not_yet_reached,2029-03-19,,,target_not_yet_reached,ok
2019,2019-03-19,46,Brenner,Sao Paulo,https://www.goal.com/en-ca/lists/nxgn-2019-best-wonderkids/12pqn3kwdzxuy129yslou9jo84,412366,Brenner,2000-01-16,https://www.transfermarkt.us/brenner/profil/spieler/412366,1.08,automatic,matched,19,19.171,9000000,2021-02-09,observed_to_date,2019-03-19,1000000,2019-02-18,last_known_before_target,2020-03-19,900000,2019-11-27,last_known_before_target,2021-03-19,9000000,2021-02-09,last_known_before_target,2022-03-19,7000000,2021-11-09,last_known_before_target,2023-03-19,8000000,2022-11-08,last_known_before_target,2024-03-19,8000000,2023-12-20,last_known_before_target,2025-03-19,8000000,2024-12-18,last_known_before_target,2026-03-19,4000000,2025-12-11,last_known_before_target,2027-03-19,,,target_not_yet_reached,2028-03-19,,,target_not_yet_reached,2029-03-19,,,target_not_yet_reached,ok
2019,2019-03-19,45,Mohamed Ihattaren,PSV,https://www.goal.com/en-ca/lists/nxgn-2019-best-wonderkids/12pqn3kwdzxuy129yslou9jo84,503638,Mohamed Ihattaren,2002-02-12,https://www.transfermarkt.us/mohamed-ihattaren/profil/spieler/503638,1.08,automatic,matched,17,17.095,22000000,2019-12-18,observed_to_date,2019-03-19,7000000,2019-03-13,last_known_before_target,2020-03-19,22000000,2019-12-18,last_known_before_target,2021-03-19,14000000,2021-03-09,last_known_before_target,2022-03-19,5000000,2021-12-28,last_known_before_target,2023-03-19,3000000,2022-11-11,last_known_before_target,2024-03-19,300000,2023-12-20,last_known_before_target,2025-03-19,300000,2024-12-17,last_known_before_target,2026-03-19,3000000,2026-03-11,last_known_before_target,2027-03-19,,,target_not_yet_reached,2028-03-19,,,target_not_yet_reached,2029-03-19,,,target_not_yet_reached,ok
2019,2019-03-19,44,Ante Palaversa,Manchester City,https://www.goal.com/en-ca/lists/nxgn-2019-best-wonderkids/12pqn3kwdzxuy129yslou9jo84,371003,Ante Palaversa,2000-04-06,https://www.transfermarkt.us/ante-palaversa/profil/spieler/371003,1.08,automatic,matched,18,18.949,5000000,2019-03-11,observed_to_date,2019-03-19,5000000,2019-03-11,last_known_before_target,2020-03-19,5000000,2019-12-13,last_known_before_target,2021-03-19,3000000,2021-01-05,last_known_before_target,2022-03-19,2000000,2022-01-06,last_known_before_target,2023-03-19,1200000,2022-11-02,last_known_before_target,2024-03-19,400000,2023-12-13,last_known_before_target,2025-03-19,600000,2024-12-03,last_known_before_target,2026-03-19,550000,2025-12-10,last_known_before_target,2027-03-19,,,target_not_yet_reached,2028-03-19,,,target_not_yet_reached,2029-03-19,,,target_not_yet_reached,ok
2019,2019-03-19,43,Gabriel Brazao,Parma,https://www.goal.com/en-ca/lists/nxgn-2019-best-wonderkids/12pqn3kwdzxuy129yslou9jo84,371247,Gabriel Brazão,2000-10-05,https://www.transfermarkt.us/gabriel-brazao/profil/spieler/371247,1.08,automatic,matched,18,18.451,12000000,2026-03-12,observed_to_date,2019-03-19,2000000,2019-03-01,last_known_before_target,2020-03-19,2000000,2019-12-20,last_known_before_target,2021-03-19,1000000,2021-01-08,last_known_before_target,2022-03-19,600000,2021-12-28,last_known_before_target,2023-03-19,500000,2022-11-11,last_known_before_target,2024-03-19,300000,2023-12-27,last_known_before_target,2025-03-19,1500000,2024-11-27,last_known_before_target,2026-03-19,12000000,2026-03-12,last_known_before_target,2027-03-19,,,target_not_yet_reached,2028-03-19,,,target_not_yet_reached,2029-03-19,,,target_not_yet_reached,ok
2019,2019-03-19,42,Antonio Marin,Dinamo Zagreb,https://www.goal.com/en-ca/lists/nxgn-2019-best-wonderkids/12pqn3kwdzxuy129yslou9jo84,371016,Antonio Marin,2001-01-09,https://www.transfermarkt.us/antonio-marin/profil/spieler/371016,1.08,automatic,matched,18,18.188,1800000,2022-06-06,observed_to_date,2019-03-19,500000,2019-03-11,last_known_before_target,2020-03-19,1500000,2019-12-27,last_known_before_target,2021-03-19,1300000,2020-07-27,last_known_before_target,2022-03-19,1000000,2021-12-30,last_known_before_target,2023-03-19,1800000,2022-11-08,last_known_before_target,2024-03-19,1000000,2023-12-18,last_known_before_target,2025-03-19,600000,2025-03-18,last_known_before_target,2026-03-19,500000,2025-12-10,last_known_before_target,2027-03-19,,,target_not_yet_reached,2028-03-19,,,target_not_yet_reached,2029-03-19,,,target_not_yet_reached,ok
2019,2019-03-19,41,Leonardo Campana,Barcelona SC,https://www.goal.com/en-ca/lists/nxgn-2019-best-wonderkids/12pqn3kwdzxuy129yslou9jo84,606872,Leonardo Campana,2000-07-24,https://www.transfermarkt.us/leonardo-campana/profil/spieler/606872,1.08,automatic,matched,18,18.651,3500000,2023-08-22,observed_to_date,2019-03-19,,,no_prior_valuation,2020-03-19,2000000,2019-12-30,last_known_before_target,2021-03-19,1500000,2021-01-28,last_known_before_target,2022-03-19,1200000,2022-01-03,last_known_before_target,2023-03-19,3000000,2022-11-08,last_known_before_target,2024-03-19,3500000,2023-12-18,last_known_before_target,2025-03-19,3500000,2024-12-12,last_known_before_target,2026-03-19,2500000,2025-12-11,last_known_before_target,2027-03-19,,,target_not_yet_reached,2028-03-19,,,target_not_yet_reached,2029-03-19,,,target_not_yet_reached,ok
2019,2019-03-19,40,Thiago Almada,Velez Sarsfield,https://www.goal.com/en-ca/lists/nxgn-2019-best-wonderkids/12pqn3kwdzxuy129yslou9jo84,576028,Thiago Almada,2001-04-26,https://www.transfermarkt.us/thiago-almada/profil/spieler/576028,1.08,automatic,matched,17,17.895,27000000,2023-08-22,observed_to_date,2019-03-19,5000000,2018-12-18,last_known_before_target,2020-03-19,20000000,2019-12-05,last_known_before_target,2021-03-19,20000000,2021-02-08,last_known_before_target,2022-03-19,20000000,2021-10-20,last_known_before_target,2023-03-19,15000000,2022-11-08,last_known_before_target,2024-03-19,27000000,2023-12-18,last_known_before_target,2025-03-19,27000000,2024-12-09,last_known_before_target,2026-03-19,20000000,2025-12-12,last_known_before_target,2027-03-19,,,target_not_yet_reached,2028-03-19,,,target_not_yet_reached,2029-03-19,,,target_not_yet_reached,ok
2019,2019-03-19,39,Ozan Kabak,Stuttgart,https://www.goal.com/en-ca/lists/nxgn-2019-best-wonderkids/12pqn3kwdzxuy129yslou9jo84,361260,Ozan Kabak,2000-03-25,https://www.transfermarkt.us/ozan-kabak/profil/spieler/361260,1.08,automatic,matched,18,18.982,32000000,2020-03-11,observed_to_date,2019-03-19,10000000,2019-03-06,last_known_before_target,2020-03-19,32000000,2020-03-11,last_known_before_target,2021-03-19,25000000,2021-03-18,last_known_before_target,2022-03-19,15000000,2021-12-23,last_known_before_target,2023-03-19,10000000,2022-11-09,last_known_before_target,2024-03-19,13000000,2023-12-14,last_known_before_target,2025-03-19,7500000,2024-12-20,last_known_before_target,2026-03-19,5000000,2025-12-19,last_known_before_target,2027-03-19,,,target_not_yet_reached,2028-03-19,,,target_not_yet_reached,2029-03-19,,,target_not_yet_reached,ok
2019,2019-03-19,38,Amine Gouiri,Lyon,https://www.goal.com/en-ca/lists/nxgn-2019-best-wonderkids/12pqn3kwdzxuy129yslou9jo84,418659,Amine Gouiri,2000-02-16,https://www.transfermarkt.us/amine-gouiri/profil/spieler/418659,1.08,automatic,matched,19,19.086,50000000,2022-03-23,observed_to_date,2019-03-19,4500000,2018-12-17,last_known_before_target,2020-03-19,4500000,2019-12-19,last_known_before_target,2021-03-19,20000000,2021-01-07,last_known_before_target,2022-03-19,45000000,2021-12-16,last_known_before_target,2023-03-19,38000000,2022-11-02,last_known_before_target,2024-03-19,28000000,2023-12-18,last_known_before_target,2025-03-19,20000000,2024-12-10,last_known_before_target,2026-03-19,28000000,2025-12-15,last_known_before_target,2027-03-19,,,target_not_yet_reached,2028-03-19,,,target_not_yet_reached,2029-03-19,,,target_not_yet_reached,ok
2019,2019-03-19,37,Julian Alvarez,River Plate,https://www.goal.com/en-ca/lists/nxgn-2019-best-wonderkids/12pqn3kwdzxuy129yslou9jo84,576024,Julián Alvarez,2000-01-31,https://www.transfermarkt.us/julian-alvarez/profil/spieler/576024,1.08,automatic,matched,19,19.13,120000000,2026-07-22,observed_to_date,2019-03-19,1000000,2018-12-18,last_known_before_target,2020-03-19,10000000,2019-12-05,last_known_before_target,2021-03-19,12000000,2021-02-08,last_known_before_target,2022-03-19,23000000,2022-02-08,last_known_before_target,2023-03-19,50000000,2022-12-23,last_known_before_target,2024-03-19,90000000,2023-12-19,last_known_before_target,2025-03-19,80000000,2024-12-27,last_known_before_target,2026-03-19,90000000,2026-03-16,last_known_before_target,2027-03-19,,,target_not_yet_reached,2028-03-19,,,target_not_yet_reached,2029-03-19,,,target_not_yet_reached,ok
2019,2019-03-19,36,Sergio Gomez,Borussia Dortmund,https://www.goal.com/en-ca/lists/nxgn-2019-best-wonderkids/12pqn3kwdzxuy129yslou9jo84,366930,Sergio Gómez,2000-09-04,https://www.transfermarkt.us/sergio-gomez/profil/spieler/366930,1.08,automatic,matched,18,18.536,20000000,2024-12-27,observed_to_date,2019-03-19,3000000,2018-12-18,last_known_before_target,2020-03-19,2500000,2019-12-20,last_known_before_target,2021-03-19,2500000,2021-01-05,last_known_before_target,2022-03-19,9000000,2022-01-06,last_known_before_target,2023-03-19,15000000,2022-11-03,last_known_before_target,2024-03-19,10000000,2023-12-19,last_known_before_target,2025-03-19,20000000,2024-12-27,last_known_before_target,2026-03-19,15000000,2025-12-12,last_known_before_target,2027-03-19,,,target_not_yet_reached,2028-03-19,,,target_not_yet_reached,2029-03-19,,,target_not_yet_reached,ok
2019,2019-03-19,35,Lincoln,Flamengo,https://www.goal.com/en-ca/lists/nxgn-2019-best-wonderkids/12pqn3kwdzxuy129yslou9jo84,372046,Lincoln,2000-12-16,https://www.transfermarkt.us/lincoln/profil/spieler/372046,1.08,automatic,matched,18,18.254,6000000,2019-11-27,observed_to_date,2019-03-19,5000000,2019-02-18,last_known_before_target,2020-03-19,6000000,2019-11-27,last_known_before_target,2021-03-19,3500000,2021-01-29,last_known_before_target,2022-03-19,2400000,2022-01-14,last_known_before_target,2023-03-19,1700000,2022-06-28,last_known_before_target,2024-03-19,800000,2024-02-22,last_known_before_target,2025-03-19,350000,2024-12-17,last_known_before_target,2026-03-19,350000,2025-12-11,last_known_before_target,2027-03-19,,,target_not_yet_reached,2028-03-19,,,target_not_yet_reached,2029-03-19,,,target_not_yet_reached,ok
2019,2019-03-19,34,Josh Sargent,Werder Bremen,https://www.goal.com/en-ca/lists/nxgn-2019-best-wonderkids/12pqn3kwdzxuy129yslou9jo84,393325,Josh Sargent,2000-02-20,https://www.transfermarkt.us/josh-sargent/profil/spieler/393325,1.08,automatic,matched,19,19.075,20000000,2025-10-06,observed_to_date,2019-03-19,3000000,2018-12-18,last_known_before_target,2020-03-19,7500000,2019-12-17,last_known_before_target,2021-03-19,9000000,2021-02-10,last_known_before_target,2022-03-19,8000000,2021-12-23,last_known_before_target,2023-03-19,12000000,2022-10-27,last_known_before_target,2024-03-19,12000000,2024-03-07,last_known_before_target,2025-03-19,13000000,2024-12-30,last_known_before_target,2026-03-19,20000000,2025-12-03,last_known_before_target,2027-03-19,,,target_not_yet_reached,2028-03-19,,,target_not_yet_reached,2029-03-19,,,target_not_yet_reached,ok
2019,2019-03-19,33,Erling Haaland,Red Bull Salzburg,https://www.goal.com/en-ca/lists/nxgn-2019-best-wonderkids/12pqn3kwdzxuy129yslou9jo84,418560,Erling Haaland,2000-07-21,https://www.transfermarkt.us/erling-haaland/profil/spieler/418560,1.08,automatic,matched,18,18.659,220000000,2026-07-22,observed_to_date,2019-03-19,5000000,2018-12-30,last_known_before_target,2020-03-19,80000000,2020-03-11,last_known_before_target,2021-03-19,110000000,2021-02-10,last_known_before_target,2022-03-19,150000000,2021-12-22,last_known_before_target,2023-03-19,170000000,2022-11-03,last_known_before_target,2024-03-19,180000000,2023-12-19,last_known_before_target,2025-03-19,200000000,2024-12-16,last_known_before_target,2026-03-19,200000000,2025-12-09,last_known_before_target,2027-03-19,,,target_not_yet_reached,2028-03-19,,,target_not_yet_reached,2029-03-19,,,target_not_yet_reached,ok
2019,2019-03-19,32,Emile Smith Rowe,Arsenal,https://www.goal.com/en-ca/lists/nxgn-2019-best-wonderkids/12pqn3kwdzxuy129yslou9jo84,392765,Emile Smith Rowe,2000-07-28,https://www.transfermarkt.us/emile-smith-rowe/profil/spieler/392765,1.08,automatic,matched,18,18.64,40000000,2022-03-29,observed_to_date,2019-03-19,4000000,2019-02-10,last_known_before_target,2020-03-19,3000000,2020-02-27,last_known_before_target,2021-03-19,13000000,2021-03-18,last_known_before_target,2022-03-19,38000000,2021-12-23,last_known_before_target,2023-03-19,38000000,2022-11-03,last_known_before_target,2024-03-19,25000000,2023-12-19,last_known_before_target,2025-03-19,32000000,2024-12-16,last_known_before_target,2026-03-19,22000000,2025-12-09,last_known_before_target,2027-03-19,,,target_not_yet_reached,2028-03-19,,,target_not_yet_reached,2029-03-19,,,target_not_yet_reached,ok
2019,2019-03-19,31,Rhian Brewster,Liverpool,https://www.goal.com/en-ca/lists/nxgn-2019-best-wonderkids/12pqn3kwdzxuy129yslou9jo84,406560,Rhian Brewster,2000-04-01,https://www.transfermarkt.us/rhian-brewster/profil/spieler/406560,1.08,automatic,matched,18,18.963,15000000,2020-10-13,observed_to_date,2019-03-19,,,no_prior_valuation,2020-03-19,6000000,2020-02-27,last_known_before_target,2021-03-19,12000000,2021-03-18,last_known_before_target,2022-03-19,9000000,2021-11-24,last_known_before_target,2023-03-19,5000000,2022-10-27,last_known_before_target,2024-03-19,3000000,2023-12-19,last_known_before_target,2025-03-19,3000000,2024-12-30,last_known_before_target,2026-03-19,2600000,2025-12-03,last_known_before_target,2027-03-19,,,target_not_yet_reached,2028-03-19,,,target_not_yet_reached,2029-03-19,,,target_not_yet_reached,ok
2019,2019-03-19,30,Ryan Gravenberch,Ajax,https://www.goal.com/en-ca/lists/nxgn-2019-best-wonderkids/12pqn3kwdzxuy129yslou9jo84,478573,Ryan Gravenberch,2002-05-16,https://www.transfermarkt.us/ryan-gravenberch/profil/spieler/478573,1.08,automatic,matched,16,16.841,90000000,2025-10-17,observed_to_date,2019-03-19,5000000,2019-01-21,last_known_before_target,2020-03-19,12000000,2020-02-11,last_known_before_target,2021-03-19,28000000,2021-03-09,last_known_before_target,2022-03-19,35000000,2022-01-05,last_known_before_target,2023-03-19,30000000,2022-11-09,last_known_before_target,2024-03-19,35000000,2023-12-19,last_known_before_target,2025-03-19,70000000,2025-03-18,last_known_before_target,2026-03-19,90000000,2025-12-09,last_known_before_target,2027-03-19,,,target_not_yet_reached,2028-03-19,,,target_not_yet_reached,2029-03-19,,,target_not_yet_reached,ok
2019,2019-03-19,29,Willem Geubbels,Lyon,https://www.goal.com/en-ca/lists/nxgn-2019-best-wonderkids/12pqn3kwdzxuy129yslou9jo84,463620,Willem Geubbels,2001-08-16,https://www.transfermarkt.us/willem-geubbels/profil/spieler/463620,1.08,automatic,matched,17,17.588,12000000,2018-09-06,observed_to_date,2019-03-19,12000000,2018-12-17,last_known_before_target,2020-03-19,7000000,2019-12-19,last_known_before_target,2021-03-19,6000000,2020-10-12,last_known_before_target,2022-03-19,4500000,2021-12-16,last_known_before_target,2023-03-19,2500000,2022-11-02,last_known_before_target,2024-03-19,2000000,2023-12-21,last_known_before_target,2025-03-19,5000000,2024-12-23,last_known_before_target,2026-03-19,7000000,2025-12-15,last_known_before_target,2027-03-19,,,target_not_yet_reached,2028-03-19,,,target_not_yet_reached,2029-03-19,,,target_not_yet_reached,ok
2019,2019-03-19,28,Lee Kang-in,Valencia,https://www.goal.com/en-ca/lists/nxgn-2019-best-wonderkids/12pqn3kwdzxuy129yslou9jo84,557149,Kang-in Lee,2001-02-19,https://www.transfermarkt.us/player/profil/spieler/557149,1.08,manual_override,matched,18,18.076,30000000,2024-12-10,observed_to_date,2019-03-19,7500000,2019-02-28,last_known_before_target,2020-03-19,15000000,2020-03-05,last_known_before_target,2021-03-19,15000000,2021-01-05,last_known_before_target,2022-03-19,10000000,2021-12-30,last_known_before_target,2023-03-19,12000000,2022-11-07,last_known_before_target,2024-03-19,22000000,2023-12-18,last_known_before_target,2025-03-19,30000000,2024-12-10,last_known_before_target,2026-03-19,25000000,2025-12-15,last_known_before_target,2027-03-19,,,target_not_yet_reached,2028-03-19,,,target_not_yet_reached,2029-03-19,,,target_not_yet_reached,ok
2019,2019-03-19,27,Abel Ruiz,Barcelona,https://www.goal.com/en-ca/lists/nxgn-2019-best-wonderkids/12pqn3kwdzxuy129yslou9jo84,340376,Abel Ruiz,2000-01-28,https://www.transfermarkt.us/abel-ruiz/profil/spieler/340376,1.08,automatic,matched,19,19.138,14000000,2023-07-12,observed_to_date,2019-03-19,3000000,2019-02-19,last_known_before_target,2020-03-19,5000000,2020-02-11,last_known_before_target,2021-03-19,5000000,2021-01-28,last_known_before_target,2022-03-19,7000000,2021-12-27,last_known_before_target,2023-03-19,8000000,2023-03-02,last_known_before_target,2024-03-19,12000000,2023-12-27,last_known_before_target,2025-03-19,7500000,2024-12-27,last_known_before_target,2026-03-19,2500000,2026-03-16,last_known_before_target,2027-03-19,,,target_not_yet_reached,2028-03-19,,,target_not_yet_reached,2029-03-19,,,target_not_yet_reached,ok
2019,2019-03-19,26,Jann-Fiete Arp,Hamburg,https://www.goal.com/en-ca/lists/nxgn-2019-best-wonderkids/12pqn3kwdzxuy129yslou9jo84,343337,Fiete Arp,2000-01-06,https://www.transfermarkt.us/fiete-arp/profil/spieler/343337,0.836,automatic,matched,19,19.198,7500000,2017-12-28,observed_to_date,2019-03-19,4000000,2019-01-08,last_known_before_target,2020-03-19,3000000,2019-12-17,last_known_before_target,2021-03-19,1200000,2021-01-20,last_known_before_target,2022-03-19,700000,2021-12-15,last_known_before_target,2023-03-19,500000,2022-11-30,last_known_before_target,2024-03-19,800000,2023-12-15,last_known_before_target,2025-03-19,800000,2024-12-20,last_known_before_target,2026-03-19,1200000,2025-12-15,last_known_before_target,2027-03-19,,,target_not_yet_reached,2028-03-19,,,target_not_yet_reached,2029-03-19,,,target_not_yet_reached,ok
2019,2019-03-19,25,Hamed Junior Traore,Empoli,https://www.goal.com/en-ca/lists/nxgn-2019-best-wonderkids/12pqn3kwdzxuy129yslou9jo84,391065,Hamed Traoré,2000-02-16,https://www.transfermarkt.us/hamed-traore/profil/spieler/391065,0.828,automatic,matched,19,19.086,22000000,2022-03-15,observed_to_date,2019-03-19,7000000,2018-12-20,last_known_before_target,2020-03-19,15000000,2019-12-12,last_known_before_target,2021-03-19,14000000,2020-12-29,last_known_before_target,2022-03-19,22000000,2022-03-15,last_known_before_target,2023-03-19,22000000,2022-11-11,last_known_before_target,2024-03-19,18000000,2023-12-19,last_known_before_target,2025-03-19,18000000,2024-12-10,last_known_before_target,2026-03-19,15000000,2025-12-15,last_known_before_target,2027-03-19,,,target_not_yet_reached,2028-03-19,,,target_not_yet_reached,2029-03-19,,,target_not_yet_reached,ok
2019,2019-03-19,24,Pietro Pellegri,Monaco,https://www.goal.com/en-ca/lists/nxgn-2019-best-wonderkids/12pqn3kwdzxuy129yslou9jo84,364133,Pietro Pellegri,2001-03-17,https://www.transfermarkt.us/pietro-pellegri/profil/spieler/364133,1.08,automatic,matched,18,18.004,8000000,2017-12-29,observed_to_date,2019-03-19,8000000,2018-12-17,last_known_before_target,2020-03-19,7000000,2019-12-19,last_known_before_target,2021-03-19,6000000,2020-10-12,last_known_before_target,2022-03-19,5000000,2021-12-28,last_known_before_target,2023-03-19,5000000,2022-11-11,last_known_before_target,2024-03-19,3500000,2023-12-20,last_known_before_target,2025-03-19,3000000,2024-12-18,last_known_before_target,2026-03-19,1000000,2026-03-17,last_known_before_target,2027-03-19,,,target_not_yet_reached,2028-03-19,,,target_not_yet_reached,2029-03-19,,,target_not_yet_reached,ok
2019,2019-03-19,23,Ki-Jana Hoever,Liverpool,https://www.goal.com/en-ca/lists/nxgn-2019-best-wonderkids/12pqn3kwdzxuy129yslou9jo84,485583,Ki-Jana Hoever,2002-01-18,https://www.transfermarkt.us/ki-jana-hoever/profil/spieler/485583,1.08,automatic,matched,17,17.164,7000000,2020-10-13,observed_to_date,2019-03-19,,,no_prior_valuation,2020-03-19,4000000,2019-08-07,last_known_before_target,2021-03-19,7000000,2021-03-18,last_known_before_target,2022-03-19,7000000,2021-12-23,last_known_before_target,2023-03-19,4000000,2022-11-11,last_known_before_target,2024-03-19,3500000,2023-12-21,last_known_before_target,2025-03-19,4500000,2024-12-10,last_known_before_target,2026-03-19,5000000,2025-12-09,last_known_before_target,2027-03-19,,,target_not_yet_reached,2028-03-19,,,target_not_yet_reached,2029-03-19,,,target_not_yet_reached,ok
2019,2019-03-19,22,Benoit Badiashile,Monaco,https://www.goal.com/en-ca/lists/nxgn-2019-best-wonderkids/12pqn3kwdzxuy129yslou9jo84,463603,Benoît Badiashile,2001-03-26,https://www.transfermarkt.us/benoit-badiashile/profil/spieler/463603,1.08,automatic,matched,17,17.98,40000000,2022-11-02,observed_to_date,2019-03-19,9000000,2019-03-07,last_known_before_target,2020-03-19,20000000,2019-12-19,last_known_before_target,2021-03-19,25000000,2020-10-15,last_known_before_target,2022-03-19,28000000,2021-12-16,last_known_before_target,2023-03-19,40000000,2022-11-02,last_known_before_target,2024-03-19,32000000,2024-03-14,last_known_before_target,2025-03-19,25000000,2025-03-18,last_known_before_target,2026-03-19,18000000,2025-12-09,last_known_before_target,2027-03-19,,,target_not_yet_reached,2028-03-19,,,target_not_yet_reached,2029-03-19,,,target_not_yet_reached,ok
2019,2019-03-19,21,Dominik Szoboszlai,Red Bull Salzburg,https://www.goal.com/en-ca/lists/nxgn-2019-best-wonderkids/12pqn3kwdzxuy129yslou9jo84,451276,Dominik Szoboszlai,2000-10-25,https://www.transfermarkt.us/dominik-szoboszlai/profil/spieler/451276,1.08,automatic,matched,18,18.396,100000000,2026-03-09,observed_to_date,2019-03-19,2000000,2018-12-19,last_known_before_target,2020-03-19,15000000,2019-12-16,last_known_before_target,2021-03-19,25000000,2020-12-21,last_known_before_target,2022-03-19,28000000,2021-12-22,last_known_before_target,2023-03-19,35000000,2022-11-09,last_known_before_target,2024-03-19,75000000,2023-12-19,last_known_before_target,2025-03-19,80000000,2025-03-18,last_known_before_target,2026-03-19,100000000,2026-03-09,last_known_before_target,2027-03-19,,,target_not_yet_reached,2028-03-19,,,target_not_yet_reached,2029-03-19,,,target_not_yet_reached,ok
2019,2019-03-19,20,Aurelien Tchouameni,Bordeaux,https://www.goal.com/en-ca/lists/nxgn-2019-best-wonderkids/12pqn3kwdzxuy129yslou9jo84,413112,Aurélien Tchouaméni,2000-01-27,https://www.transfermarkt.us/aurelien-tchouameni/profil/spieler/413112,1.08,automatic,matched,19,19.141,100000000,2024-06-07,observed_to_date,2019-03-19,7000000,2019-03-07,last_known_before_target,2020-03-19,17000000,2020-02-11,last_known_before_target,2021-03-19,16000000,2020-10-12,last_known_before_target,2022-03-19,40000000,2021-12-16,last_known_before_target,2023-03-19,90000000,2022-12-23,last_known_before_target,2024-03-19,90000000,2023-12-22,last_known_before_target,2025-03-19,80000000,2024-12-27,last_known_before_target,2026-03-19,75000000,2025-12-12,last_known_before_target,2027-03-19,,,target_not_yet_reached,2028-03-19,,,target_not_yet_reached,2029-03-19,,,target_not_yet_reached,ok
2019,2019-03-19,19,Agustin Almendra,Boca Juniors,https://www.goal.com/en-ca/lists/nxgn-2019-best-wonderkids/12pqn3kwdzxuy129yslou9jo84,491698,Agustín Almendra,2000-02-11,https://www.transfermarkt.us/agustin-almendra/profil/spieler/491698,1.08,automatic,matched,19,19.1,15000000,2019-05-23,observed_to_date,2019-03-19,5000000,2018-12-18,last_known_before_target,2020-03-19,12000000,2019-12-05,last_known_before_target,2021-03-19,4500000,2021-02-08,last_known_before_target,2022-03-19,5000000,2022-02-08,last_known_before_target,2023-03-19,2000000,2022-10-26,last_known_before_target,2024-03-19,1500000,2024-03-11,last_known_before_target,2025-03-19,3000000,2024-12-13,last_known_before_target,2026-03-19,4000000,2025-12-17,last_known_before_target,2027-03-19,,,target_not_yet_reached,2028-03-19,,,target_not_yet_reached,2029-03-19,,,target_not_yet_reached,ok
2019,2019-03-19,18,Paulinho,Bayer Leverkusen,https://www.goal.com/en-ca/lists/nxgn-2019-best-wonderkids/12pqn3kwdzxuy129yslou9jo84,428791,Paulinho,2000-07-15,https://www.transfermarkt.us/player/profil/spieler/428791,1.08,manual_override,matched,18,18.675,25000000,2018-05-23,observed_to_date,2019-03-19,17000000,2018-12-18,last_known_before_target,2020-03-19,15000000,2019-12-17,last_known_before_target,2021-03-19,13000000,2021-02-10,last_known_before_target,2022-03-19,11000000,2021-12-22,last_known_before_target,2023-03-19,7000000,2022-11-09,last_known_before_target,2024-03-19,15000000,2023-12-11,last_known_before_target,2025-03-19,17000000,2024-12-09,last_known_before_target,2026-03-19,11000000,2026-03-12,last_known_before_target,2027-03-19,,,target_not_yet_reached,2028-03-19,,,target_not_yet_reached,2029-03-19,,,target_not_yet_reached,ok
2019,2019-03-19,17,Timothy Weah,Paris Saint-Germain,https://www.goal.com/en-ca/lists/nxgn-2019-best-wonderkids/12pqn3kwdzxuy129yslou9jo84,370846,Timothy Weah,2000-02-22,https://www.transfermarkt.us/timothy-weah/profil/spieler/370846,1.08,automatic,matched,19,19.07,20000000,2025-10-10,observed_to_date,2019-03-19,5000000,2018-12-17,last_known_before_target,2020-03-19,8000000,2019-12-19,last_known_before_target,2021-03-19,7500000,2020-10-15,last_known_before_target,2022-03-19,15000000,2021-12-16,last_known_before_target,2023-03-19,12000000,2022-11-02,last_known_before_target,2024-03-19,14000000,2023-12-20,last_known_before_target,2025-03-19,17000000,2024-12-18,last_known_before_target,2026-03-19,20000000,2025-12-15,last_known_before_target,2027-03-19,,,target_not_yet_reached,2028-03-19,,,target_not_yet_reached,2029-03-19,,,target_not_yet_reached,ok
2019,2019-03-19,16,Mason Greenwood,Manchester United,https://www.goal.com/en-ca/lists/nxgn-2019-best-wonderkids/12pqn3kwdzxuy129yslou9jo84,532826,Mason Greenwood,2001-10-01,https://www.transfermarkt.us/mason-greenwood/profil/spieler/532826,1.08,automatic,matched,17,17.462,55000000,2026-03-27,observed_to_date,2019-03-19,,,no_prior_valuation,2020-03-19,32000000,2020-03-09,last_known_before_target,2021-03-19,50000000,2021-03-18,last_known_before_target,2022-03-19,50000000,2021-12-23,last_known_before_target,2023-03-19,0,2022-03-29,last_known_before_target,2024-03-19,7500000,2023-12-22,last_known_before_target,2025-03-19,35000000,2024-12-10,last_known_before_target,2026-03-19,50000000,2025-12-15,last_known_before_target,2027-03-19,,,target_not_yet_reached,2028-03-19,,,target_not_yet_reached,2029-03-19,,,target_not_yet_reached,ok
2019,2019-03-19,15,Eric Garcia,Manchester City,https://www.goal.com/en-ca/lists/nxgn-2019-best-wonderkids/12pqn3kwdzxuy129yslou9jo84,466794,Eric García,2001-01-09,https://www.transfermarkt.us/eric-garcia/profil/spieler/466794,1.08,automatic,matched,18,18.188,40000000,2026-06-05,observed_to_date,2019-03-19,,,no_prior_valuation,2020-03-19,7000000,2019-09-25,last_known_before_target,2021-03-19,20000000,2021-03-18,last_known_before_target,2022-03-19,18000000,2021-12-30,last_known_before_target,2023-03-19,18000000,2022-11-07,last_known_before_target,2024-03-19,15000000,2023-12-22,last_known_before_target,2025-03-19,18000000,2024-12-27,last_known_before_target,2026-03-19,35000000,2026-03-16,last_known_before_target,2027-03-19,,,target_not_yet_reached,2028-03-19,,,target_not_yet_reached,2029-03-19,,,target_not_yet_reached,ok
2019,2019-03-19,14,Ethan Ampadu,Chelsea,https://www.goal.com/en-ca/lists/nxgn-2019-best-wonderkids/12pqn3kwdzxuy129yslou9jo84,392771,Ethan Ampadu,2000-09-14,https://www.transfermarkt.us/ethan-ampadu/profil/spieler/392771,1.08,automatic,matched,18,18.508,30000000,2026-06-03,observed_to_date,2019-03-19,10000000,2019-03-05,last_known_before_target,2020-03-19,10000000,2019-12-17,last_known_before_target,2021-03-19,12000000,2021-03-18,last_known_before_target,2022-03-19,15000000,2021-12-28,last_known_before_target,2023-03-19,9000000,2022-11-11,last_known_before_target,2024-03-19,15000000,2024-03-07,last_known_before_target,2025-03-19,16000000,2024-12-30,last_known_before_target,2026-03-19,25000000,2026-03-09,last_known_before_target,2027-03-19,,,target_not_yet_reached,2028-03-19,,,target_not_yet_reached,2029-03-19,,,target_not_yet_reached,ok
2019,2019-03-19,13,Sofiane Diop,Monaco,https://www.goal.com/en-ca/lists/nxgn-2019-best-wonderkids/12pqn3kwdzxuy129yslou9jo84,569389,Sofiane Diop,2000-06-09,https://www.transfermarkt.us/sofiane-diop/profil/spieler/569389,1.08,automatic,matched,18,18.774,20000000,2021-10-08,observed_to_date,2019-03-19,5000000,2018-12-17,last_known_before_target,2020-03-19,3000000,2020-01-06,last_known_before_target,2021-03-19,10000000,2021-01-07,last_known_before_target,2022-03-19,20000000,2021-12-16,last_known_before_target,2023-03-19,18000000,2022-11-02,last_known_before_target,2024-03-19,15000000,2023-12-18,last_known_before_target,2025-03-19,12000000,2024-12-10,last_known_before_target,2026-03-19,10000000,2025-12-15,last_known_before_target,2027-03-19,,,target_not_yet_reached,2028-03-19,,,target_not_yet_reached,2029-03-19,,,target_not_yet_reached,ok
2019,2019-03-19,12,Ferran Torres,Valencia,https://www.goal.com/en-ca/lists/nxgn-2019-best-wonderkids/12pqn3kwdzxuy129yslou9jo84,398184,Ferran Torres,2000-02-29,https://www.transfermarkt.us/ferran-torres/profil/spieler/398184,1.08,automatic,matched,19,19.05,55000000,2026-07-22,observed_to_date,2019-03-19,12000000,2019-02-28,last_known_before_target,2020-03-19,50000000,2020-03-05,last_known_before_target,2021-03-19,50000000,2021-03-18,last_known_before_target,2022-03-19,45000000,2021-12-23,last_known_before_target,2023-03-19,35000000,2022-11-07,last_known_before_target,2024-03-19,35000000,2023-12-22,last_known_before_target,2025-03-19,28000000,2024-12-27,last_known_before_target,2026-03-19,50000000,2025-12-12,last_known_before_target,2027-03-19,,,target_not_yet_reached,2028-03-19,,,target_not_yet_reached,2029-03-19,,,target_not_yet_reached,ok
2019,2019-03-19,11,Ryan Sessegnon,Fulham,https://www.goal.com/en-ca/lists/nxgn-2019-best-wonderkids/12pqn3kwdzxuy129yslou9jo84,392775,Ryan Sessegnon,2000-05-18,https://www.transfermarkt.us/ryan-sessegnon/profil/spieler/392775,1.08,automatic,matched,18,18.834,35000000,2018-08-13,observed_to_date,2019-03-19,35000000,2018-12-19,last_known_before_target,2020-03-19,35000000,2019-12-10,last_known_before_target,2021-03-19,20000000,2021-02-10,last_known_before_target,2022-03-19,15000000,2021-12-23,last_known_before_target,2023-03-19,22000000,2022-11-03,last_known_before_target,2024-03-19,13000000,2023-12-19,last_known_before_target,2025-03-19,9000000,2024-12-16,last_known_before_target,2026-03-19,20000000,2025-12-09,last_known_before_target,2027-03-19,,,target_not_yet_reached,2028-03-19,,,target_not_yet_reached,2029-03-19,,,target_not_yet_reached,ok
2019,2019-03-19,10,Morgan Gibbs-White,Wolves,https://www.goal.com/en-ca/lists/nxgn-2019-best-wonderkids/12pqn3kwdzxuy129yslou9jo84,429014,Morgan Gibbs-White,2000-01-27,https://www.transfermarkt.us/morgan-gibbs-white/profil/spieler/429014,1.08,automatic,matched,19,19.141,70000000,2026-06-03,observed_to_date,2019-03-19,5000000,2019-03-05,last_known_before_target,2020-03-19,8000000,2019-12-10,last_known_before_target,2021-03-19,6000000,2021-03-18,last_known_before_target,2022-03-19,9000000,2021-11-24,last_known_before_target,2023-03-19,30000000,2023-03-16,last_known_before_target,2024-03-19,40000000,2023-12-19,last_known_before_target,2025-03-19,50000000,2025-03-18,last_known_before_target,2026-03-19,60000000,2026-03-09,last_known_before_target,2027-03-19,,,target_not_yet_reached,2028-03-19,,,target_not_yet_reached,2029-03-19,,,target_not_yet_reached,ok
2019,2019-03-19,9,Moise Kean,Juventus,https://www.goal.com/en-ca/lists/nxgn-2019-best-wonderkids/12pqn3kwdzxuy129yslou9jo84,364135,Moise Kean,2000-02-28,https://www.transfermarkt.us/moise-kean/profil/spieler/364135,1.08,automatic,matched,19,19.053,50000000,2025-06-17,observed_to_date,2019-03-19,15000000,2018-12-20,last_known_before_target,2020-03-19,28000000,2020-03-09,last_known_before_target,2021-03-19,30000000,2021-01-07,last_known_before_target,2022-03-19,28000000,2022-03-15,last_known_before_target,2023-03-19,20000000,2022-11-11,last_known_before_target,2024-03-19,18000000,2023-12-20,last_known_before_target,2025-03-19,30000000,2024-12-18,last_known_before_target,2026-03-19,45000000,2025-12-23,last_known_before_target,2027-03-19,,,target_not_yet_reached,2028-03-19,,,target_not_yet_reached,2029-03-19,,,target_not_yet_reached,ok
2019,2019-03-19,8,Diego Lainez,Real Betis,https://www.goal.com/en-ca/lists/nxgn-2019-best-wonderkids/12pqn3kwdzxuy129yslou9jo84,371174,Diego Lainez,2000-06-09,https://www.transfermarkt.us/diego-lainez/profil/spieler/371174,1.08,automatic,matched,18,18.774,14000000,2019-02-28,observed_to_date,2019-03-19,14000000,2019-02-28,last_known_before_target,2020-03-19,10000000,2019-12-20,last_known_before_target,2021-03-19,7500000,2021-01-05,last_known_before_target,2022-03-19,3500000,2022-03-17,last_known_before_target,2023-03-19,2500000,2022-11-01,last_known_before_target,2024-03-19,3500000,2023-12-29,last_known_before_target,2025-03-19,3000000,2024-12-11,last_known_before_target,2026-03-19,5500000,2025-12-29,last_known_before_target,2027-03-19,,,target_not_yet_reached,2028-03-19,,,target_not_yet_reached,2029-03-19,,,target_not_yet_reached,ok
2019,2019-03-19,7,Sandro Tonali,Brescia,https://www.goal.com/en-ca/lists/nxgn-2019-best-wonderkids/12pqn3kwdzxuy129yslou9jo84,397033,Sandro Tonali,2000-05-08,https://www.transfermarkt.us/sandro-tonali/profil/spieler/397033,1.08,automatic,matched,18,18.861,80000000,2026-03-09,observed_to_date,2019-03-19,15000000,2019-01-17,last_known_before_target,2020-03-19,35000000,2020-03-03,last_known_before_target,2021-03-19,32000000,2020-12-29,last_known_before_target,2022-03-19,40000000,2022-03-15,last_known_before_target,2023-03-19,50000000,2022-11-11,last_known_before_target,2024-03-19,40000000,2023-12-19,last_known_before_target,2025-03-19,45000000,2025-03-18,last_known_before_target,2026-03-19,80000000,2026-03-09,last_known_before_target,2027-03-19,,,target_not_yet_reached,2028-03-19,,,target_not_yet_reached,2029-03-19,,,target_not_yet_reached,ok
2019,2019-03-19,6,Alphonso Davies,Bayern Munich,https://www.goal.com/en-ca/lists/nxgn-2019-best-wonderkids/12pqn3kwdzxuy129yslou9jo84,424204,Alphonso Davies,2000-11-02,https://www.transfermarkt.us/alphonso-davies/profil/spieler/424204,1.08,automatic,matched,18,18.374,80000000,2020-09-16,observed_to_date,2019-03-19,10000000,2018-12-15,last_known_before_target,2020-03-19,50000000,2020-03-11,last_known_before_target,2021-03-19,75000000,2021-02-10,last_known_before_target,2022-03-19,70000000,2021-12-22,last_known_before_target,2023-03-19,70000000,2022-11-09,last_known_before_target,2024-03-19,70000000,2023-12-14,last_known_before_target,2025-03-19,50000000,2024-12-20,last_known_before_target,2026-03-19,50000000,2025-12-19,last_known_before_target,2027-03-19,,,target_not_yet_reached,2028-03-19,,,target_not_yet_reached,2029-03-19,,,target_not_yet_reached,ok
2019,2019-03-19,5,Rodrygo,Real Madrid,https://www.goal.com/en-ca/lists/nxgn-2019-best-wonderkids/12pqn3kwdzxuy129yslou9jo84,412363,Rodrygo,2001-01-09,https://www.transfermarkt.us/rodrygo/profil/spieler/412363,1.08,automatic,matched,18,18.188,110000000,2024-06-07,observed_to_date,2019-03-19,40000000,2019-02-18,last_known_before_target,2020-03-19,50000000,2019-12-20,last_known_before_target,2021-03-19,45000000,2021-01-05,last_known_before_target,2022-03-19,40000000,2021-12-30,last_known_before_target,2023-03-19,80000000,2022-11-07,last_known_before_target,2024-03-19,100000000,2023-12-22,last_known_before_target,2025-03-19,100000000,2024-12-27,last_known_before_target,2026-03-19,50000000,2026-03-16,last_known_before_target,2027-03-19,,,target_not_yet_reached,2028-03-19,,,target_not_yet_reached,2029-03-19,,,target_not_yet_reached,ok
2019,2019-03-19,4,Phil Foden,Manchester City,https://www.goal.com/en-ca/lists/nxgn-2019-best-wonderkids/12pqn3kwdzxuy129yslou9jo84,406635,Phil Foden,2000-05-28,https://www.transfermarkt.us/phil-foden/profil/spieler/406635,1.08,automatic,matched,18,18.807,150000000,2024-05-27,observed_to_date,2019-03-19,25000000,2019-03-05,last_known_before_target,2020-03-19,30000000,2019-12-10,last_known_before_target,2021-03-19,70000000,2021-03-18,last_known_before_target,2022-03-19,85000000,2021-12-23,last_known_before_target,2023-03-19,110000000,2022-11-03,last_known_before_target,2024-03-19,130000000,2024-03-14,last_known_before_target,2025-03-19,130000000,2025-03-18,last_known_before_target,2026-03-19,80000000,2025-12-09,last_known_before_target,2027-03-19,,,target_not_yet_reached,2028-03-19,,,target_not_yet_reached,2029-03-19,,,target_not_yet_reached,ok
2019,2019-03-19,3,Callum Hudson-Odoi,Chelsea,https://www.goal.com/en-ca/lists/nxgn-2019-best-wonderkids/12pqn3kwdzxuy129yslou9jo84,392768,Callum Hudson-Odoi,2000-11-07,https://www.transfermarkt.us/callum-hudson-odoi/profil/spieler/392768,1.08,automatic,matched,18,18.36,35000000,2019-06-13,observed_to_date,2019-03-19,25000000,2019-02-15,last_known_before_target,2020-03-19,35000000,2019-12-10,last_known_before_target,2021-03-19,35000000,2021-03-18,last_known_before_target,2022-03-19,32000000,2021-12-23,last_known_before_target,2023-03-19,25000000,2022-11-09,last_known_before_target,2024-03-19,15000000,2024-03-14,last_known_before_target,2025-03-19,24000000,2024-12-16,last_known_before_target,2026-03-19,30000000,2025-12-09,last_known_before_target,2027-03-19,,,target_not_yet_reached,2028-03-19,,,target_not_yet_reached,2029-03-19,,,target_not_yet_reached,ok
2019,2019-03-19,2,Vinicius Jr,Real Madrid,https://www.goal.com/en-ca/lists/nxgn-2019-best-wonderkids/12pqn3kwdzxuy129yslou9jo84,371998,Vinicius Junior,2000-07-12,https://www.transfermarkt.us/vinicius-junior/profil/spieler/371998,0.886,automatic,matched,18,18.683,200000000,2024-10-11,observed_to_date,2019-03-19,70000000,2019-02-28,last_known_before_target,2020-03-19,50000000,2019-12-20,last_known_before_target,2021-03-19,40000000,2021-01-05,last_known_before_target,2022-03-19,100000000,2021-12-30,last_known_before_target,2023-03-19,120000000,2022-11-07,last_known_before_target,2024-03-19,150000000,2023-12-22,last_known_before_target,2025-03-19,200000000,2024-12-27,last_known_before_target,2026-03-19,150000000,2025-12-12,last_known_before_target,2027-03-19,,,target_not_yet_reached,2028-03-19,,,target_not_yet_reached,2029-03-19,,,target_not_yet_reached,ok
2019,2019-03-19,1,Jadon Sancho,Borussia Dortmund,https://www.goal.com/en-ca/lists/nxgn-2019-best-wonderkids/12pqn3kwdzxuy129yslou9jo84,401173,Jadon Sancho,2000-03-25,https://www.transfermarkt.us/jadon-sancho/profil/spieler/401173,1.08,automatic,matched,18,18.982,130000000,2020-03-11,observed_to_date,2019-03-19,80000000,2019-03-06,last_known_before_target,2020-03-19,130000000,2020-03-11,last_known_before_target,2021-03-19,100000000,2021-02-10,last_known_before_target,2022-03-19,85000000,2021-12-23,last_known_before_target,2023-03-19,55000000,2023-03-16,last_known_before_target,2024-03-19,25000000,2023-12-19,last_known_before_target,2025-03-19,30000000,2024-12-16,last_known_before_target,2026-03-19,20000000,2025-12-09,last_known_before_target,2027-03-19,,,target_not_yet_reached,2028-03-19,,,target_not_yet_reached,2029-03-19,,,target_not_yet_reached,ok
2020,2020-03-31,50,Pablo Moreno,Juventus,https://www.goal.com/en/lists/nxgn-2020-best-wonderkids/1cqsntx3aseia1tnvtp5f40szl,466811,Pablo Moreno,2002-05-03,https://www.transfermarkt.us/pablo-moreno/profil/spieler/466811,1.08,automatic,matched,17,17.911,1000000,2020-10-08,observed_to_date,2020-03-31,,,no_prior_valuation,2021-03-31,1000000,2021-01-08,last_known_before_target,2022-03-31,1000000,2021-12-27,last_known_before_target,2023-03-31,1000000,2022-11-01,last_known_before_target,2024-03-31,600000,2023-12-20,last_known_before_target,2025-03-31,200000,2025-03-27,last_known_before_target,2026-03-31,100000,2026-03-18,last_known_before_target,2027-03-31,,,target_not_yet_reached,2028-03-31,,,target_not_yet_reached,2029-03-31,,,target_not_yet_reached,2030-03-31,,,target_not_yet_reached,ok
2020,2020-03-31,49,Luqman Hakim,Selangor,https://www.goal.com/en/lists/nxgn-2020-best-wonderkids/1cqsntx3aseia1tnvtp5f40szl,541749,Luqman Hakim,2002-03-05,https://www.transfermarkt.us/luqman-hakim/profil/spieler/541749,1.08,automatic,matched,18,18.073,200000,2026-06-08,observed_to_date,2020-03-31,,,no_prior_valuation,2021-03-31,150000,2020-10-16,last_known_before_target,2022-03-31,100000,2022-01-06,last_known_before_target,2023-03-31,100000,2022-11-04,last_known_before_target,2024-03-31,50000,2024-02-22,last_known_before_target,2025-03-31,50000,2024-12-12,last_known_before_target,2026-03-31,125000,2025-12-09,last_known_before_target,2027-03-31,,,target_not_yet_reached,2028-03-31,,,target_not_yet_reached,2029-03-31,,,target_not_yet_reached,2030-03-31,,,target_not_yet_reached,ok
2020,2020-03-31,48,Luca Unbehaun,Borussia Dortmund,https://www.goal.com/en/lists/nxgn-2020-best-wonderkids/1cqsntx3aseia1tnvtp5f40szl,388815,Luca Unbehaun,2001-02-27,https://www.transfermarkt.us/luca-unbehaun/profil/spieler/388815,1.08,automatic,matched,19,19.089,1500000,2021-06-09,observed_to_date,2020-03-31,400000,2019-12-17,last_known_before_target,2021-03-31,350000,2021-02-10,last_known_before_target,2022-03-31,1500000,2021-12-22,last_known_before_target,2023-03-31,1000000,2022-11-09,last_known_before_target,2024-03-31,500000,2023-12-28,last_known_before_target,2025-03-31,400000,2024-12-10,last_known_before_target,2026-03-31,350000,2025-12-16,last_known_before_target,2027-03-31,,,target_not_yet_reached,2028-03-31,,,target_not_yet_reached,2029-03-31,,,target_not_yet_reached,2030-03-31,,,target_not_yet_reached,ok
2020,2020-03-31,47,Naci Unuvar,Ajax,https://www.goal.com/en/lists/nxgn-2020-best-wonderkids/1cqsntx3aseia1tnvtp5f40szl,508639,Naci Ünüvar,2003-06-13,https://www.transfermarkt.us/naci-unuvar/profil/spieler/508639,1.08,automatic,matched,16,16.8,6000000,2020-10-24,observed_to_date,2020-03-31,4000000,2020-01-17,last_known_before_target,2021-03-31,4500000,2021-03-16,last_known_before_target,2022-03-31,3500000,2022-01-12,last_known_before_target,2023-03-31,3000000,2023-03-14,last_known_before_target,2024-03-31,2500000,2023-12-15,last_known_before_target,2025-03-31,2000000,2024-12-27,last_known_before_target,2026-03-31,1500000,2025-12-02,last_known_before_target,2027-03-31,,,target_not_yet_reached,2028-03-31,,,target_not_yet_reached,2029-03-31,,,target_not_yet_reached,2030-03-31,,,target_not_yet_reached,ok
2020,2020-03-31,46,Daniel Maldini,AC Milan,https://www.goal.com/en/lists/nxgn-2020-best-wonderkids/1cqsntx3aseia1tnvtp5f40szl,539134,Daniel Maldini,2001-10-11,https://www.transfermarkt.us/daniel-maldini/profil/spieler/539134,1.08,automatic,matched,18,18.47,10000000,2025-03-25,observed_to_date,2020-03-31,,,no_prior_valuation,2021-03-31,800000,2020-12-29,last_known_before_target,2022-03-31,2000000,2021-12-28,last_known_before_target,2023-03-31,2000000,2022-11-11,last_known_before_target,2024-03-31,3000000,2023-12-20,last_known_before_target,2025-03-31,10000000,2025-03-25,last_known_before_target,2026-03-31,10000000,2026-03-24,last_known_before_target,2027-03-31,,,target_not_yet_reached,2028-03-31,,,target_not_yet_reached,2029-03-31,,,target_not_yet_reached,2030-03-31,,,target_not_yet_reached,ok
2020,2020-03-31,45,Xavi Simons,Paris Saint-Germain,https://www.goal.com/en/lists/nxgn-2020-best-wonderkids/1cqsntx3aseia1tnvtp5f40szl,566931,Xavi Simons,2003-04-21,https://www.transfermarkt.us/xavi-simons/profil/spieler/566931,1.08,automatic,matched,16,16.945,80000000,2024-03-27,observed_to_date,2020-03-31,,,no_prior_valuation,2021-03-31,500000,2021-03-09,last_known_before_target,2022-03-31,3000000,2022-03-23,last_known_before_target,2023-03-31,30000000,2023-03-17,last_known_before_target,2024-03-31,80000000,2024-03-27,last_known_before_target,2025-03-31,70000000,2025-03-27,last_known_before_target,2026-03-31,50000000,2026-03-09,last_known_before_target,2027-03-31,,,target_not_yet_reached,2028-03-31,,,target_not_yet_reached,2029-03-31,,,target_not_yet_reached,2030-03-31,,,target_not_yet_reached,ok
2020,2020-03-31,44,Youssoufa Moukoko,Borussia Dortmund,https://www.goal.com/en/lists/nxgn-2020-best-wonderkids/1cqsntx3aseia1tnvtp5f40szl,467720,Youssoufa Moukoko,2004-11-20,https://www.transfermarkt.us/youssoufa-moukoko/profil/spieler/467720,1.08,automatic,matched,15,15.36,30000000,2022-11-09,observed_to_date,2020-03-31,,,no_prior_valuation,2021-03-31,10000000,2021-02-10,last_known_before_target,2022-03-31,15000000,2021-12-22,last_known_before_target,2023-03-31,30000000,2022-11-09,last_known_before_target,2024-03-31,25000000,2024-03-27,last_known_before_target,2025-03-31,10000000,2025-03-24,last_known_before_target,2026-03-31,7000000,2025-12-15,last_known_before_target,2027-03-31,,,target_not_yet_reached,2028-03-31,,,target_not_yet_reached,2029-03-31,,,target_not_yet_reached,2030-03-31,,,target_not_yet_reached,ok
2020,2020-03-31,43,Efrain Alvarez,LA Galaxy,https://www.goal.com/en/lists/nxgn-2020-best-wonderkids/1cqsntx3aseia1tnvtp5f40szl,504113,Efraín Álvarez,2002-06-19,https://www.transfermarkt.us/efrain-alvarez/profil/spieler/504113,1.08,automatic,matched,17,17.783,6500000,2025-09-22,observed_to_date,2020-03-31,1000000,2019-11-30,last_known_before_target,2021-03-31,4000000,2020-12-18,last_known_before_target,2022-03-31,6000000,2021-11-09,last_known_before_target,2023-03-31,6000000,2022-11-08,last_known_before_target,2024-03-31,4000000,2023-12-29,last_known_before_target,2025-03-31,4500000,2024-12-11,last_known_before_target,2026-03-31,6000000,2025-12-29,last_known_before_target,2027-03-31,,,target_not_yet_reached,2028-03-31,,,target_not_yet_reached,2029-03-31,,,target_not_yet_reached,2030-03-31,,,target_not_yet_reached,ok
2020,2020-03-31,42,Alessio Riccardi,Roma,https://www.goal.com/en/lists/nxgn-2020-best-wonderkids/1cqsntx3aseia1tnvtp5f40szl,421765,Alessio Riccardi,2001-04-03,https://www.transfermarkt.us/alessio-riccardi/profil/spieler/421765,1.08,automatic,matched,18,18.993,1200000,2020-06-26,observed_to_date,2020-03-31,,,no_prior_valuation,2021-03-31,900000,2021-02-22,last_known_before_target,2022-03-31,900000,2021-06-24,last_known_before_target,2023-03-31,350000,2022-12-21,last_known_before_target,2024-03-31,350000,2023-12-21,last_known_before_target,2025-03-31,375000,2024-12-19,last_known_before_target,2026-03-31,325000,2025-12-17,last_known_before_target,2027-03-31,,,target_not_yet_reached,2028-03-31,,,target_not_yet_reached,2029-03-31,,,target_not_yet_reached,2030-03-31,,,target_not_yet_reached,ok
2020,2020-03-31,41,Bryan Gil,Sevilla,https://www.goal.com/en/lists/nxgn-2020-best-wonderkids/1cqsntx3aseia1tnvtp5f40szl,537382,Bryan Gil,2001-02-11,https://www.transfermarkt.us/bryan-gil/profil/spieler/537382,1.08,automatic,matched,19,19.132,30000000,2021-06-10,observed_to_date,2020-03-31,10000000,2019-12-20,last_known_before_target,2021-03-31,20000000,2021-03-19,last_known_before_target,2022-03-31,25000000,2022-03-21,last_known_before_target,2023-03-31,12000000,2022-11-03,last_known_before_target,2024-03-31,16000000,2023-12-19,last_known_before_target,2025-03-31,15000000,2024-12-27,last_known_before_target,2026-03-31,12000000,2025-12-12,last_known_before_target,2027-03-31,,,target_not_yet_reached,2028-03-31,,,target_not_yet_reached,2029-03-31,,,target_not_yet_reached,2030-03-31,,,target_not_yet_reached,ok
2020,2020-03-31,40,Troy Parrott,Tottenham,https://www.goal.com/en/lists/nxgn-2020-best-wonderkids/1cqsntx3aseia1tnvtp5f40szl,552655,Troy Parrott,2002-02-04,https://www.transfermarkt.us/troy-parrott/profil/spieler/552655,1.08,automatic,matched,18,18.152,25000000,2026-05-28,observed_to_date,2020-03-31,4000000,2020-02-11,last_known_before_target,2021-03-31,3600000,2020-10-15,last_known_before_target,2022-03-31,3600000,2020-10-15,last_known_before_target,2023-03-31,4000000,2022-10-27,last_known_before_target,2024-03-31,4000000,2023-12-15,last_known_before_target,2025-03-31,9000000,2025-03-28,last_known_before_target,2026-03-31,22000000,2025-12-02,last_known_before_target,2027-03-31,,,target_not_yet_reached,2028-03-31,,,target_not_yet_reached,2029-03-31,,,target_not_yet_reached,2030-03-31,,,target_not_yet_reached,ok
2020,2020-03-31,39,Konrad de la Fuente,Barcelona,https://www.goal.com/en/lists/nxgn-2020-best-wonderkids/1cqsntx3aseia1tnvtp5f40szl,466809,Konrad de la Fuente,2001-07-16,https://www.transfermarkt.us/konrad-de-la-fuente/profil/spieler/466809,1.08,automatic,matched,18,18.708,6000000,2021-10-08,observed_to_date,2020-03-31,500000,2020-02-11,last_known_before_target,2021-03-31,2500000,2021-01-08,last_known_before_target,2022-03-31,6000000,2021-12-16,last_known_before_target,2023-03-31,3000000,2023-02-27,last_known_before_target,2024-03-31,800000,2024-03-26,last_known_before_target,2025-03-31,1200000,2024-12-23,last_known_before_target,2026-03-31,700000,2025-12-30,last_known_before_target,2027-03-31,,,target_not_yet_reached,2028-03-31,,,target_not_yet_reached,2029-03-31,,,target_not_yet_reached,2030-03-31,,,target_not_yet_reached,ok
2020,2020-03-31,38,Isaac Lihadji,Marseille,https://www.goal.com/en/lists/nxgn-2020-best-wonderkids/1cqsntx3aseia1tnvtp5f40szl,557610,Isaac Lihadji,2002-04-10,https://www.transfermarkt.us/isaac-lihadji/profil/spieler/557610,1.08,automatic,matched,17,17.974,4000000,2021-01-07,observed_to_date,2020-03-31,3500000,2019-12-19,last_known_before_target,2021-03-31,4000000,2021-01-07,last_known_before_target,2022-03-31,3500000,2021-12-16,last_known_before_target,2023-03-31,1500000,2022-11-02,last_known_before_target,2024-03-31,1000000,2023-11-27,last_known_before_target,2025-03-31,800000,2024-12-10,last_known_before_target,2026-03-31,550000,2025-12-30,last_known_before_target,2027-03-31,,,target_not_yet_reached,2028-03-31,,,target_not_yet_reached,2029-03-31,,,target_not_yet_reached,2030-03-31,,,target_not_yet_reached,ok
2020,2020-03-31,37,Ander Barrenetxea,Real Sociedad,https://www.goal.com/en/lists/nxgn-2020-best-wonderkids/1cqsntx3aseia1tnvtp5f40szl,616369,Ander Barrenetxea,2001-12-27,https://www.transfermarkt.us/ander-barrenetxea/profil/spieler/616369,1.08,automatic,matched,18,18.259,20000000,2023-12-22,observed_to_date,2020-03-31,10000000,2019-12-20,last_known_before_target,2021-03-31,15000000,2021-01-05,last_known_before_target,2022-03-31,12000000,2022-03-21,last_known_before_target,2023-03-31,6000000,2022-11-07,last_known_before_target,2024-03-31,20000000,2023-12-22,last_known_before_target,2025-03-31,18000000,2025-03-21,last_known_before_target,2026-03-31,18000000,2026-03-16,last_known_before_target,2027-03-31,,,target_not_yet_reached,2028-03-31,,,target_not_yet_reached,2029-03-31,,,target_not_yet_reached,2030-03-31,,,target_not_yet_reached,ok
2020,2020-03-31,36,Marcos Paulo,Fluminense,https://www.goal.com/en/lists/nxgn-2020-best-wonderkids/1cqsntx3aseia1tnvtp5f40szl,612496,Marcos Paulo,2001-02-01,https://www.transfermarkt.us/marcos-paulo/profil/spieler/612496,1.08,automatic,matched,19,19.16,11000000,2019-11-27,observed_to_date,2020-03-31,11000000,2019-11-27,last_known_before_target,2021-03-31,9000000,2021-02-09,last_known_before_target,2022-03-31,7000000,2021-12-27,last_known_before_target,2023-03-31,5000000,2022-12-29,last_known_before_target,2024-03-31,4000000,2023-12-11,last_known_before_target,2025-03-31,500000,2024-12-27,last_known_before_target,2026-03-31,450000,2025-11-24,last_known_before_target,2027-03-31,,,target_not_yet_reached,2028-03-31,,,target_not_yet_reached,2029-03-31,,,target_not_yet_reached,2030-03-31,,,target_not_yet_reached,ok
2020,2020-03-31,35,Lucien Agoume,Inter,https://www.goal.com/en/lists/nxgn-2020-best-wonderkids/1cqsntx3aseia1tnvtp5f40szl,569384,Lucien Agoumé,2002-02-09,https://www.transfermarkt.us/lucien-agoume/profil/spieler/569384,1.08,automatic,matched,18,18.139,15000000,2026-06-05,observed_to_date,2020-03-31,3500000,2019-12-12,last_known_before_target,2021-03-31,3500000,2020-12-29,last_known_before_target,2022-03-31,6000000,2021-12-16,last_known_before_target,2023-03-31,7000000,2022-11-02,last_known_before_target,2024-03-31,6000000,2023-12-20,last_known_before_target,2025-03-31,7000000,2024-12-27,last_known_before_target,2026-03-31,12000000,2025-12-12,last_known_before_target,2027-03-31,,,target_not_yet_reached,2028-03-31,,,target_not_yet_reached,2029-03-31,,,target_not_yet_reached,2030-03-31,,,target_not_yet_reached,ok
2020,2020-03-31,34,Gabriel Veron,Palmeiras,https://www.goal.com/en/lists/nxgn-2020-best-wonderkids/1cqsntx3aseia1tnvtp5f40szl,627221,Gabriel Veron,2002-09-03,https://www.transfermarkt.us/gabriel-veron/profil/spieler/627221,1.08,automatic,matched,17,17.575,25000000,2020-02-20,observed_to_date,2020-03-31,25000000,2020-02-20,last_known_before_target,2021-03-31,25000000,2021-02-09,last_known_before_target,2022-03-31,15000000,2021-12-17,last_known_before_target,2023-03-31,12000000,2022-11-01,last_known_before_target,2024-03-31,8000000,2024-03-28,last_known_before_target,2025-03-31,5500000,2025-03-28,last_known_before_target,2026-03-31,3000000,2025-12-10,last_known_before_target,2027-03-31,,,target_not_yet_reached,2028-03-31,,,target_not_yet_reached,2029-03-31,,,target_not_yet_reached,2030-03-31,,,target_not_yet_reached,ok
2020,2020-03-31,33,Billy Gilmour,Chelsea,https://www.goal.com/en/lists/nxgn-2020-best-wonderkids/1cqsntx3aseia1tnvtp5f40szl,423744,Billy Gilmour,2001-06-11,https://www.transfermarkt.us/billy-gilmour/profil/spieler/423744,1.08,automatic,matched,18,18.804,20000000,2025-06-17,observed_to_date,2020-03-31,6000000,2020-03-09,last_known_before_target,2021-03-31,7000000,2021-03-18,last_known_before_target,2022-03-31,12000000,2022-03-29,last_known_before_target,2023-03-31,9000000,2023-03-16,last_known_before_target,2024-03-31,18000000,2023-12-19,last_known_before_target,2025-03-31,16000000,2024-12-18,last_known_before_target,2026-03-31,20000000,2025-12-23,last_known_before_target,2027-03-31,,,target_not_yet_reached,2028-03-31,,,target_not_yet_reached,2029-03-31,,,target_not_yet_reached,2030-03-31,,,target_not_yet_reached,ok
2020,2020-03-31,32,Ki-Jana Hoever,Liverpool,https://www.goal.com/en/lists/nxgn-2020-best-wonderkids/1cqsntx3aseia1tnvtp5f40szl,485583,Ki-Jana Hoever,2002-01-18,https://www.transfermarkt.us/ki-jana-hoever/profil/spieler/485583,1.08,automatic,matched,18,18.199,7000000,2020-10-13,observed_to_date,2020-03-31,4000000,2019-08-07,last_known_before_target,2021-03-31,7000000,2021-03-18,last_known_before_target,2022-03-31,7000000,2021-12-23,last_known_before_target,2023-03-31,4000000,2022-11-11,last_known_before_target,2024-03-31,3500000,2023-12-21,last_known_before_target,2025-03-31,4500000,2024-12-10,last_known_before_target,2026-03-31,5000000,2025-12-09,last_known_before_target,2027-03-31,,,target_not_yet_reached,2028-03-31,,,target_not_yet_reached,2029-03-31,,,target_not_yet_reached,2030-03-31,,,target_not_yet_reached,ok
2020,2020-03-31,31,Benoit Badiashile,Monaco,https://www.goal.com/en/lists/nxgn-2020-best-wonderkids/1cqsntx3aseia1tnvtp5f40szl,463603,Benoît Badiashile,2001-03-26,https://www.transfermarkt.us/benoit-badiashile/profil/spieler/463603,1.08,automatic,matched,19,19.015,40000000,2022-11-02,observed_to_date,2020-03-31,20000000,2019-12-19,last_known_before_target,2021-03-31,25000000,2020-10-15,last_known_before_target,2022-03-31,28000000,2021-12-16,last_known_before_target,2023-03-31,40000000,2022-11-02,last_known_before_target,2024-03-31,32000000,2024-03-14,last_known_before_target,2025-03-31,25000000,2025-03-18,last_known_before_target,2026-03-31,18000000,2025-12-09,last_known_before_target,2027-03-31,,,target_not_yet_reached,2028-03-31,,,target_not_yet_reached,2029-03-31,,,target_not_yet_reached,2030-03-31,,,target_not_yet_reached,ok
2020,2020-03-31,30,Antonio Marin,Dinamo Zagreb,https://www.goal.com/en/lists/nxgn-2020-best-wonderkids/1cqsntx3aseia1tnvtp5f40szl,371016,Antonio Marin,2001-01-09,https://www.transfermarkt.us/antonio-marin/profil/spieler/371016,1.08,automatic,matched,19,19.223,1800000,2022-06-06,observed_to_date,2020-03-31,1500000,2019-12-27,last_known_before_target,2021-03-31,1300000,2020-07-27,last_known_before_target,2022-03-31,1500000,2022-03-22,last_known_before_target,2023-03-31,1800000,2022-11-08,last_known_before_target,2024-03-31,1000000,2023-12-18,last_known_before_target,2025-03-31,600000,2025-03-18,last_known_before_target,2026-03-31,500000,2025-12-10,last_known_before_target,2027-03-31,,,target_not_yet_reached,2028-03-31,,,target_not_yet_reached,2029-03-31,,,target_not_yet_reached,2030-03-31,,,target_not_yet_reached,ok
2020,2020-03-31,29,Tomas Tavares,Benfica,https://www.goal.com/en/lists/nxgn-2020-best-wonderkids/1cqsntx3aseia1tnvtp5f40szl,550549,Tomás Tavares,2001-03-07,https://www.transfermarkt.us/tomas-tavares/profil/spieler/550549,1.08,automatic,matched,19,19.067,8000000,2019-12-30,observed_to_date,2020-03-31,8000000,2019-12-30,last_known_before_target,2021-03-31,6500000,2021-01-05,last_known_before_target,2022-03-31,3500000,2022-01-03,last_known_before_target,2023-03-31,2000000,2022-12-28,last_known_before_target,2024-03-31,2500000,2023-12-13,last_known_before_target,2025-03-31,1000000,2024-12-17,last_known_before_target,2026-03-31,400000,2026-03-26,last_known_before_target,2027-03-31,,,target_not_yet_reached,2028-03-31,,,target_not_yet_reached,2029-03-31,,,target_not_yet_reached,2030-03-31,,,target_not_yet_reached,ok
2020,2020-03-31,28,Yari Verschaeren,Anderlecht,https://www.goal.com/en/lists/nxgn-2020-best-wonderkids/1cqsntx3aseia1tnvtp5f40szl,502302,Yari Verschaeren,2001-07-12,https://www.transfermarkt.us/yari-verschaeren/profil/spieler/502302,1.08,automatic,matched,18,18.719,16000000,2019-12-13,observed_to_date,2020-03-31,15000000,2020-03-30,last_known_before_target,2021-03-31,11000000,2021-01-04,last_known_before_target,2022-03-31,11000000,2022-01-06,last_known_before_target,2023-03-31,8000000,2023-03-22,last_known_before_target,2024-03-31,8500000,2024-03-22,last_known_before_target,2025-03-31,5000000,2024-12-11,last_known_before_target,2026-03-31,3000000,2025-12-10,last_known_before_target,2027-03-31,,,target_not_yet_reached,2028-03-31,,,target_not_yet_reached,2029-03-31,,,target_not_yet_reached,2030-03-31,,,target_not_yet_reached,ok
2020,2020-03-31,27,Curtis Jones,Liverpool,https://www.goal.com/en/lists/nxgn-2020-best-wonderkids/1cqsntx3aseia1tnvtp5f40szl,433188,Curtis Jones,2001-01-30,https://www.transfermarkt.us/curtis-jones/profil/spieler/433188,1.08,automatic,matched,19,19.165,50000000,2025-03-18,observed_to_date,2020-03-31,2000000,2019-12-10,last_known_before_target,2021-03-31,30000000,2021-03-18,last_known_before_target,2022-03-31,30000000,2021-12-23,last_known_before_target,2023-03-31,17000000,2023-03-16,last_known_before_target,2024-03-31,35000000,2024-03-14,last_known_before_target,2025-03-31,50000000,2025-03-18,last_known_before_target,2026-03-31,35000000,2026-03-09,last_known_before_target,2027-03-31,,,target_not_yet_reached,2028-03-31,,,target_not_yet_reached,2029-03-31,,,target_not_yet_reached,2030-03-31,,,target_not_yet_reached,ok
2020,2020-03-31,26,Lassina Traore,Ajax,https://www.goal.com/en/lists/nxgn-2020-best-wonderkids/1cqsntx3aseia1tnvtp5f40szl,551695,Lassina Traoré,2001-01-12,https://www.transfermarkt.us/lassina-traore/profil/spieler/551695,1.08,automatic,matched,19,19.215,9000000,2021-09-03,observed_to_date,2020-03-31,6000000,2020-02-11,last_known_before_target,2021-03-31,8000000,2021-01-06,last_known_before_target,2022-03-31,9000000,2021-12-20,last_known_before_target,2023-03-31,7000000,2022-12-06,last_known_before_target,2024-03-31,6000000,2023-12-11,last_known_before_target,2025-03-31,5000000,2024-12-17,last_known_before_target,2026-03-31,5000000,2026-03-23,last_known_before_target,2027-03-31,,,target_not_yet_reached,2028-03-31,,,target_not_yet_reached,2029-03-31,,,target_not_yet_reached,2030-03-31,,,target_not_yet_reached,ok
2020,2020-03-31,25,Joao Pedro,Watford,https://www.goal.com/en/lists/nxgn-2020-best-wonderkids/1cqsntx3aseia1tnvtp5f40szl,626724,João Pedro,2001-09-26,https://www.transfermarkt.us/joao-pedro/profil/spieler/626724,1.08,automatic,matched,18,18.511,80000000,2026-06-03,observed_to_date,2020-03-31,20000000,2019-11-27,last_known_before_target,2021-03-31,10000000,2021-03-10,last_known_before_target,2022-03-31,10000000,2021-12-23,last_known_before_target,2023-03-31,24000000,2023-03-24,last_known_before_target,2024-03-31,45000000,2024-03-14,last_known_before_target,2025-03-31,50000000,2024-12-16,last_known_before_target,2026-03-31,75000000,2026-03-09,last_known_before_target,2027-03-31,,,target_not_yet_reached,2028-03-31,,,target_not_yet_reached,2029-03-31,,,target_not_yet_reached,2030-03-31,,,target_not_yet_reached,ok
2020,2020-03-31,24,Karim Adeyemi,Red Bull Salzburg,https://www.goal.com/en/lists/nxgn-2020-best-wonderkids/1cqsntx3aseia1tnvtp5f40szl,496094,Karim Adeyemi,2002-01-18,https://www.transfermarkt.us/karim-adeyemi/profil/spieler/496094,1.08,automatic,matched,18,18.199,60000000,2025-10-14,observed_to_date,2020-03-31,7500000,2019-12-03,last_known_before_target,2021-03-31,9000000,2020-12-21,last_known_before_target,2022-03-31,35000000,2021-12-16,last_known_before_target,2023-03-31,35000000,2022-11-09,last_known_before_target,2024-03-31,28000000,2023-12-14,last_known_before_target,2025-03-31,40000000,2025-03-27,last_known_before_target,2026-03-31,50000000,2026-03-20,last_known_before_target,2027-03-31,,,target_not_yet_reached,2028-03-31,,,target_not_yet_reached,2029-03-31,,,target_not_yet_reached,2030-03-31,,,target_not_yet_reached,ok
2020,2020-03-31,23,Gio Reyna,Borussia Dortmund,https://www.goal.com/en/lists/nxgn-2020-best-wonderkids/1cqsntx3aseia1tnvtp5f40szl,504215,Giovanni Reyna,2002-11-13,https://www.transfermarkt.us/giovanni-reyna/profil/spieler/504215,0.823,automatic,matched,17,17.38,42000000,2021-10-07,observed_to_date,2020-03-31,15000000,2020-03-11,last_known_before_target,2021-03-31,38000000,2021-02-10,last_known_before_target,2022-03-31,42000000,2021-12-22,last_known_before_target,2023-03-31,28000000,2023-03-29,last_known_before_target,2024-03-31,20000000,2023-12-14,last_known_before_target,2025-03-31,10000000,2025-03-27,last_known_before_target,2026-03-31,4000000,2026-03-20,last_known_before_target,2027-03-31,,,target_not_yet_reached,2028-03-31,,,target_not_yet_reached,2029-03-31,,,target_not_yet_reached,2030-03-31,,,target_not_yet_reached,ok
2020,2020-03-31,22,Joshua Zirkzee,Bayern Munich,https://www.goal.com/en/lists/nxgn-2020-best-wonderkids/1cqsntx3aseia1tnvtp5f40szl,435648,Joshua Zirkzee,2001-05-22,https://www.transfermarkt.us/joshua-zirkzee/profil/spieler/435648,1.08,automatic,matched,18,18.859,50000000,2024-06-05,observed_to_date,2020-03-31,7000000,2020-03-11,last_known_before_target,2021-03-31,9000000,2021-02-10,last_known_before_target,2022-03-31,8000000,2022-01-06,last_known_before_target,2023-03-31,9000000,2023-03-21,last_known_before_target,2024-03-31,40000000,2024-03-12,last_known_before_target,2025-03-31,35000000,2025-03-18,last_known_before_target,2026-03-31,22000000,2026-03-09,last_known_before_target,2027-03-31,,,target_not_yet_reached,2028-03-31,,,target_not_yet_reached,2029-03-31,,,target_not_yet_reached,2030-03-31,,,target_not_yet_reached,ok
2020,2020-03-31,21,Fabio Silva,Porto,https://www.goal.com/en/lists/nxgn-2020-best-wonderkids/1cqsntx3aseia1tnvtp5f40szl,505653,Fábio Silva,2002-07-19,https://www.transfermarkt.us/fabio-silva/profil/spieler/505653,1.08,automatic,matched,17,17.701,28000000,2025-10-14,observed_to_date,2020-03-31,10000000,2019-12-30,last_known_before_target,2021-03-31,25000000,2021-03-18,last_known_before_target,2022-03-31,18000000,2022-03-29,last_known_before_target,2023-03-31,13000000,2022-11-04,last_known_before_target,2024-03-31,13000000,2023-12-19,last_known_before_target,2025-03-31,20000000,2025-03-21,last_known_before_target,2026-03-31,28000000,2025-12-19,last_known_before_target,2027-03-31,,,target_not_yet_reached,2028-03-31,,,target_not_yet_reached,2029-03-31,,,target_not_yet_reached,2030-03-31,,,target_not_yet_reached,ok
2020,2020-03-31,20,Myron Boadu,AZ,https://www.goal.com/en/lists/nxgn-2020-best-wonderkids/1cqsntx3aseia1tnvtp5f40szl,412932,Myron Boadu,2001-01-14,https://www.transfermarkt.us/myron-boadu/profil/spieler/412932,1.08,automatic,matched,19,19.209,20000000,2019-12-18,observed_to_date,2020-03-31,20000000,2019-12-18,last_known_before_target,2021-03-31,12000000,2021-03-06,last_known_before_target,2022-03-31,15000000,2021-12-16,last_known_before_target,2023-03-31,8000000,2023-03-27,last_known_before_target,2024-03-31,6000000,2023-12-18,last_known_before_target,2025-03-31,7000000,2025-03-27,last_known_before_target,2026-03-31,5000000,2025-12-02,last_known_before_target,2027-03-31,,,target_not_yet_reached,2028-03-31,,,target_not_yet_reached,2029-03-31,,,target_not_yet_reached,2030-03-31,,,target_not_yet_reached,ok
2020,2020-03-31,19,Thiago Almada,Velez Sarsfield,https://www.goal.com/en/lists/nxgn-2020-best-wonderkids/1cqsntx3aseia1tnvtp5f40szl,576028,Thiago Almada,2001-04-26,https://www.transfermarkt.us/thiago-almada/profil/spieler/576028,1.08,automatic,matched,18,18.93,27000000,2023-08-22,observed_to_date,2020-03-31,20000000,2019-12-05,last_known_before_target,2021-03-31,20000000,2021-02-08,last_known_before_target,2022-03-31,20000000,2021-10-20,last_known_before_target,2023-03-31,15000000,2022-11-08,last_known_before_target,2024-03-31,27000000,2023-12-18,last_known_before_target,2025-03-31,25000000,2025-03-24,last_known_before_target,2026-03-31,20000000,2025-12-12,last_known_before_target,2027-03-31,,,target_not_yet_reached,2028-03-31,,,target_not_yet_reached,2029-03-31,,,target_not_yet_reached,2030-03-31,,,target_not_yet_reached,ok
2020,2020-03-31,18,Pedri,Las Palmas,https://www.goal.com/en/lists/nxgn-2020-best-wonderkids/1cqsntx3aseia1tnvtp5f40szl,683840,Pedri,2002-11-25,https://www.transfermarkt.us/pedri/profil/spieler/683840,1.08,automatic,matched,17,17.347,150000000,2026-03-16,observed_to_date,2020-03-31,8000000,2019-12-20,last_known_before_target,2021-03-31,70000000,2021-03-19,last_known_before_target,2022-03-31,80000000,2021-12-30,last_known_before_target,2023-03-31,100000000,2022-11-07,last_known_before_target,2024-03-31,80000000,2024-03-21,last_known_before_target,2025-03-31,120000000,2025-03-21,last_known_before_target,2026-03-31,150000000,2026-03-16,last_known_before_target,2027-03-31,,,target_not_yet_reached,2028-03-31,,,target_not_yet_reached,2029-03-31,,,target_not_yet_reached,2030-03-31,,,target_not_yet_reached,ok
2020,2020-03-31,17,Harvey Elliott,Liverpool,https://www.goal.com/en/lists/nxgn-2020-best-wonderkids/1cqsntx3aseia1tnvtp5f40szl,565822,Harvey Elliott,2003-04-04,https://www.transfermarkt.us/harvey-elliott/profil/spieler/565822,1.08,automatic,matched,16,16.991,35000000,2022-09-15,observed_to_date,2020-03-31,4000000,2019-08-07,last_known_before_target,2021-03-31,15000000,2021-03-10,last_known_before_target,2022-03-31,22000000,2022-03-29,last_known_before_target,2023-03-31,35000000,2022-11-03,last_known_before_target,2024-03-31,35000000,2024-03-14,last_known_before_target,2025-03-31,35000000,2024-12-16,last_known_before_target,2026-03-31,22000000,2026-03-09,last_known_before_target,2027-03-31,,,target_not_yet_reached,2028-03-31,,,target_not_yet_reached,2029-03-31,,,target_not_yet_reached,2030-03-31,,,target_not_yet_reached,ok
2020,2020-03-31,16,Adil Aouchiche,Paris Saint-Germain,https://www.goal.com/en/lists/nxgn-2020-best-wonderkids/1cqsntx3aseia1tnvtp5f40szl,569385,Adil Aouchiche,2002-07-15,https://www.transfermarkt.us/adil-aouchiche/profil/spieler/569385,1.08,automatic,matched,17,17.712,10000000,2020-10-15,observed_to_date,2020-03-31,6000000,2019-12-19,last_known_before_target,2021-03-31,10000000,2020-10-15,last_known_before_target,2022-03-31,7000000,2021-12-16,last_known_before_target,2023-03-31,3000000,2022-11-02,last_known_before_target,2024-03-31,2000000,2023-12-21,last_known_before_target,2025-03-31,2500000,2024-12-30,last_known_before_target,2026-03-31,2000000,2026-03-13,last_known_before_target,2027-03-31,,,target_not_yet_reached,2028-03-31,,,target_not_yet_reached,2029-03-31,,,target_not_yet_reached,2030-03-31,,,target_not_yet_reached,ok
2020,2020-03-31,15,Bukayo Saka,Arsenal,https://www.goal.com/en/lists/nxgn-2020-best-wonderkids/1cqsntx3aseia1tnvtp5f40szl,433177,Bukayo Saka,2001-09-05,https://www.transfermarkt.us/bukayo-saka/profil/spieler/433177,1.08,automatic,matched,18,18.568,150000000,2024-12-16,observed_to_date,2020-03-31,22000000,2020-03-09,last_known_before_target,2021-03-31,60000000,2021-03-18,last_known_before_target,2022-03-31,65000000,2021-12-23,last_known_before_target,2023-03-31,110000000,2023-03-16,last_known_before_target,2024-03-31,130000000,2024-03-14,last_known_before_target,2025-03-31,150000000,2024-12-16,last_known_before_target,2026-03-31,120000000,2026-03-09,last_known_before_target,2027-03-31,,,target_not_yet_reached,2028-03-31,,,target_not_yet_reached,2029-03-31,,,target_not_yet_reached,2030-03-31,,,target_not_yet_reached,ok
2020,2020-03-31,14,Rayan Cherki,Lyon,https://www.goal.com/en/lists/nxgn-2020-best-wonderkids/1cqsntx3aseia1tnvtp5f40szl,607223,Rayan Cherki,2003-08-17,https://www.transfermarkt.us/rayan-cherki/profil/spieler/607223,1.08,automatic,matched,16,16.622,90000000,2026-06-03,observed_to_date,2020-03-31,20000000,2020-03-13,last_known_before_target,2021-03-31,25000000,2020-10-15,last_known_before_target,2022-03-31,20000000,2021-12-16,last_known_before_target,2023-03-31,27000000,2023-03-27,last_known_before_target,2024-03-31,25000000,2023-12-18,last_known_before_target,2025-03-31,35000000,2025-03-24,last_known_before_target,2026-03-31,65000000,2026-03-09,last_known_before_target,2027-03-31,,,target_not_yet_reached,2028-03-31,,,target_not_yet_reached,2029-03-31,,,target_not_yet_reached,2030-03-31,,,target_not_yet_reached,ok
2020,2020-03-31,13,Eric Garcia,Manchester City,https://www.goal.com/en/lists/nxgn-2020-best-wonderkids/1cqsntx3aseia1tnvtp5f40szl,466794,Eric García,2001-01-09,https://www.transfermarkt.us/eric-garcia/profil/spieler/466794,1.08,automatic,matched,19,19.223,40000000,2026-06-05,observed_to_date,2020-03-31,7000000,2019-09-25,last_known_before_target,2021-03-31,20000000,2021-03-18,last_known_before_target,2022-03-31,18000000,2021-12-30,last_known_before_target,2023-03-31,12000000,2023-03-23,last_known_before_target,2024-03-31,15000000,2023-12-22,last_known_before_target,2025-03-31,15000000,2025-03-21,last_known_before_target,2026-03-31,35000000,2026-03-16,last_known_before_target,2027-03-31,,,target_not_yet_reached,2028-03-31,,,target_not_yet_reached,2029-03-31,,,target_not_yet_reached,2030-03-31,,,target_not_yet_reached,ok
2020,2020-03-31,12,William Saliba,Arsenal,https://www.goal.com/en/lists/nxgn-2020-best-wonderkids/1cqsntx3aseia1tnvtp5f40szl,495666,William Saliba,2001-03-24,https://www.transfermarkt.us/william-saliba/profil/spieler/495666,1.08,automatic,matched,19,19.02,100000000,2026-06-03,observed_to_date,2020-03-31,25000000,2019-12-19,last_known_before_target,2021-03-31,17000000,2020-12-17,last_known_before_target,2022-03-31,24000000,2021-12-16,last_known_before_target,2023-03-31,55000000,2023-03-16,last_known_before_target,2024-03-31,80000000,2024-03-14,last_known_before_target,2025-03-31,80000000,2024-12-16,last_known_before_target,2026-03-31,90000000,2025-12-09,last_known_before_target,2027-03-31,,,target_not_yet_reached,2028-03-31,,,target_not_yet_reached,2029-03-31,,,target_not_yet_reached,2030-03-31,,,target_not_yet_reached,ok
2020,2020-03-31,11,Sebastiano Esposito,Inter,https://www.goal.com/en/lists/nxgn-2020-best-wonderkids/1cqsntx3aseia1tnvtp5f40szl,538918,Sebastiano Esposito,2002-07-02,https://www.transfermarkt.us/sebastiano-esposito/profil/spieler/538918,1.08,automatic,matched,17,17.747,15000000,2026-05-29,observed_to_date,2020-03-31,10000000,2019-12-12,last_known_before_target,2021-03-31,6000000,2021-02-22,last_known_before_target,2022-03-31,6000000,2022-01-03,last_known_before_target,2023-03-31,3500000,2022-11-04,last_known_before_target,2024-03-31,4400000,2023-12-27,last_known_before_target,2025-03-31,10000000,2025-03-25,last_known_before_target,2026-03-31,12000000,2026-03-24,last_known_before_target,2027-03-31,,,target_not_yet_reached,2028-03-31,,,target_not_yet_reached,2029-03-31,,,target_not_yet_reached,2030-03-31,,,target_not_yet_reached,ok
2020,2020-03-31,10,Ryan Gravenberch,Ajax,https://www.goal.com/en/lists/nxgn-2020-best-wonderkids/1cqsntx3aseia1tnvtp5f40szl,478573,Ryan Gravenberch,2002-05-16,https://www.transfermarkt.us/ryan-gravenberch/profil/spieler/478573,1.08,automatic,matched,17,17.876,90000000,2025-10-17,observed_to_date,2020-03-31,12000000,2020-02-11,last_known_before_target,2021-03-31,28000000,2021-03-09,last_known_before_target,2022-03-31,35000000,2022-01-05,last_known_before_target,2023-03-31,30000000,2022-11-09,last_known_before_target,2024-03-31,35000000,2023-12-19,last_known_before_target,2025-03-31,70000000,2025-03-18,last_known_before_target,2026-03-31,90000000,2025-12-09,last_known_before_target,2027-03-31,,,target_not_yet_reached,2028-03-31,,,target_not_yet_reached,2029-03-31,,,target_not_yet_reached,2030-03-31,,,target_not_yet_reached,ok
2020,2020-03-31,9,Takefusa Kubo,Real Madrid,https://www.goal.com/en/lists/nxgn-2020-best-wonderkids/1cqsntx3aseia1tnvtp5f40szl,405398,Takefusa Kubo,2001-06-04,https://www.transfermarkt.us/takefusa-kubo/profil/spieler/405398,1.08,automatic,matched,18,18.823,60000000,2023-12-22,observed_to_date,2020-03-31,15000000,2019-12-20,last_known_before_target,2021-03-31,15000000,2021-03-19,last_known_before_target,2022-03-31,9000000,2022-03-21,last_known_before_target,2023-03-31,15000000,2023-03-23,last_known_before_target,2024-03-31,60000000,2023-12-22,last_known_before_target,2025-03-31,40000000,2024-12-27,last_known_before_target,2026-03-31,30000000,2025-12-12,last_known_before_target,2027-03-31,,,target_not_yet_reached,2028-03-31,,,target_not_yet_reached,2029-03-31,,,target_not_yet_reached,2030-03-31,,,target_not_yet_reached,ok
2020,2020-03-31,8,Mohamed Ihattaren,PSV,https://www.goal.com/en/lists/nxgn-2020-best-wonderkids/1cqsntx3aseia1tnvtp5f40szl,503638,Mohamed Ihattaren,2002-02-12,https://www.transfermarkt.us/mohamed-ihattaren/profil/spieler/503638,1.08,automatic,matched,18,18.13,22000000,2019-12-18,observed_to_date,2020-03-31,22000000,2019-12-18,last_known_before_target,2021-03-31,14000000,2021-03-09,last_known_before_target,2022-03-31,5000000,2021-12-28,last_known_before_target,2023-03-31,0,2023-03-21,last_known_before_target,2024-03-31,100000,2024-03-27,last_known_before_target,2025-03-31,700000,2025-03-28,last_known_before_target,2026-03-31,3000000,2026-03-11,last_known_before_target,2027-03-31,,,target_not_yet_reached,2028-03-31,,,target_not_yet_reached,2029-03-31,,,target_not_yet_reached,2030-03-31,,,target_not_yet_reached,ok
2020,2020-03-31,7,Lee Kang-in,Valencia,https://www.goal.com/en/lists/nxgn-2020-best-wonderkids/1cqsntx3aseia1tnvtp5f40szl,557149,Kang-in Lee,2001-02-19,https://www.transfermarkt.us/player/profil/spieler/557149,1.08,manual_override,matched,19,19.111,30000000,2024-12-10,observed_to_date,2020-03-31,15000000,2020-03-05,last_known_before_target,2021-03-31,15000000,2021-01-05,last_known_before_target,2022-03-31,8000000,2022-03-21,last_known_before_target,2023-03-31,15000000,2023-03-23,last_known_before_target,2024-03-31,22000000,2023-12-18,last_known_before_target,2025-03-31,30000000,2024-12-10,last_known_before_target,2026-03-31,28000000,2026-03-27,last_known_before_target,2027-03-31,,,target_not_yet_reached,2028-03-31,,,target_not_yet_reached,2029-03-31,,,target_not_yet_reached,2030-03-31,,,target_not_yet_reached,ok
2020,2020-03-31,6,Gabriel Martinelli,Arsenal,https://www.goal.com/en/lists/nxgn-2020-best-wonderkids/1cqsntx3aseia1tnvtp5f40szl,655488,Gabriel Martinelli,2001-06-18,https://www.transfermarkt.us/gabriel-martinelli/profil/spieler/655488,1.08,automatic,matched,18,18.785,85000000,2023-12-19,observed_to_date,2020-03-31,28000000,2020-03-09,last_known_before_target,2021-03-31,22000000,2021-03-18,last_known_before_target,2022-03-31,38000000,2022-03-29,last_known_before_target,2023-03-31,70000000,2023-03-16,last_known_before_target,2024-03-31,80000000,2024-03-14,last_known_before_target,2025-03-31,55000000,2024-12-16,last_known_before_target,2026-03-31,45000000,2025-12-09,last_known_before_target,2027-03-31,,,target_not_yet_reached,2028-03-31,,,target_not_yet_reached,2029-03-31,,,target_not_yet_reached,2030-03-31,,,target_not_yet_reached,ok
2020,2020-03-31,5,Eduardo Camavinga,Rennes,https://www.goal.com/en/lists/nxgn-2020-best-wonderkids/1cqsntx3aseia1tnvtp5f40szl,640428,Eduardo Camavinga,2002-11-10,https://www.transfermarkt.us/eduardo-camavinga/profil/spieler/640428,1.08,automatic,matched,17,17.388,100000000,2024-06-07,observed_to_date,2020-03-31,42000000,2020-03-13,last_known_before_target,2021-03-31,60000000,2021-01-07,last_known_before_target,2022-03-31,55000000,2021-12-30,last_known_before_target,2023-03-31,60000000,2023-03-23,last_known_before_target,2024-03-31,90000000,2023-12-22,last_known_before_target,2025-03-31,70000000,2025-03-21,last_known_before_target,2026-03-31,50000000,2025-12-12,last_known_before_target,2027-03-31,,,target_not_yet_reached,2028-03-31,,,target_not_yet_reached,2029-03-31,,,target_not_yet_reached,2030-03-31,,,target_not_yet_reached,ok
2020,2020-03-31,4,Reinier,Real Madrid,https://www.goal.com/en/lists/nxgn-2020-best-wonderkids/1cqsntx3aseia1tnvtp5f40szl,627226,Reinier,2002-01-19,https://www.transfermarkt.us/reinier/profil/spieler/627226,1.08,automatic,matched,18,18.196,25000000,2019-11-27,observed_to_date,2020-03-31,25000000,2019-11-27,last_known_before_target,2021-03-31,18000000,2021-02-10,last_known_before_target,2022-03-31,10000000,2021-12-22,last_known_before_target,2023-03-31,3000000,2023-03-23,last_known_before_target,2024-03-31,4000000,2023-12-20,last_known_before_target,2025-03-31,2000000,2025-03-27,last_known_before_target,2026-03-31,2000000,2026-03-12,last_known_before_target,2027-03-31,,,target_not_yet_reached,2028-03-31,,,target_not_yet_reached,2029-03-31,,,target_not_yet_reached,2030-03-31,,,target_not_yet_reached,ok
2020,2020-03-31,3,Mason Greenwood,Manchester United,https://www.goal.com/en/lists/nxgn-2020-best-wonderkids/1cqsntx3aseia1tnvtp5f40szl,532826,Mason Greenwood,2001-10-01,https://www.transfermarkt.us/mason-greenwood/profil/spieler/532826,1.08,automatic,matched,18,18.497,55000000,2026-03-27,observed_to_date,2020-03-31,32000000,2020-03-09,last_known_before_target,2021-03-31,50000000,2021-03-18,last_known_before_target,2022-03-31,0,2022-03-29,last_known_before_target,2023-03-31,0,2022-03-29,last_known_before_target,2024-03-31,15000000,2024-03-21,last_known_before_target,2025-03-31,35000000,2024-12-10,last_known_before_target,2026-03-31,55000000,2026-03-27,last_known_before_target,2027-03-31,,,target_not_yet_reached,2028-03-31,,,target_not_yet_reached,2029-03-31,,,target_not_yet_reached,2030-03-31,,,target_not_yet_reached,ok
2020,2020-03-31,2,Ansu Fati,Barcelona,https://www.goal.com/en/lists/nxgn-2020-best-wonderkids/1cqsntx3aseia1tnvtp5f40szl,466810,Ansu Fati,2002-10-31,https://www.transfermarkt.us/ansu-fati/profil/spieler/466810,1.08,automatic,matched,17,17.416,80000000,2020-10-08,observed_to_date,2020-03-31,40000000,2019-12-20,last_known_before_target,2021-03-31,80000000,2021-01-05,last_known_before_target,2022-03-31,60000000,2021-12-30,last_known_before_target,2023-03-31,35000000,2023-03-23,last_known_before_target,2024-03-31,30000000,2023-12-19,last_known_before_target,2025-03-31,5000000,2025-03-21,last_known_before_target,2026-03-31,15000000,2026-03-27,last_known_before_target,2027-03-31,,,target_not_yet_reached,2028-03-31,,,target_not_yet_reached,2029-03-31,,,target_not_yet_reached,2030-03-31,,,target_not_yet_reached,ok
2020,2020-03-31,1,Rodrygo,Real Madrid,https://www.goal.com/en/lists/nxgn-2020-best-wonderkids/1cqsntx3aseia1tnvtp5f40szl,412363,Rodrygo,2001-01-09,https://www.transfermarkt.us/rodrygo/profil/spieler/412363,1.08,automatic,matched,19,19.223,110000000,2024-06-07,observed_to_date,2020-03-31,50000000,2019-12-20,last_known_before_target,2021-03-31,45000000,2021-01-05,last_known_before_target,2022-03-31,40000000,2021-12-30,last_known_before_target,2023-03-31,80000000,2022-11-07,last_known_before_target,2024-03-31,100000000,2023-12-22,last_known_before_target,2025-03-31,100000000,2024-12-27,last_known_before_target,2026-03-31,50000000,2026-03-16,last_known_before_target,2027-03-31,,,target_not_yet_reached,2028-03-31,,,target_not_yet_reached,2029-03-31,,,target_not_yet_reached,2030-03-31,,,target_not_yet_reached,ok
2021,2021-03-23,50,Ilaix Moriba,Barcelona,https://www.goal.com/en-us/lists/nxgn-2021-best-wonderkids/blt268939ae96ad3ac6,617074,Ilaix Moriba,2003-01-19,https://www.transfermarkt.us/ilaix-moriba/profil/spieler/617074,1.08,automatic,matched,18,18.174,25000000,2021-06-10,observed_to_date,2021-03-23,10000000,2021-03-19,last_known_before_target,2022-03-23,10000000,2022-03-21,last_known_before_target,2023-03-23,7000000,2022-11-07,last_known_before_target,2024-03-23,3000000,2024-03-21,last_known_before_target,2025-03-23,4000000,2024-12-27,last_known_before_target,2026-03-23,10000000,2025-12-12,last_known_before_target,2027-03-23,,,target_not_yet_reached,2028-03-23,,,target_not_yet_reached,2029-03-23,,,target_not_yet_reached,2030-03-23,,,target_not_yet_reached,2031-03-23,,,target_not_yet_reached,ok
2021,2021-03-23,49,Takuhiro Nakai,Real Madrid,https://www.goal.com/en-us/lists/nxgn-2021-best-wonderkids/blt268939ae96ad3ac6,728135,Takuhiro Nakai,2003-10-24,https://www.transfermarkt.us/takuhiro-nakai/profil/spieler/728135,1.08,automatic,matched,17,17.413,150000,2024-10-14,observed_to_date,2021-03-23,,,no_prior_valuation,2022-03-23,,,no_prior_valuation,2023-03-23,100000,2022-12-29,last_known_before_target,2024-03-23,100000,2023-12-20,last_known_before_target,2025-03-23,150000,2024-12-18,last_known_before_target,2026-03-23,0,2025-08-21,last_known_before_target,2027-03-23,,,target_not_yet_reached,2028-03-23,,,target_not_yet_reached,2029-03-23,,,target_not_yet_reached,2030-03-23,,,target_not_yet_reached,2031-03-23,,,target_not_yet_reached,ok
2021,2021-03-23,48,Maarten Vandevoordt,Genk,https://www.goal.com/en-us/lists/nxgn-2021-best-wonderkids/blt268939ae96ad3ac6,486046,Maarten Vandevoordt,2002-02-26,https://www.transfermarkt.us/maarten-vandevoordt/profil/spieler/486046,1.08,automatic,matched,19,19.07,15000000,2026-05-27,observed_to_date,2021-03-23,1500000,2020-10-16,last_known_before_target,2022-03-23,4000000,2022-01-06,last_known_before_target,2023-03-23,9000000,2022-11-04,last_known_before_target,2024-03-23,11000000,2023-12-19,last_known_before_target,2025-03-23,8000000,2024-12-20,last_known_before_target,2026-03-23,8000000,2025-12-19,last_known_before_target,2027-03-23,,,target_not_yet_reached,2028-03-23,,,target_not_yet_reached,2029-03-23,,,target_not_yet_reached,2030-03-23,,,target_not_yet_reached,2031-03-23,,,target_not_yet_reached,ok
2021,2021-03-23,47,Jayden Braaf,Manchester City,https://www.goal.com/en-us/lists/nxgn-2021-best-wonderkids/blt268939ae96ad3ac6,470391,Jayden Braaf,2002-08-31,https://www.transfermarkt.us/jayden-braaf/profil/spieler/470391,1.08,automatic,matched,18,18.56,3000000,2021-02-10,observed_to_date,2021-03-23,3000000,2021-02-10,last_known_before_target,2022-03-23,3000000,2021-06-03,last_known_before_target,2023-03-23,1000000,2022-12-08,last_known_before_target,2024-03-23,1000000,2023-12-20,last_known_before_target,2025-03-23,800000,2024-12-23,last_known_before_target,2026-03-23,600000,2025-10-21,last_known_before_target,2027-03-23,,,target_not_yet_reached,2028-03-23,,,target_not_yet_reached,2029-03-23,,,target_not_yet_reached,2030-03-23,,,target_not_yet_reached,2031-03-23,,,target_not_yet_reached,ok
2021,2021-03-23,46,Kenneth Taylor,Ajax,https://www.goal.com/en-us/lists/nxgn-2021-best-wonderkids/blt268939ae96ad3ac6,470394,Kenneth Taylor,2002-05-16,https://www.transfermarkt.us/kenneth-taylor/profil/spieler/470394,1.08,automatic,matched,18,18.853,28000000,2025-05-28,observed_to_date,2021-03-23,3000000,2020-12-31,last_known_before_target,2022-03-23,3000000,2022-01-05,last_known_before_target,2023-03-23,14000000,2022-11-11,last_known_before_target,2024-03-23,10000000,2023-12-15,last_known_before_target,2025-03-23,16000000,2024-12-17,last_known_before_target,2026-03-23,23000000,2025-12-02,last_known_before_target,2027-03-23,,,target_not_yet_reached,2028-03-23,,,target_not_yet_reached,2029-03-23,,,target_not_yet_reached,2030-03-23,,,target_not_yet_reached,2031-03-23,,,target_not_yet_reached,ok
2021,2021-03-23,45,Radu Dragusin,Juventus,https://www.goal.com/en-us/lists/nxgn-2021-best-wonderkids/blt268939ae96ad3ac6,568559,Radu Drăgușin,2002-02-03,https://www.transfermarkt.us/radu-dragusin/profil/spieler/568559,1.08,automatic,matched,19,19.132,25000000,2024-03-14,observed_to_date,2021-03-23,800000,2021-01-11,last_known_before_target,2022-03-23,3500000,2021-12-28,last_known_before_target,2023-03-23,5000000,2023-03-20,last_known_before_target,2024-03-23,25000000,2024-03-14,last_known_before_target,2025-03-23,25000000,2024-12-16,last_known_before_target,2026-03-23,20000000,2026-03-09,last_known_before_target,2027-03-23,,,target_not_yet_reached,2028-03-23,,,target_not_yet_reached,2029-03-23,,,target_not_yet_reached,2030-03-23,,,target_not_yet_reached,2031-03-23,,,target_not_yet_reached,ok
2021,2021-03-23,44,Joelson Fernandes,Sporting CP,https://www.goal.com/en-us/lists/nxgn-2021-best-wonderkids/blt268939ae96ad3ac6,581140,Joelson Fernandes,2003-02-28,https://www.transfermarkt.us/joelson-fernandes/profil/spieler/581140,1.08,automatic,matched,18,18.065,6000000,2020-08-17,observed_to_date,2021-03-23,6000000,2021-01-28,last_known_before_target,2022-03-23,3500000,2022-01-03,last_known_before_target,2023-03-23,2000000,2022-06-08,last_known_before_target,2024-03-23,2000000,2024-03-15,last_known_before_target,2025-03-23,1600000,2025-03-20,last_known_before_target,2026-03-23,1500000,2025-12-18,last_known_before_target,2027-03-23,,,target_not_yet_reached,2028-03-23,,,target_not_yet_reached,2029-03-23,,,target_not_yet_reached,2030-03-23,,,target_not_yet_reached,2031-03-23,,,target_not_yet_reached,ok
2021,2021-03-23,43,Exequiel Zeballos,Boca Juniors,https://www.goal.com/en-us/lists/nxgn-2021-best-wonderkids/blt268939ae96ad3ac6,661132,Exequiel Zeballos,2002-04-24,https://www.transfermarkt.us/exequiel-zeballos/profil/spieler/661132,1.08,automatic,matched,18,18.913,7000000,2023-10-04,observed_to_date,2021-03-23,5000000,2021-02-08,last_known_before_target,2022-03-23,5000000,2021-10-20,last_known_before_target,2023-03-23,6500000,2022-10-26,last_known_before_target,2024-03-23,5000000,2024-03-11,last_known_before_target,2025-03-23,6000000,2024-12-13,last_known_before_target,2026-03-23,7000000,2025-12-17,last_known_before_target,2027-03-23,,,target_not_yet_reached,2028-03-23,,,target_not_yet_reached,2029-03-23,,,target_not_yet_reached,2030-03-23,,,target_not_yet_reached,2031-03-23,,,target_not_yet_reached,ok
2021,2021-03-23,42,Sontje Hansen,Ajax,https://www.goal.com/en-us/lists/nxgn-2021-best-wonderkids/blt268939ae96ad3ac6,485582,Sontje Hansen,2002-05-18,https://www.transfermarkt.us/sontje-hansen/profil/spieler/485582,1.08,automatic,matched,18,18.848,6000000,2020-10-24,observed_to_date,2021-03-23,4000000,2021-03-16,last_known_before_target,2022-03-23,1500000,2022-01-12,last_known_before_target,2023-03-23,1000000,2022-06-23,last_known_before_target,2024-03-23,2000000,2024-03-18,last_known_before_target,2025-03-23,3500000,2024-12-17,last_known_before_target,2026-03-23,4000000,2025-12-03,last_known_before_target,2027-03-23,,,target_not_yet_reached,2028-03-23,,,target_not_yet_reached,2029-03-23,,,target_not_yet_reached,2030-03-23,,,target_not_yet_reached,2031-03-23,,,target_not_yet_reached,ok
2021,2021-03-23,41,Talles Magno,Vasco da Gama,https://www.goal.com/en-us/lists/nxgn-2021-best-wonderkids/blt268939ae96ad3ac6,677512,Talles Magno,2002-06-26,https://www.transfermarkt.us/talles-magno/profil/spieler/677512,1.08,automatic,matched,18,18.741,15000000,2022-11-08,observed_to_date,2021-03-23,8000000,2021-02-09,last_known_before_target,2022-03-23,7000000,2021-11-09,last_known_before_target,2023-03-23,15000000,2022-11-08,last_known_before_target,2024-03-23,10000000,2023-12-18,last_known_before_target,2025-03-23,7000000,2024-12-09,last_known_before_target,2026-03-23,4500000,2025-12-10,last_known_before_target,2027-03-23,,,target_not_yet_reached,2028-03-23,,,target_not_yet_reached,2029-03-23,,,target_not_yet_reached,2030-03-23,,,target_not_yet_reached,2031-03-23,,,target_not_yet_reached,ok
2021,2021-03-23,40,Lorenzo Colombo,AC Milan,https://www.goal.com/en-us/lists/nxgn-2021-best-wonderkids/blt268939ae96ad3ac6,487843,Lorenzo Colombo,2002-03-08,https://www.transfermarkt.us/lorenzo-colombo/profil/spieler/487843,1.08,automatic,matched,19,19.042,10000000,2026-03-24,observed_to_date,2021-03-23,1000000,2020-12-29,last_known_before_target,2022-03-23,4000000,2021-12-29,last_known_before_target,2023-03-23,5000000,2023-03-21,last_known_before_target,2024-03-23,7000000,2023-12-20,last_known_before_target,2025-03-23,6000000,2024-12-18,last_known_before_target,2026-03-23,6000000,2025-12-23,last_known_before_target,2027-03-23,,,target_not_yet_reached,2028-03-23,,,target_not_yet_reached,2029-03-23,,,target_not_yet_reached,2030-03-23,,,target_not_yet_reached,2031-03-23,,,target_not_yet_reached,ok
2021,2021-03-23,39,Luka Romero,Mallorca,https://www.goal.com/en-us/lists/nxgn-2021-best-wonderkids/blt268939ae96ad3ac6,769063,Luka Romero,2004-11-18,https://www.transfermarkt.us/luka-romero/profil/spieler/769063,1.08,automatic,matched,16,16.343,5000000,2024-03-21,observed_to_date,2021-03-23,1000000,2021-01-08,last_known_before_target,2022-03-23,1000000,2021-12-28,last_known_before_target,2023-03-23,1000000,2022-11-11,last_known_before_target,2024-03-23,5000000,2024-03-21,last_known_before_target,2025-03-23,3500000,2024-12-27,last_known_before_target,2026-03-23,3200000,2025-12-29,last_known_before_target,2027-03-23,,,target_not_yet_reached,2028-03-23,,,target_not_yet_reached,2029-03-23,,,target_not_yet_reached,2030-03-23,,,target_not_yet_reached,2031-03-23,,,target_not_yet_reached,ok
2021,2021-03-23,38,Timothee Pembele,Paris Saint-Germain,https://www.goal.com/en-us/lists/nxgn-2021-best-wonderkids/blt268939ae96ad3ac6,538998,Timothée Pembélé,2002-09-09,https://www.transfermarkt.us/timothee-pembele/profil/spieler/538998,1.08,automatic,matched,18,18.536,7000000,2021-10-08,observed_to_date,2021-03-23,4000000,2021-01-07,last_known_before_target,2022-03-23,7000000,2021-12-16,last_known_before_target,2023-03-23,5000000,2022-11-02,last_known_before_target,2024-03-23,3000000,2024-03-07,last_known_before_target,2025-03-23,2500000,2024-12-10,last_known_before_target,2026-03-23,2000000,2025-12-09,last_known_before_target,2027-03-23,,,target_not_yet_reached,2028-03-23,,,target_not_yet_reached,2029-03-23,,,target_not_yet_reached,2030-03-23,,,target_not_yet_reached,2031-03-23,,,target_not_yet_reached,ok
2021,2021-03-23,37,Devyne Rensch,Ajax,https://www.goal.com/en-us/lists/nxgn-2021-best-wonderkids/blt268939ae96ad3ac6,557407,Devyne Rensch,2003-01-18,https://www.transfermarkt.us/devyne-rensch/profil/spieler/557407,1.08,automatic,matched,18,18.177,12000000,2024-12-17,observed_to_date,2021-03-23,5500000,2021-03-09,last_known_before_target,2022-03-23,8000000,2022-03-17,last_known_before_target,2023-03-23,8000000,2022-11-11,last_known_before_target,2024-03-23,8000000,2023-12-15,last_known_before_target,2025-03-23,12000000,2024-12-17,last_known_before_target,2026-03-23,8500000,2025-12-23,last_known_before_target,2027-03-23,,,target_not_yet_reached,2028-03-23,,,target_not_yet_reached,2029-03-23,,,target_not_yet_reached,2030-03-23,,,target_not_yet_reached,2031-03-23,,,target_not_yet_reached,ok
2021,2021-03-23,36,Eduardo Quaresma,Sporting CP,https://www.goal.com/en-us/lists/nxgn-2021-best-wonderkids/blt268939ae96ad3ac6,504073,Eduardo Quaresma,2002-03-02,https://www.transfermarkt.us/eduardo-quaresma/profil/spieler/504073,1.08,automatic,matched,19,19.059,18000000,2025-05-30,observed_to_date,2021-03-23,6000000,2021-01-28,last_known_before_target,2022-03-23,4000000,2021-12-27,last_known_before_target,2023-03-23,4000000,2022-11-09,last_known_before_target,2024-03-23,7000000,2024-03-08,last_known_before_target,2025-03-23,14000000,2024-12-19,last_known_before_target,2026-03-23,15000000,2025-12-18,last_known_before_target,2027-03-23,,,target_not_yet_reached,2028-03-23,,,target_not_yet_reached,2029-03-23,,,target_not_yet_reached,2030-03-23,,,target_not_yet_reached,2031-03-23,,,target_not_yet_reached,ok
2021,2021-03-23,35,Yan Couto,Manchester City,https://www.goal.com/en-us/lists/nxgn-2021-best-wonderkids/blt268939ae96ad3ac6,627228,Yan Couto,2002-06-03,https://www.transfermarkt.us/yan-couto/profil/spieler/627228,1.08,automatic,matched,18,18.804,25000000,2024-06-07,observed_to_date,2021-03-23,3000000,2021-03-19,last_known_before_target,2022-03-23,5000000,2021-12-27,last_known_before_target,2023-03-23,6000000,2022-11-07,last_known_before_target,2024-03-23,15000000,2024-03-21,last_known_before_target,2025-03-23,25000000,2024-12-20,last_known_before_target,2026-03-23,20000000,2025-12-19,last_known_before_target,2027-03-23,,,target_not_yet_reached,2028-03-23,,,target_not_yet_reached,2029-03-23,,,target_not_yet_reached,2030-03-23,,,target_not_yet_reached,2031-03-23,,,target_not_yet_reached,ok
2021,2021-03-23,34,Arnaud Kalimuendo,Paris Saint-Germain,https://www.goal.com/en-us/lists/nxgn-2021-best-wonderkids/blt268939ae96ad3ac6,585959,Arnaud Kalimuendo,2002-01-20,https://www.transfermarkt.us/arnaud-kalimuendo/profil/spieler/585959,1.08,automatic,matched,19,19.171,30000000,2025-10-17,observed_to_date,2021-03-23,6000000,2021-01-07,last_known_before_target,2022-03-23,12000000,2021-12-16,last_known_before_target,2023-03-23,25000000,2022-11-02,last_known_before_target,2024-03-23,20000000,2023-12-18,last_known_before_target,2025-03-23,20000000,2024-12-10,last_known_before_target,2026-03-23,25000000,2025-12-09,last_known_before_target,2027-03-23,,,target_not_yet_reached,2028-03-23,,,target_not_yet_reached,2029-03-23,,,target_not_yet_reached,2030-03-23,,,target_not_yet_reached,2031-03-23,,,target_not_yet_reached,ok
2021,2021-03-23,33,Ki-Jana Hoever,Wolverhampton Wanderers,https://www.goal.com/en-us/lists/nxgn-2021-best-wonderkids/blt268939ae96ad3ac6,485583,Ki-Jana Hoever,2002-01-18,https://www.transfermarkt.us/ki-jana-hoever/profil/spieler/485583,1.08,automatic,matched,19,19.176,7000000,2020-10-13,observed_to_date,2021-03-23,7000000,2021-03-18,last_known_before_target,2022-03-23,7000000,2021-12-23,last_known_before_target,2023-03-23,4000000,2022-11-11,last_known_before_target,2024-03-23,3500000,2023-12-21,last_known_before_target,2025-03-23,4500000,2024-12-10,last_known_before_target,2026-03-23,5000000,2025-12-09,last_known_before_target,2027-03-23,,,target_not_yet_reached,2028-03-23,,,target_not_yet_reached,2029-03-23,,,target_not_yet_reached,2030-03-23,,,target_not_yet_reached,2031-03-23,,,target_not_yet_reached,ok
2021,2021-03-23,32,Filip Stevanovic,Manchester City,https://www.goal.com/en-us/lists/nxgn-2021-best-wonderkids/blt268939ae96ad3ac6,627750,Filip Stevanovic,2002-09-25,https://www.transfermarkt.us/filip-stevanovic/profil/spieler/627750,1.08,automatic,matched,18,18.492,8000000,2020-06-28,observed_to_date,2021-03-23,8000000,2020-12-22,last_known_before_target,2022-03-23,3500000,2022-01-05,last_known_before_target,2023-03-23,2000000,2023-03-02,last_known_before_target,2024-03-23,1000000,2024-03-18,last_known_before_target,2025-03-23,750000,2024-12-20,last_known_before_target,2026-03-23,350000,2025-12-18,last_known_before_target,2027-03-23,,,target_not_yet_reached,2028-03-23,,,target_not_yet_reached,2029-03-23,,,target_not_yet_reached,2030-03-23,,,target_not_yet_reached,2031-03-23,,,target_not_yet_reached,ok
2021,2021-03-23,31,Riccardo Calafiori,Roma,https://www.goal.com/en-us/lists/nxgn-2021-best-wonderkids/blt268939ae96ad3ac6,502821,Riccardo Calafiori,2002-05-19,https://www.transfermarkt.us/riccardo-calafiori/profil/spieler/502821,1.08,automatic,matched,18,18.845,55000000,2026-06-03,observed_to_date,2021-03-23,2500000,2020-12-29,last_known_before_target,2022-03-23,4000000,2021-12-28,last_known_before_target,2023-03-23,3500000,2022-11-10,last_known_before_target,2024-03-23,25000000,2024-03-12,last_known_before_target,2025-03-23,40000000,2025-03-18,last_known_before_target,2026-03-23,50000000,2025-12-09,last_known_before_target,2027-03-23,,,target_not_yet_reached,2028-03-23,,,target_not_yet_reached,2029-03-23,,,target_not_yet_reached,2030-03-23,,,target_not_yet_reached,2031-03-23,,,target_not_yet_reached,ok
2021,2021-03-23,30,Brian Brobbey,Ajax,https://www.goal.com/en-us/lists/nxgn-2021-best-wonderkids/blt268939ae96ad3ac6,473169,Brian Brobbey,2002-02-01,https://www.transfermarkt.us/brian-brobbey/profil/spieler/473169,1.08,automatic,matched,19,19.138,40000000,2026-07-22,observed_to_date,2021-03-23,6000000,2021-03-16,last_known_before_target,2022-03-23,7500000,2021-12-22,last_known_before_target,2023-03-23,13000000,2023-03-17,last_known_before_target,2024-03-23,25000000,2024-03-18,last_known_before_target,2025-03-23,30000000,2024-12-17,last_known_before_target,2026-03-23,25000000,2026-03-09,last_known_before_target,2027-03-23,,,target_not_yet_reached,2028-03-23,,,target_not_yet_reached,2029-03-23,,,target_not_yet_reached,2030-03-23,,,target_not_yet_reached,2031-03-23,,,target_not_yet_reached,ok
2021,2021-03-23,29,Isaac Lihadji,Lille,https://www.goal.com/en-us/lists/nxgn-2021-best-wonderkids/blt268939ae96ad3ac6,557610,Isaac Lihadji,2002-04-10,https://www.transfermarkt.us/isaac-lihadji/profil/spieler/557610,1.08,automatic,matched,18,18.952,4000000,2021-01-07,observed_to_date,2021-03-23,4000000,2021-01-07,last_known_before_target,2022-03-23,3500000,2021-12-16,last_known_before_target,2023-03-23,1500000,2022-11-02,last_known_before_target,2024-03-23,1000000,2023-11-27,last_known_before_target,2025-03-23,800000,2024-12-10,last_known_before_target,2026-03-23,550000,2025-12-30,last_known_before_target,2027-03-23,,,target_not_yet_reached,2028-03-23,,,target_not_yet_reached,2029-03-23,,,target_not_yet_reached,2030-03-23,,,target_not_yet_reached,2031-03-23,,,target_not_yet_reached,ok
2021,2021-03-23,28,Noni Madueke,PSV,https://www.goal.com/en-us/lists/nxgn-2021-best-wonderkids/blt268939ae96ad3ac6,503987,Noni Madueke,2002-03-10,https://www.transfermarkt.us/noni-madueke/profil/spieler/503987,1.08,automatic,matched,19,19.037,50000000,2025-10-17,observed_to_date,2021-03-23,14000000,2021-03-09,last_known_before_target,2022-03-23,18000000,2022-01-05,last_known_before_target,2023-03-23,28000000,2023-03-16,last_known_before_target,2024-03-23,25000000,2023-12-19,last_known_before_target,2025-03-23,40000000,2024-12-16,last_known_before_target,2026-03-23,50000000,2025-12-09,last_known_before_target,2027-03-23,,,target_not_yet_reached,2028-03-23,,,target_not_yet_reached,2029-03-23,,,target_not_yet_reached,2030-03-23,,,target_not_yet_reached,2031-03-23,,,target_not_yet_reached,ok
2021,2021-03-23,27,Karim Adeyemi,Red Bull Salzburg,https://www.goal.com/en-us/lists/nxgn-2021-best-wonderkids/blt268939ae96ad3ac6,496094,Karim Adeyemi,2002-01-18,https://www.transfermarkt.us/karim-adeyemi/profil/spieler/496094,1.08,automatic,matched,19,19.176,60000000,2025-10-14,observed_to_date,2021-03-23,9000000,2020-12-21,last_known_before_target,2022-03-23,35000000,2021-12-16,last_known_before_target,2023-03-23,35000000,2022-11-09,last_known_before_target,2024-03-23,28000000,2023-12-14,last_known_before_target,2025-03-23,35000000,2024-12-20,last_known_before_target,2026-03-23,50000000,2026-03-20,last_known_before_target,2027-03-23,,,target_not_yet_reached,2028-03-23,,,target_not_yet_reached,2029-03-23,,,target_not_yet_reached,2030-03-23,,,target_not_yet_reached,2031-03-23,,,target_not_yet_reached,ok
2021,2021-03-23,26,Harvey Elliott,Liverpool,https://www.goal.com/en-us/lists/nxgn-2021-best-wonderkids/blt268939ae96ad3ac6,565822,Harvey Elliott,2003-04-04,https://www.transfermarkt.us/harvey-elliott/profil/spieler/565822,1.08,automatic,matched,17,17.969,35000000,2022-09-15,observed_to_date,2021-03-23,15000000,2021-03-10,last_known_before_target,2022-03-23,15000000,2021-12-23,last_known_before_target,2023-03-23,35000000,2022-11-03,last_known_before_target,2024-03-23,35000000,2024-03-14,last_known_before_target,2025-03-23,35000000,2024-12-16,last_known_before_target,2026-03-23,22000000,2026-03-09,last_known_before_target,2027-03-23,,,target_not_yet_reached,2028-03-23,,,target_not_yet_reached,2029-03-23,,,target_not_yet_reached,2030-03-23,,,target_not_yet_reached,2031-03-23,,,target_not_yet_reached,ok
2021,2021-03-23,25,Sebastiano Esposito,Inter,https://www.goal.com/en-us/lists/nxgn-2021-best-wonderkids/blt268939ae96ad3ac6,538918,Sebastiano Esposito,2002-07-02,https://www.transfermarkt.us/sebastiano-esposito/profil/spieler/538918,1.08,automatic,matched,18,18.725,15000000,2026-05-29,observed_to_date,2021-03-23,6000000,2021-02-22,last_known_before_target,2022-03-23,6000000,2022-01-03,last_known_before_target,2023-03-23,3500000,2022-11-04,last_known_before_target,2024-03-23,4400000,2023-12-27,last_known_before_target,2025-03-23,7000000,2024-12-18,last_known_before_target,2026-03-23,9000000,2025-12-23,last_known_before_target,2027-03-23,,,target_not_yet_reached,2028-03-23,,,target_not_yet_reached,2029-03-23,,,target_not_yet_reached,2030-03-23,,,target_not_yet_reached,2031-03-23,,,target_not_yet_reached,ok
2021,2021-03-23,24,Dario Sarmiento,Estudiantes,https://www.goal.com/en-us/lists/nxgn-2021-best-wonderkids/blt268939ae96ad3ac6,668552,Darío Sarmiento,2003-03-29,https://www.transfermarkt.us/dario-sarmiento/profil/spieler/668552,1.08,automatic,matched,17,17.985,5500000,2021-02-08,observed_to_date,2021-03-23,5500000,2021-02-08,last_known_before_target,2022-03-23,3000000,2021-12-27,last_known_before_target,2023-03-23,2000000,2022-11-12,last_known_before_target,2024-03-23,1000000,2023-12-19,last_known_before_target,2025-03-23,800000,2024-12-13,last_known_before_target,2026-03-23,400000,2025-12-18,last_known_before_target,2027-03-23,,,target_not_yet_reached,2028-03-23,,,target_not_yet_reached,2029-03-23,,,target_not_yet_reached,2030-03-23,,,target_not_yet_reached,2031-03-23,,,target_not_yet_reached,ok
2021,2021-03-23,23,Nuno Mendes,Sporting CP,https://www.goal.com/en-us/lists/nxgn-2021-best-wonderkids/blt268939ae96ad3ac6,616341,Nuno Mendes,2002-06-19,https://www.transfermarkt.us/nuno-mendes/profil/spieler/616341,1.08,automatic,matched,18,18.76,80000000,2026-06-01,observed_to_date,2021-03-23,17000000,2021-01-28,last_known_before_target,2022-03-23,40000000,2021-12-16,last_known_before_target,2023-03-23,60000000,2022-11-02,last_known_before_target,2024-03-23,60000000,2023-12-18,last_known_before_target,2025-03-23,55000000,2024-12-10,last_known_before_target,2026-03-23,75000000,2025-12-15,last_known_before_target,2027-03-23,,,target_not_yet_reached,2028-03-23,,,target_not_yet_reached,2029-03-23,,,target_not_yet_reached,2030-03-23,,,target_not_yet_reached,2031-03-23,,,target_not_yet_reached,ok
2021,2021-03-23,22,Adil Aouchiche,Saint-Etienne,https://www.goal.com/en-us/lists/nxgn-2021-best-wonderkids/blt268939ae96ad3ac6,569385,Adil Aouchiche,2002-07-15,https://www.transfermarkt.us/adil-aouchiche/profil/spieler/569385,1.08,automatic,matched,18,18.689,10000000,2020-10-15,observed_to_date,2021-03-23,10000000,2020-10-15,last_known_before_target,2022-03-23,7000000,2021-12-16,last_known_before_target,2023-03-23,3000000,2022-11-02,last_known_before_target,2024-03-23,2000000,2023-12-21,last_known_before_target,2025-03-23,2500000,2024-12-30,last_known_before_target,2026-03-23,2000000,2026-03-13,last_known_before_target,2027-03-23,,,target_not_yet_reached,2028-03-23,,,target_not_yet_reached,2029-03-23,,,target_not_yet_reached,2030-03-23,,,target_not_yet_reached,2031-03-23,,,target_not_yet_reached,ok
2021,2021-03-23,21,Adam Hlozek,Sparta Prague,https://www.goal.com/en-us/lists/nxgn-2021-best-wonderkids/blt268939ae96ad3ac6,552057,Adam Hlozek,2002-07-25,https://www.transfermarkt.us/adam-hlozek/profil/spieler/552057,1.08,automatic,matched,18,18.662,20000000,2022-06-22,observed_to_date,2021-03-23,12000000,2020-12-27,last_known_before_target,2022-03-23,19000000,2021-12-26,last_known_before_target,2023-03-23,15000000,2022-11-09,last_known_before_target,2024-03-23,15000000,2023-12-14,last_known_before_target,2025-03-23,18000000,2024-12-20,last_known_before_target,2026-03-23,12000000,2026-03-20,last_known_before_target,2027-03-23,,,target_not_yet_reached,2028-03-23,,,target_not_yet_reached,2029-03-23,,,target_not_yet_reached,2030-03-23,,,target_not_yet_reached,2031-03-23,,,target_not_yet_reached,ok
2021,2021-03-23,20,Josko Gvardiol,Dinamo Zagreb,https://www.goal.com/en-us/lists/nxgn-2021-best-wonderkids/blt268939ae96ad3ac6,475959,Josko Gvardiol,2002-01-23,https://www.transfermarkt.us/josko-gvardiol/profil/spieler/475959,1.08,automatic,matched,19,19.163,80000000,2023-10-09,observed_to_date,2021-03-23,16000000,2020-12-28,last_known_before_target,2022-03-23,25000000,2021-12-22,last_known_before_target,2023-03-23,75000000,2022-12-23,last_known_before_target,2024-03-23,75000000,2024-03-14,last_known_before_target,2025-03-23,75000000,2024-12-16,last_known_before_target,2026-03-23,70000000,2025-12-09,last_known_before_target,2027-03-23,,,target_not_yet_reached,2028-03-23,,,target_not_yet_reached,2029-03-23,,,target_not_yet_reached,2030-03-23,,,target_not_yet_reached,2031-03-23,,,target_not_yet_reached,ok
2021,2021-03-23,19,Amad Diallo,Manchester United,https://www.goal.com/en-us/lists/nxgn-2021-best-wonderkids/blt268939ae96ad3ac6,536835,Amad Diallo,2002-07-11,https://www.transfermarkt.us/amad-diallo/profil/spieler/536835,1.08,automatic,matched,18,18.7,50000000,2025-12-09,observed_to_date,2021-03-23,15000000,2021-03-18,last_known_before_target,2022-03-23,18000000,2021-12-23,last_known_before_target,2023-03-23,7000000,2022-10-27,last_known_before_target,2024-03-23,18000000,2023-12-19,last_known_before_target,2025-03-23,40000000,2025-03-18,last_known_before_target,2026-03-23,50000000,2025-12-09,last_known_before_target,2027-03-23,,,target_not_yet_reached,2028-03-23,,,target_not_yet_reached,2029-03-23,,,target_not_yet_reached,2030-03-23,,,target_not_yet_reached,2031-03-23,,,target_not_yet_reached,ok
2021,2021-03-23,18,Kaio Jorge,Santos,https://www.goal.com/en-us/lists/nxgn-2021-best-wonderkids/blt268939ae96ad3ac6,620477,Kaio Jorge,2002-01-24,https://www.transfermarkt.us/kaio-jorge/profil/spieler/620477,1.08,automatic,matched,19,19.16,26000000,2026-03-12,observed_to_date,2021-03-23,12000000,2021-02-09,last_known_before_target,2022-03-23,10000000,2022-03-15,last_known_before_target,2023-03-23,3000000,2023-03-21,last_known_before_target,2024-03-23,4000000,2024-03-12,last_known_before_target,2025-03-23,4500000,2024-12-09,last_known_before_target,2026-03-23,26000000,2026-03-12,last_known_before_target,2027-03-23,,,target_not_yet_reached,2028-03-23,,,target_not_yet_reached,2029-03-23,,,target_not_yet_reached,2030-03-23,,,target_not_yet_reached,2031-03-23,,,target_not_yet_reached,ok
2021,2021-03-23,17,Fabio Silva,Wolverhampton Wanderers,https://www.goal.com/en-us/lists/nxgn-2021-best-wonderkids/blt268939ae96ad3ac6,505653,Fábio Silva,2002-07-19,https://www.transfermarkt.us/fabio-silva/profil/spieler/505653,1.08,automatic,matched,18,18.678,28000000,2025-10-14,observed_to_date,2021-03-23,25000000,2021-03-18,last_known_before_target,2022-03-23,22000000,2021-12-23,last_known_before_target,2023-03-23,13000000,2022-11-04,last_known_before_target,2024-03-23,13000000,2023-12-19,last_known_before_target,2025-03-23,20000000,2025-03-21,last_known_before_target,2026-03-23,28000000,2025-12-19,last_known_before_target,2027-03-23,,,target_not_yet_reached,2028-03-23,,,target_not_yet_reached,2029-03-23,,,target_not_yet_reached,2030-03-23,,,target_not_yet_reached,2031-03-23,,,target_not_yet_reached,ok
2021,2021-03-23,16,Tanguy Nianzou,Bayern Munich,https://www.goal.com/en-us/lists/nxgn-2021-best-wonderkids/blt268939ae96ad3ac6,538996,Tanguy Nianzou,2002-06-07,https://www.transfermarkt.us/tanguy-nianzou/profil/spieler/538996,1.08,automatic,matched,18,18.793,12000000,2020-03-13,observed_to_date,2021-03-23,11000000,2021-02-10,last_known_before_target,2022-03-23,11000000,2021-12-22,last_known_before_target,2023-03-23,9000000,2022-11-07,last_known_before_target,2024-03-23,4000000,2024-03-21,last_known_before_target,2025-03-23,3000000,2024-12-27,last_known_before_target,2026-03-23,1400000,2025-12-12,last_known_before_target,2027-03-23,,,target_not_yet_reached,2028-03-23,,,target_not_yet_reached,2029-03-23,,,target_not_yet_reached,2030-03-23,,,target_not_yet_reached,2031-03-23,,,target_not_yet_reached,ok
2021,2021-03-23,15,Youssoufa Moukoko,Borussia Dortmund,https://www.goal.com/en-us/lists/nxgn-2021-best-wonderkids/blt268939ae96ad3ac6,467720,Youssoufa Moukoko,2004-11-20,https://www.transfermarkt.us/youssoufa-moukoko/profil/spieler/467720,1.08,automatic,matched,16,16.337,30000000,2022-11-09,observed_to_date,2021-03-23,10000000,2021-02-10,last_known_before_target,2022-03-23,15000000,2021-12-22,last_known_before_target,2023-03-23,30000000,2022-11-09,last_known_before_target,2024-03-23,30000000,2023-12-14,last_known_before_target,2025-03-23,18000000,2024-12-10,last_known_before_target,2026-03-23,7000000,2025-12-15,last_known_before_target,2027-03-23,,,target_not_yet_reached,2028-03-23,,,target_not_yet_reached,2029-03-23,,,target_not_yet_reached,2030-03-23,,,target_not_yet_reached,2031-03-23,,,target_not_yet_reached,ok
2021,2021-03-23,14,Jeremy Doku,Rennes,https://www.goal.com/en-us/lists/nxgn-2021-best-wonderkids/blt268939ae96ad3ac6,486049,Jérémy Doku,2002-05-27,https://www.transfermarkt.us/jeremy-doku/profil/spieler/486049,1.08,automatic,matched,18,18.823,75000000,2026-06-03,observed_to_date,2021-03-23,20000000,2020-10-15,last_known_before_target,2022-03-23,25000000,2021-12-16,last_known_before_target,2023-03-23,18000000,2022-11-02,last_known_before_target,2024-03-23,65000000,2023-12-19,last_known_before_target,2025-03-23,55000000,2025-03-18,last_known_before_target,2026-03-23,65000000,2025-12-09,last_known_before_target,2027-03-23,,,target_not_yet_reached,2028-03-23,,,target_not_yet_reached,2029-03-23,,,target_not_yet_reached,2030-03-23,,,target_not_yet_reached,2031-03-23,,,target_not_yet_reached,ok
2021,2021-03-23,13,Yunus Musah,Valencia,https://www.goal.com/en-us/lists/nxgn-2021-best-wonderkids/blt268939ae96ad3ac6,503991,Yunus Musah,2002-11-29,https://www.transfermarkt.us/yunus-musah/profil/spieler/503991,1.08,automatic,matched,18,18.314,25000000,2022-09-23,observed_to_date,2021-03-23,10000000,2021-01-05,last_known_before_target,2022-03-23,15000000,2021-12-30,last_known_before_target,2023-03-23,25000000,2022-12-23,last_known_before_target,2024-03-23,23000000,2023-12-20,last_known_before_target,2025-03-23,22000000,2024-12-18,last_known_before_target,2026-03-23,18000000,2025-12-23,last_known_before_target,2027-03-23,,,target_not_yet_reached,2028-03-23,,,target_not_yet_reached,2029-03-23,,,target_not_yet_reached,2030-03-23,,,target_not_yet_reached,2031-03-23,,,target_not_yet_reached,ok
2021,2021-03-23,12,Gabriel Veron,Palmeiras,https://www.goal.com/en-us/lists/nxgn-2021-best-wonderkids/blt268939ae96ad3ac6,627221,Gabriel Veron,2002-09-03,https://www.transfermarkt.us/gabriel-veron/profil/spieler/627221,1.08,automatic,matched,18,18.552,25000000,2020-02-20,observed_to_date,2021-03-23,25000000,2021-02-09,last_known_before_target,2022-03-23,15000000,2021-12-17,last_known_before_target,2023-03-23,12000000,2022-11-01,last_known_before_target,2024-03-23,8000000,2023-12-27,last_known_before_target,2025-03-23,7000000,2024-12-09,last_known_before_target,2026-03-23,3000000,2025-12-10,last_known_before_target,2027-03-23,,,target_not_yet_reached,2028-03-23,,,target_not_yet_reached,2029-03-23,,,target_not_yet_reached,2030-03-23,,,target_not_yet_reached,2031-03-23,,,target_not_yet_reached,ok
2021,2021-03-23,11,Rayan Cherki,Lyon,https://www.goal.com/en-us/lists/nxgn-2021-best-wonderkids/blt268939ae96ad3ac6,607223,Rayan Cherki,2003-08-17,https://www.transfermarkt.us/rayan-cherki/profil/spieler/607223,1.08,automatic,matched,17,17.599,90000000,2026-06-03,observed_to_date,2021-03-23,25000000,2020-10-15,last_known_before_target,2022-03-23,20000000,2021-12-16,last_known_before_target,2023-03-23,18000000,2022-11-02,last_known_before_target,2024-03-23,25000000,2023-12-18,last_known_before_target,2025-03-23,30000000,2024-12-10,last_known_before_target,2026-03-23,65000000,2026-03-09,last_known_before_target,2027-03-23,,,target_not_yet_reached,2028-03-23,,,target_not_yet_reached,2029-03-23,,,target_not_yet_reached,2030-03-23,,,target_not_yet_reached,2031-03-23,,,target_not_yet_reached,ok
2021,2021-03-23,10,Reinier,Real Madrid,https://www.goal.com/en-us/lists/nxgn-2021-best-wonderkids/blt268939ae96ad3ac6,627226,Reinier,2002-01-19,https://www.transfermarkt.us/reinier/profil/spieler/627226,1.08,automatic,matched,19,19.174,25000000,2019-11-27,observed_to_date,2021-03-23,18000000,2021-02-10,last_known_before_target,2022-03-23,10000000,2021-12-22,last_known_before_target,2023-03-23,4000000,2022-11-07,last_known_before_target,2024-03-23,4000000,2023-12-20,last_known_before_target,2025-03-23,2500000,2024-12-13,last_known_before_target,2026-03-23,2000000,2026-03-12,last_known_before_target,2027-03-23,,,target_not_yet_reached,2028-03-23,,,target_not_yet_reached,2029-03-23,,,target_not_yet_reached,2030-03-23,,,target_not_yet_reached,2031-03-23,,,target_not_yet_reached,ok
2021,2021-03-23,9,Mohamed Ihattaren,PSV,https://www.goal.com/en-us/lists/nxgn-2021-best-wonderkids/blt268939ae96ad3ac6,503638,Mohamed Ihattaren,2002-02-12,https://www.transfermarkt.us/mohamed-ihattaren/profil/spieler/503638,1.08,automatic,matched,19,19.108,22000000,2019-12-18,observed_to_date,2021-03-23,14000000,2021-03-09,last_known_before_target,2022-03-23,5000000,2021-12-28,last_known_before_target,2023-03-23,0,2023-03-21,last_known_before_target,2024-03-23,300000,2023-12-20,last_known_before_target,2025-03-23,300000,2024-12-17,last_known_before_target,2026-03-23,3000000,2026-03-11,last_known_before_target,2027-03-23,,,target_not_yet_reached,2028-03-23,,,target_not_yet_reached,2029-03-23,,,target_not_yet_reached,2030-03-23,,,target_not_yet_reached,2031-03-23,,,target_not_yet_reached,ok
2021,2021-03-23,8,Jamal Musiala,Bayern Munich,https://www.goal.com/en-us/lists/nxgn-2021-best-wonderkids/blt268939ae96ad3ac6,580195,Jamal Musiala,2003-02-26,https://www.transfermarkt.us/jamal-musiala/profil/spieler/580195,1.08,automatic,matched,18,18.07,140000000,2024-12-20,observed_to_date,2021-03-23,24000000,2021-02-10,last_known_before_target,2022-03-23,55000000,2021-12-22,last_known_before_target,2023-03-23,100000000,2022-11-09,last_known_before_target,2024-03-23,110000000,2023-12-14,last_known_before_target,2025-03-23,140000000,2024-12-20,last_known_before_target,2026-03-23,120000000,2026-03-20,last_known_before_target,2027-03-23,,,target_not_yet_reached,2028-03-23,,,target_not_yet_reached,2029-03-23,,,target_not_yet_reached,2030-03-23,,,target_not_yet_reached,2031-03-23,,,target_not_yet_reached,ok
2021,2021-03-23,7,Ryan Gravenberch,Ajax,https://www.goal.com/en-us/lists/nxgn-2021-best-wonderkids/blt268939ae96ad3ac6,478573,Ryan Gravenberch,2002-05-16,https://www.transfermarkt.us/ryan-gravenberch/profil/spieler/478573,1.08,automatic,matched,18,18.853,90000000,2025-10-17,observed_to_date,2021-03-23,28000000,2021-03-09,last_known_before_target,2022-03-23,35000000,2022-01-05,last_known_before_target,2023-03-23,30000000,2022-11-09,last_known_before_target,2024-03-23,35000000,2023-12-19,last_known_before_target,2025-03-23,70000000,2025-03-18,last_known_before_target,2026-03-23,90000000,2025-12-09,last_known_before_target,2027-03-23,,,target_not_yet_reached,2028-03-23,,,target_not_yet_reached,2029-03-23,,,target_not_yet_reached,2030-03-23,,,target_not_yet_reached,2031-03-23,,,target_not_yet_reached,ok
2021,2021-03-23,6,Florian Wirtz,Bayer Leverkusen,https://www.goal.com/en-us/lists/nxgn-2021-best-wonderkids/blt268939ae96ad3ac6,598577,Florian Wirtz,2003-05-03,https://www.transfermarkt.us/florian-wirtz/profil/spieler/598577,1.08,automatic,matched,17,17.889,140000000,2024-12-20,observed_to_date,2021-03-23,45000000,2021-02-10,last_known_before_target,2022-03-23,70000000,2021-12-22,last_known_before_target,2023-03-23,70000000,2022-11-09,last_known_before_target,2024-03-23,100000000,2023-12-14,last_known_before_target,2025-03-23,140000000,2024-12-20,last_known_before_target,2026-03-23,110000000,2025-12-09,last_known_before_target,2027-03-23,,,target_not_yet_reached,2028-03-23,,,target_not_yet_reached,2029-03-23,,,target_not_yet_reached,2030-03-23,,,target_not_yet_reached,2031-03-23,,,target_not_yet_reached,ok
2021,2021-03-23,5,Jude Bellingham,Borussia Dortmund,https://www.goal.com/en-us/lists/nxgn-2021-best-wonderkids/blt268939ae96ad3ac6,581678,Jude Bellingham,2003-06-29,https://www.transfermarkt.us/jude-bellingham/profil/spieler/581678,1.08,automatic,matched,17,17.733,180000000,2023-12-22,observed_to_date,2021-03-23,35000000,2021-02-10,last_known_before_target,2022-03-23,75000000,2021-12-22,last_known_before_target,2023-03-23,110000000,2022-12-23,last_known_before_target,2024-03-23,180000000,2023-12-22,last_known_before_target,2025-03-23,180000000,2024-12-27,last_known_before_target,2026-03-23,140000000,2026-03-16,last_known_before_target,2027-03-23,,,target_not_yet_reached,2028-03-23,,,target_not_yet_reached,2029-03-23,,,target_not_yet_reached,2030-03-23,,,target_not_yet_reached,2031-03-23,,,target_not_yet_reached,ok
2021,2021-03-23,4,Pedri,Barcelona,https://www.goal.com/en-us/lists/nxgn-2021-best-wonderkids/blt268939ae96ad3ac6,683840,Pedri,2002-11-25,https://www.transfermarkt.us/pedri/profil/spieler/683840,1.08,automatic,matched,18,18.325,150000000,2026-03-16,observed_to_date,2021-03-23,70000000,2021-03-19,last_known_before_target,2022-03-23,80000000,2021-12-30,last_known_before_target,2023-03-23,100000000,2022-11-07,last_known_before_target,2024-03-23,80000000,2024-03-21,last_known_before_target,2025-03-23,120000000,2025-03-21,last_known_before_target,2026-03-23,150000000,2026-03-16,last_known_before_target,2027-03-23,,,target_not_yet_reached,2028-03-23,,,target_not_yet_reached,2029-03-23,,,target_not_yet_reached,2030-03-23,,,target_not_yet_reached,2031-03-23,,,target_not_yet_reached,ok
2021,2021-03-23,3,Gio Reyna,Borussia Dortmund,https://www.goal.com/en-us/lists/nxgn-2021-best-wonderkids/blt268939ae96ad3ac6,504215,Giovanni Reyna,2002-11-13,https://www.transfermarkt.us/giovanni-reyna/profil/spieler/504215,0.823,automatic,matched,18,18.358,42000000,2021-10-07,observed_to_date,2021-03-23,38000000,2021-02-10,last_known_before_target,2022-03-23,42000000,2021-12-22,last_known_before_target,2023-03-23,35000000,2022-11-09,last_known_before_target,2024-03-23,20000000,2023-12-14,last_known_before_target,2025-03-23,12000000,2024-12-20,last_known_before_target,2026-03-23,4000000,2026-03-20,last_known_before_target,2027-03-23,,,target_not_yet_reached,2028-03-23,,,target_not_yet_reached,2029-03-23,,,target_not_yet_reached,2030-03-23,,,target_not_yet_reached,2031-03-23,,,target_not_yet_reached,ok
2021,2021-03-23,2,Eduardo Camavinga,Rennes,https://www.goal.com/en-us/lists/nxgn-2021-best-wonderkids/blt268939ae96ad3ac6,640428,Eduardo Camavinga,2002-11-10,https://www.transfermarkt.us/eduardo-camavinga/profil/spieler/640428,1.08,automatic,matched,18,18.366,100000000,2024-06-07,observed_to_date,2021-03-23,60000000,2021-01-07,last_known_before_target,2022-03-23,55000000,2021-12-30,last_known_before_target,2023-03-23,50000000,2022-11-07,last_known_before_target,2024-03-23,90000000,2023-12-22,last_known_before_target,2025-03-23,70000000,2025-03-21,last_known_before_target,2026-03-23,50000000,2025-12-12,last_known_before_target,2027-03-23,,,target_not_yet_reached,2028-03-23,,,target_not_yet_reached,2029-03-23,,,target_not_yet_reached,2030-03-23,,,target_not_yet_reached,2031-03-23,,,target_not_yet_reached,ok
2021,2021-03-23,1,Ansu Fati,Barcelona,https://www.goal.com/en-us/lists/nxgn-2021-best-wonderkids/blt268939ae96ad3ac6,466810,Ansu Fati,2002-10-31,https://www.transfermarkt.us/ansu-fati/profil/spieler/466810,1.08,automatic,matched,18,18.393,80000000,2020-10-08,observed_to_date,2021-03-23,80000000,2021-01-05,last_known_before_target,2022-03-23,60000000,2021-12-30,last_known_before_target,2023-03-23,50000000,2022-11-07,last_known_before_target,2024-03-23,30000000,2023-12-19,last_known_before_target,2025-03-23,5000000,2025-03-21,last_known_before_target,2026-03-23,10000000,2025-12-15,last_known_before_target,2027-03-23,,,target_not_yet_reached,2028-03-23,,,target_not_yet_reached,2029-03-23,,,target_not_yet_reached,2030-03-23,,,target_not_yet_reached,2031-03-23,,,target_not_yet_reached,ok
2022,2022-03-22,50,Bruno Iglesias,Real Madrid,https://www.goal.com/en-us/lists/nxgn-2022-best-wonderkids/bltf9618fdb33476b50,668182,Bruno Iglesias,2003-05-01,https://www.transfermarkt.us/bruno-iglesias/profil/spieler/668182,1.08,automatic,matched,18,18.892,400000,2026-03-18,observed_to_date,2022-03-22,,,no_prior_valuation,2023-03-22,100000,2022-12-29,last_known_before_target,2024-03-22,200000,2023-12-20,last_known_before_target,2025-03-22,150000,2024-12-18,last_known_before_target,2026-03-22,400000,2026-03-18,last_known_before_target,2027-03-22,,,target_not_yet_reached,2028-03-22,,,target_not_yet_reached,2029-03-22,,,target_not_yet_reached,2030-03-22,,,target_not_yet_reached,2031-03-22,,,target_not_yet_reached,2032-03-22,,,target_not_yet_reached,ok
2022,2022-03-22,49,Endrick,Palmeiras,https://www.goal.com/en-us/lists/nxgn-2022-best-wonderkids/bltf9618fdb33476b50,971570,Endrick,2006-07-21,https://www.transfermarkt.us/endrick/profil/spieler/971570,1.08,automatic,matched,15,15.669,60000000,2024-06-17,observed_to_date,2022-03-22,,,no_prior_valuation,2023-03-22,20000000,2022-11-14,last_known_before_target,2024-03-22,45000000,2023-12-11,last_known_before_target,2025-03-22,40000000,2024-12-27,last_known_before_target,2026-03-22,25000000,2025-12-12,last_known_before_target,2027-03-22,,,target_not_yet_reached,2028-03-22,,,target_not_yet_reached,2029-03-22,,,target_not_yet_reached,2030-03-22,,,target_not_yet_reached,2031-03-22,,,target_not_yet_reached,2032-03-22,,,target_not_yet_reached,ok
2022,2022-03-22,48,Marcelo Flores,Arsenal,https://www.goal.com/en-us/lists/nxgn-2022-best-wonderkids/bltf9618fdb33476b50,668495,Marcelo Flores,2003-10-01,https://www.transfermarkt.us/marcelo-flores/profil/spieler/668495,1.08,automatic,matched,18,18.473,4500000,2026-05-20,observed_to_date,2022-03-22,600000,2021-08-13,last_known_before_target,2023-03-22,1000000,2022-12-29,last_known_before_target,2024-03-22,800000,2023-12-29,last_known_before_target,2025-03-22,1800000,2024-12-11,last_known_before_target,2026-03-22,1200000,2025-12-29,last_known_before_target,2027-03-22,,,target_not_yet_reached,2028-03-22,,,target_not_yet_reached,2029-03-22,,,target_not_yet_reached,2030-03-22,,,target_not_yet_reached,2031-03-22,,,target_not_yet_reached,2032-03-22,,,target_not_yet_reached,ok
2022,2022-03-22,47,Roony Bardghji,FC Copenhagen,https://www.goal.com/en-us/lists/nxgn-2022-best-wonderkids/bltf9618fdb33476b50,792331,Roony Bardghji,2005-11-15,https://www.transfermarkt.us/roony-bardghji/profil/spieler/792331,1.08,automatic,matched,16,16.348,15000000,2026-03-16,observed_to_date,2022-03-22,1000000,2021-12-28,last_known_before_target,2023-03-22,2000000,2022-12-22,last_known_before_target,2024-03-22,9000000,2023-12-21,last_known_before_target,2025-03-22,9000000,2024-12-09,last_known_before_target,2026-03-22,15000000,2026-03-16,last_known_before_target,2027-03-22,,,target_not_yet_reached,2028-03-22,,,target_not_yet_reached,2029-03-22,,,target_not_yet_reached,2030-03-22,,,target_not_yet_reached,2031-03-22,,,target_not_yet_reached,2032-03-22,,,target_not_yet_reached,ok
2022,2022-03-22,46,Gabriel Slonina,Chicago Fire,https://www.goal.com/en-us/lists/nxgn-2022-best-wonderkids/bltf9618fdb33476b50,656316,Gabriel Slonina,2004-05-15,https://www.transfermarkt.us/gabriel-slonina/profil/spieler/656316,1.08,automatic,matched,17,17.851,9000000,2023-06-20,observed_to_date,2022-03-22,500000,2021-11-09,last_known_before_target,2023-03-22,8000000,2022-11-08,last_known_before_target,2024-03-22,5000000,2023-12-19,last_known_before_target,2025-03-22,4000000,2024-12-27,last_known_before_target,2026-03-22,3500000,2025-12-09,last_known_before_target,2027-03-22,,,target_not_yet_reached,2028-03-22,,,target_not_yet_reached,2029-03-22,,,target_not_yet_reached,2030-03-22,,,target_not_yet_reached,2031-03-22,,,target_not_yet_reached,2032-03-22,,,target_not_yet_reached,ok
2022,2022-03-22,45,Lucas Gourna-Douath,Saint-Etienne,https://www.goal.com/en-us/lists/nxgn-2022-best-wonderkids/bltf9618fdb33476b50,620313,Lucas Gourna-Douath,2003-08-05,https://www.transfermarkt.us/lucas-gourna-douath/profil/spieler/620313,1.08,automatic,matched,18,18.629,12000000,2021-04-09,observed_to_date,2022-03-22,10000000,2021-12-16,last_known_before_target,2023-03-22,12000000,2022-11-10,last_known_before_target,2024-03-22,12000000,2023-12-11,last_known_before_target,2025-03-22,8000000,2024-12-17,last_known_before_target,2026-03-22,4000000,2025-12-22,last_known_before_target,2027-03-22,,,target_not_yet_reached,2028-03-22,,,target_not_yet_reached,2029-03-22,,,target_not_yet_reached,2030-03-22,,,target_not_yet_reached,2031-03-22,,,target_not_yet_reached,2032-03-22,,,target_not_yet_reached,ok
2022,2022-03-22,44,Shola Shoretire,Manchester United,https://www.goal.com/en-us/lists/nxgn-2022-best-wonderkids/bltf9618fdb33476b50,640026,Shola Shoretire,2004-02-02,https://www.transfermarkt.us/shola-shoretire/profil/spieler/640026,1.08,automatic,matched,18,18.133,4000000,2022-06-15,observed_to_date,2022-03-22,3000000,2021-12-23,last_known_before_target,2023-03-22,4000000,2022-06-15,last_known_before_target,2024-03-22,4000000,2023-12-19,last_known_before_target,2025-03-22,3000000,2024-12-18,last_known_before_target,2026-03-22,2000000,2025-12-02,last_known_before_target,2027-03-22,,,target_not_yet_reached,2028-03-22,,,target_not_yet_reached,2029-03-22,,,target_not_yet_reached,2030-03-22,,,target_not_yet_reached,2031-03-22,,,target_not_yet_reached,2032-03-22,,,target_not_yet_reached,ok
2022,2022-03-22,43,Matheus Franca,Flamengo,https://www.goal.com/en-us/lists/nxgn-2022-best-wonderkids/bltf9618fdb33476b50,743597,Matheus França,2004-04-01,https://www.transfermarkt.us/matheus-franca/profil/spieler/743597,1.08,automatic,matched,17,17.972,15000000,2023-10-09,observed_to_date,2022-03-22,,,no_prior_valuation,2023-03-22,4000000,2022-11-14,last_known_before_target,2024-03-22,15000000,2023-12-19,last_known_before_target,2025-03-22,10000000,2025-03-18,last_known_before_target,2026-03-22,7000000,2026-03-12,last_known_before_target,2027-03-22,,,target_not_yet_reached,2028-03-22,,,target_not_yet_reached,2029-03-22,,,target_not_yet_reached,2030-03-22,,,target_not_yet_reached,2031-03-22,,,target_not_yet_reached,2032-03-22,,,target_not_yet_reached,ok
2022,2022-03-22,42,Edouard Michut,Paris Saint-Germain,https://www.goal.com/en-us/lists/nxgn-2022-best-wonderkids/bltf9618fdb33476b50,659521,Edouard Michut,2003-03-04,https://www.transfermarkt.us/edouard-michut/profil/spieler/659521,1.08,automatic,matched,19,19.05,3000000,2022-05-30,observed_to_date,2022-03-22,1000000,2021-12-16,last_known_before_target,2023-03-22,2500000,2022-10-27,last_known_before_target,2024-03-22,2500000,2024-03-15,last_known_before_target,2025-03-22,1800000,2024-12-17,last_known_before_target,2026-03-22,1200000,2026-03-11,last_known_before_target,2027-03-22,,,target_not_yet_reached,2028-03-22,,,target_not_yet_reached,2029-03-22,,,target_not_yet_reached,2030-03-22,,,target_not_yet_reached,2031-03-22,,,target_not_yet_reached,2032-03-22,,,target_not_yet_reached,ok
2022,2022-03-22,41,Bryan Okoh,Red Bull Salzburg,https://www.goal.com/en-us/lists/nxgn-2022-best-wonderkids/bltf9618fdb33476b50,539795,Bryan Okoh,2003-05-16,https://www.transfermarkt.us/bryan-okoh/profil/spieler/539795,1.08,automatic,matched,18,18.85,4000000,2026-06-01,observed_to_date,2022-03-22,1500000,2021-12-16,last_known_before_target,2023-03-22,1000000,2022-11-10,last_known_before_target,2024-03-22,800000,2023-12-11,last_known_before_target,2025-03-22,600000,2025-03-17,last_known_before_target,2026-03-22,1200000,2025-12-29,last_known_before_target,2027-03-22,,,target_not_yet_reached,2028-03-22,,,target_not_yet_reached,2029-03-22,,,target_not_yet_reached,2030-03-22,,,target_not_yet_reached,2031-03-22,,,target_not_yet_reached,2032-03-22,,,target_not_yet_reached,ok
2022,2022-03-22,40,Kaide Gordon,Liverpool,https://www.goal.com/en-us/lists/nxgn-2022-best-wonderkids/bltf9618fdb33476b50,732119,Kaide Gordon,2004-10-05,https://www.transfermarkt.us/kaide-gordon/profil/spieler/732119,1.08,automatic,matched,17,17.46,1500000,2022-06-15,observed_to_date,2022-03-22,1000000,2021-10-05,last_known_before_target,2023-03-22,1500000,2022-06-15,last_known_before_target,2024-03-22,1200000,2023-12-19,last_known_before_target,2025-03-22,1200000,2024-12-30,last_known_before_target,2026-03-22,800000,2025-12-17,last_known_before_target,2027-03-22,,,target_not_yet_reached,2028-03-22,,,target_not_yet_reached,2029-03-22,,,target_not_yet_reached,2030-03-22,,,target_not_yet_reached,2031-03-22,,,target_not_yet_reached,2032-03-22,,,target_not_yet_reached,ok
2022,2022-03-22,39,Valentin Barco,Boca Juniors,https://www.goal.com/en-us/lists/nxgn-2022-best-wonderkids/bltf9618fdb33476b50,849410,Valentín Barco,2004-07-23,https://www.transfermarkt.us/valentin-barco/profil/spieler/849410,1.08,automatic,matched,17,17.662,40000000,2026-06-01,observed_to_date,2022-03-22,1200000,2021-10-20,last_known_before_target,2023-03-22,1500000,2022-10-26,last_known_before_target,2024-03-22,13000000,2023-12-19,last_known_before_target,2025-03-22,6000000,2024-12-27,last_known_before_target,2026-03-22,25000000,2025-12-15,last_known_before_target,2027-03-22,,,target_not_yet_reached,2028-03-22,,,target_not_yet_reached,2029-03-22,,,target_not_yet_reached,2030-03-22,,,target_not_yet_reached,2031-03-22,,,target_not_yet_reached,2032-03-22,,,target_not_yet_reached,ok
2022,2022-03-22,38,Wahid Faghir,Stuttgart,https://www.goal.com/en-us/lists/nxgn-2022-best-wonderkids/bltf9618fdb33476b50,610431,Wahid Faghir,2003-07-29,https://www.transfermarkt.us/wahid-faghir/profil/spieler/610431,1.08,automatic,matched,18,18.648,4500000,2021-10-07,observed_to_date,2022-03-22,4500000,2021-12-22,last_known_before_target,2023-03-22,2500000,2022-12-22,last_known_before_target,2024-03-22,2500000,2023-12-15,last_known_before_target,2025-03-22,1000000,2024-12-20,last_known_before_target,2026-03-22,500000,2025-12-15,last_known_before_target,2027-03-22,,,target_not_yet_reached,2028-03-22,,,target_not_yet_reached,2029-03-22,,,target_not_yet_reached,2030-03-22,,,target_not_yet_reached,2031-03-22,,,target_not_yet_reached,2032-03-22,,,target_not_yet_reached,ok
2022,2022-03-22,37,Carney Chukwuemeka,Aston Villa,https://www.goal.com/en-us/lists/nxgn-2022-best-wonderkids/bltf9618fdb33476b50,659459,Carney Chukwuemeka,2003-10-20,https://www.transfermarkt.us/carney-chukwuemeka/profil/spieler/659459,1.08,automatic,matched,18,18.421,25000000,2025-12-19,observed_to_date,2022-03-22,2500000,2021-12-23,last_known_before_target,2023-03-22,15000000,2022-11-03,last_known_before_target,2024-03-22,15000000,2023-12-19,last_known_before_target,2025-03-22,15000000,2024-12-16,last_known_before_target,2026-03-22,20000000,2026-03-20,last_known_before_target,2027-03-22,,,target_not_yet_reached,2028-03-22,,,target_not_yet_reached,2029-03-22,,,target_not_yet_reached,2030-03-22,,,target_not_yet_reached,2031-03-22,,,target_not_yet_reached,2032-03-22,,,target_not_yet_reached,ok
2022,2022-03-22,36,Roko Simic,Red Bull Salzburg,https://www.goal.com/en-us/lists/nxgn-2022-best-wonderkids/bltf9618fdb33476b50,658693,Roko Simic,2003-09-10,https://www.transfermarkt.us/roko-simic/profil/spieler/658693,1.08,automatic,matched,18,18.53,10000000,2023-12-11,observed_to_date,2022-03-22,3500000,2021-12-01,last_known_before_target,2023-03-22,5000000,2022-11-10,last_known_before_target,2024-03-22,8000000,2024-03-11,last_known_before_target,2025-03-22,3500000,2024-12-11,last_known_before_target,2026-03-22,1500000,2026-03-13,last_known_before_target,2027-03-22,,,target_not_yet_reached,2028-03-22,,,target_not_yet_reached,2029-03-22,,,target_not_yet_reached,2030-03-22,,,target_not_yet_reached,2031-03-22,,,target_not_yet_reached,2032-03-22,,,target_not_yet_reached,ok
2022,2022-03-22,35,Alejandro Balde,Barcelona,https://www.goal.com/en-us/lists/nxgn-2022-best-wonderkids/bltf9618fdb33476b50,636688,Alejandro Balde,2003-10-18,https://www.transfermarkt.us/alejandro-balde/profil/spieler/636688,1.08,automatic,matched,18,18.426,60000000,2025-03-21,observed_to_date,2022-03-22,5000000,2021-12-30,last_known_before_target,2023-03-22,15000000,2022-11-07,last_known_before_target,2024-03-22,40000000,2024-03-21,last_known_before_target,2025-03-22,60000000,2025-03-21,last_known_before_target,2026-03-22,55000000,2026-03-16,last_known_before_target,2027-03-22,,,target_not_yet_reached,2028-03-22,,,target_not_yet_reached,2029-03-22,,,target_not_yet_reached,2030-03-22,,,target_not_yet_reached,2031-03-22,,,target_not_yet_reached,2032-03-22,,,target_not_yet_reached,ok
2022,2022-03-22,34,Adam Karabec,Sparta Prague,https://www.goal.com/en-us/lists/nxgn-2022-best-wonderkids/bltf9618fdb33476b50,652061,Adam Karabec,2003-07-02,https://www.transfermarkt.us/adam-karabec/profil/spieler/652061,1.08,automatic,matched,18,18.722,8000000,2025-12-15,observed_to_date,2022-03-22,2400000,2021-12-26,last_known_before_target,2023-03-22,2500000,2022-12-14,last_known_before_target,2024-03-22,2500000,2023-12-20,last_known_before_target,2025-03-22,3000000,2024-12-19,last_known_before_target,2026-03-22,8000000,2025-12-15,last_known_before_target,2027-03-22,,,target_not_yet_reached,2028-03-22,,,target_not_yet_reached,2029-03-22,,,target_not_yet_reached,2030-03-22,,,target_not_yet_reached,2031-03-22,,,target_not_yet_reached,2032-03-22,,,target_not_yet_reached,ok
2022,2022-03-22,33,Isak Bergmann Johannesson,FC Copenhagen,https://www.goal.com/en-us/lists/nxgn-2022-best-wonderkids/bltf9618fdb33476b50,579565,Ísak Jóhannesson,2003-03-23,https://www.transfermarkt.us/isak-johannesson/profil/spieler/579565,0.834,automatic,matched,18,18.998,10000000,2025-10-14,observed_to_date,2022-03-22,4000000,2021-12-28,last_known_before_target,2023-03-22,3500000,2022-12-22,last_known_before_target,2024-03-22,3500000,2023-12-15,last_known_before_target,2025-03-22,5000000,2024-12-19,last_known_before_target,2026-03-22,8000000,2026-03-20,last_known_before_target,2027-03-22,,,target_not_yet_reached,2028-03-22,,,target_not_yet_reached,2029-03-22,,,target_not_yet_reached,2030-03-22,,,target_not_yet_reached,2031-03-22,,,target_not_yet_reached,2032-03-22,,,target_not_yet_reached,ok
2022,2022-03-22,32,Levi Colwill,Chelsea,https://www.goal.com/en-us/lists/nxgn-2022-best-wonderkids/bltf9618fdb33476b50,614258,Levi Colwill,2003-02-26,https://www.transfermarkt.us/levi-colwill/profil/spieler/614258,1.08,automatic,matched,19,19.067,55000000,2023-12-19,observed_to_date,2022-03-22,2500000,2021-11-24,last_known_before_target,2023-03-22,16000000,2023-03-16,last_known_before_target,2024-03-22,50000000,2024-03-14,last_known_before_target,2025-03-22,55000000,2024-12-16,last_known_before_target,2026-03-22,50000000,2025-12-09,last_known_before_target,2027-03-22,,,target_not_yet_reached,2028-03-22,,,target_not_yet_reached,2029-03-22,,,target_not_yet_reached,2030-03-22,,,target_not_yet_reached,2031-03-22,,,target_not_yet_reached,2032-03-22,,,target_not_yet_reached,ok
2022,2022-03-22,31,Naci Unuvar,Ajax,https://www.goal.com/en-us/lists/nxgn-2022-best-wonderkids/bltf9618fdb33476b50,508639,Naci Ünüvar,2003-06-13,https://www.transfermarkt.us/naci-unuvar/profil/spieler/508639,1.08,automatic,matched,18,18.774,6000000,2020-10-24,observed_to_date,2022-03-22,3500000,2022-01-12,last_known_before_target,2023-03-22,3000000,2023-03-14,last_known_before_target,2024-03-22,2500000,2023-12-15,last_known_before_target,2025-03-22,2000000,2024-12-27,last_known_before_target,2026-03-22,1500000,2025-12-02,last_known_before_target,2027-03-22,,,target_not_yet_reached,2028-03-22,,,target_not_yet_reached,2029-03-22,,,target_not_yet_reached,2030-03-22,,,target_not_yet_reached,2031-03-22,,,target_not_yet_reached,2032-03-22,,,target_not_yet_reached,ok
2022,2022-03-22,30,Kaiky,Santos,https://www.goal.com/en-us/lists/nxgn-2022-best-wonderkids/bltf9618fdb33476b50,743589,Kaiky,2004-01-12,https://www.transfermarkt.us/kaiky/profil/spieler/743589,1.08,automatic,matched,18,18.191,8000000,2021-12-17,observed_to_date,2022-03-22,8000000,2021-12-17,last_known_before_target,2023-03-22,8000000,2022-11-07,last_known_before_target,2024-03-22,2500000,2023-12-22,last_known_before_target,2025-03-22,1500000,2024-12-13,last_known_before_target,2026-03-22,1500000,2025-11-28,last_known_before_target,2027-03-22,,,target_not_yet_reached,2028-03-22,,,target_not_yet_reached,2029-03-22,,,target_not_yet_reached,2030-03-22,,,target_not_yet_reached,2031-03-22,,,target_not_yet_reached,2032-03-22,,,target_not_yet_reached,ok
2022,2022-03-22,29,Andreas Schjelderup,FC Nordsjaelland,https://www.goal.com/en-us/lists/nxgn-2022-best-wonderkids/bltf9618fdb33476b50,670103,Andreas Schjelderup,2004-06-01,https://www.transfermarkt.us/andreas-schjelderup/profil/spieler/670103,1.08,automatic,matched,17,17.805,40000000,2026-07-22,observed_to_date,2022-03-22,5000000,2021-12-28,last_known_before_target,2023-03-22,9000000,2022-12-22,last_known_before_target,2024-03-22,9000000,2023-12-21,last_known_before_target,2025-03-22,10000000,2024-12-19,last_known_before_target,2026-03-22,20000000,2026-03-19,last_known_before_target,2027-03-22,,,target_not_yet_reached,2028-03-22,,,target_not_yet_reached,2029-03-22,,,target_not_yet_reached,2030-03-22,,,target_not_yet_reached,2031-03-22,,,target_not_yet_reached,2032-03-22,,,target_not_yet_reached,ok
2022,2022-03-22,28,Charlie Patino,Arsenal,https://www.goal.com/en-us/lists/nxgn-2022-best-wonderkids/bltf9618fdb33476b50,581674,Charlie Patiño,2003-10-17,https://www.transfermarkt.us/charlie-patino/profil/spieler/581674,1.08,automatic,matched,18,18.429,12000000,2023-06-01,observed_to_date,2022-03-22,500000,2021-12-23,last_known_before_target,2023-03-22,3500000,2022-10-27,last_known_before_target,2024-03-22,10000000,2024-03-07,last_known_before_target,2025-03-22,2000000,2024-12-13,last_known_before_target,2026-03-22,600000,2025-12-30,last_known_before_target,2027-03-22,,,target_not_yet_reached,2028-03-22,,,target_not_yet_reached,2029-03-22,,,target_not_yet_reached,2030-03-22,,,target_not_yet_reached,2031-03-22,,,target_not_yet_reached,2032-03-22,,,target_not_yet_reached,ok
2022,2022-03-22,27,Xavi Simons,Paris Saint-Germain,https://www.goal.com/en-us/lists/nxgn-2022-best-wonderkids/bltf9618fdb33476b50,566931,Xavi Simons,2003-04-21,https://www.transfermarkt.us/xavi-simons/profil/spieler/566931,1.08,automatic,matched,18,18.919,80000000,2024-03-27,observed_to_date,2022-03-22,1500000,2021-12-16,last_known_before_target,2023-03-22,30000000,2023-03-17,last_known_before_target,2024-03-22,70000000,2023-12-14,last_known_before_target,2025-03-22,80000000,2024-12-20,last_known_before_target,2026-03-22,50000000,2026-03-09,last_known_before_target,2027-03-22,,,target_not_yet_reached,2028-03-22,,,target_not_yet_reached,2029-03-22,,,target_not_yet_reached,2030-03-22,,,target_not_yet_reached,2031-03-22,,,target_not_yet_reached,2032-03-22,,,target_not_yet_reached,ok
2022,2022-03-22,26,Malo Gusto,Lyon,https://www.goal.com/en-us/lists/nxgn-2022-best-wonderkids/bltf9618fdb33476b50,620322,Malo Gusto,2003-05-19,https://www.transfermarkt.us/malo-gusto/profil/spieler/620322,1.08,automatic,matched,18,18.842,35000000,2024-05-27,observed_to_date,2022-03-22,7000000,2021-12-16,last_known_before_target,2023-03-22,15000000,2022-11-02,last_known_before_target,2024-03-22,32000000,2024-03-14,last_known_before_target,2025-03-22,35000000,2024-12-16,last_known_before_target,2026-03-22,35000000,2025-12-09,last_known_before_target,2027-03-22,,,target_not_yet_reached,2028-03-22,,,target_not_yet_reached,2029-03-22,,,target_not_yet_reached,2030-03-22,,,target_not_yet_reached,2031-03-22,,,target_not_yet_reached,2032-03-22,,,target_not_yet_reached,ok
2022,2022-03-22,25,Kayky,Manchester City,https://www.goal.com/en-us/lists/nxgn-2022-best-wonderkids/bltf9618fdb33476b50,668265,Kayky,2003-06-11,https://www.transfermarkt.us/kayky/profil/spieler/668265,1.08,automatic,matched,18,18.779,14000000,2021-05-28,observed_to_date,2022-03-22,14000000,2021-12-23,last_known_before_target,2023-03-22,10000000,2022-11-01,last_known_before_target,2024-03-22,7000000,2023-12-11,last_known_before_target,2025-03-22,6000000,2024-12-17,last_known_before_target,2026-03-22,5000000,2026-03-12,last_known_before_target,2027-03-22,,,target_not_yet_reached,2028-03-22,,,target_not_yet_reached,2029-03-22,,,target_not_yet_reached,2030-03-22,,,target_not_yet_reached,2031-03-22,,,target_not_yet_reached,2032-03-22,,,target_not_yet_reached,ok
2022,2022-03-22,24,Caden Clark,RB Leipzig,https://www.goal.com/en-us/lists/nxgn-2022-best-wonderkids/bltf9618fdb33476b50,742297,Caden Clark,2003-05-27,https://www.transfermarkt.us/caden-clark/profil/spieler/742297,1.08,automatic,matched,18,18.82,3500000,2021-11-09,observed_to_date,2022-03-22,3500000,2021-11-09,last_known_before_target,2023-03-22,2800000,2022-11-08,last_known_before_target,2024-03-22,1700000,2023-12-21,last_known_before_target,2025-03-22,2000000,2024-12-12,last_known_before_target,2026-03-22,1500000,2025-12-11,last_known_before_target,2027-03-22,,,target_not_yet_reached,2028-03-22,,,target_not_yet_reached,2029-03-22,,,target_not_yet_reached,2030-03-22,,,target_not_yet_reached,2031-03-22,,,target_not_yet_reached,2032-03-22,,,target_not_yet_reached,ok
2022,2022-03-22,23,Liam Delap,Manchester City,https://www.goal.com/en-us/lists/nxgn-2022-best-wonderkids/bltf9618fdb33476b50,610849,Liam Delap,2003-02-08,https://www.transfermarkt.us/liam-delap/profil/spieler/610849,1.08,automatic,matched,19,19.116,40000000,2025-05-30,observed_to_date,2022-03-22,1000000,2020-10-13,last_known_before_target,2023-03-22,7000000,2022-10-27,last_known_before_target,2024-03-22,8000000,2023-12-21,last_known_before_target,2025-03-22,35000000,2025-03-18,last_known_before_target,2026-03-22,32000000,2026-03-09,last_known_before_target,2027-03-22,,,target_not_yet_reached,2028-03-22,,,target_not_yet_reached,2029-03-22,,,target_not_yet_reached,2030-03-22,,,target_not_yet_reached,2031-03-22,,,target_not_yet_reached,2032-03-22,,,target_not_yet_reached,ok
2022,2022-03-22,22,Hannibal Mejbri,Manchester United,https://www.goal.com/en-us/lists/nxgn-2022-best-wonderkids/bltf9618fdb33476b50,607224,Hannibal,2003-01-21,https://www.transfermarkt.us/hannibal/profil/spieler/607224,0.736,automatic,matched,19,19.165,16000000,2026-03-09,observed_to_date,2022-03-22,5000000,2021-12-23,last_known_before_target,2023-03-22,6000000,2022-10-27,last_known_before_target,2024-03-22,12000000,2023-12-19,last_known_before_target,2025-03-22,9000000,2024-12-30,last_known_before_target,2026-03-22,16000000,2026-03-09,last_known_before_target,2027-03-22,,,target_not_yet_reached,2028-03-22,,,target_not_yet_reached,2029-03-22,,,target_not_yet_reached,2030-03-22,,,target_not_yet_reached,2031-03-22,,,target_not_yet_reached,2032-03-22,,,target_not_yet_reached,ok
2022,2022-03-22,21,Felix Afena-Gyan,Roma,https://www.goal.com/en-us/lists/nxgn-2022-best-wonderkids/bltf9618fdb33476b50,872380,Felix Afena-Gyan,2003-01-19,https://www.transfermarkt.us/felix-afena-gyan/profil/spieler/872380,1.08,automatic,matched,19,19.171,6000000,2022-06-07,observed_to_date,2022-03-22,5000000,2021-12-28,last_known_before_target,2023-03-22,5500000,2022-11-11,last_known_before_target,2024-03-22,4200000,2023-12-27,last_known_before_target,2025-03-22,2000000,2024-12-19,last_known_before_target,2026-03-22,1400000,2026-03-12,last_known_before_target,2027-03-22,,,target_not_yet_reached,2028-03-22,,,target_not_yet_reached,2029-03-22,,,target_not_yet_reached,2030-03-22,,,target_not_yet_reached,2031-03-22,,,target_not_yet_reached,2032-03-22,,,target_not_yet_reached,ok
2022,2022-03-22,20,Romeo Lavia,Manchester City,https://www.goal.com/en-us/lists/nxgn-2022-best-wonderkids/bltf9618fdb33476b50,628451,Roméo Lavia,2004-01-06,https://www.transfermarkt.us/romeo-lavia/profil/spieler/628451,1.08,automatic,matched,18,18.207,50000000,2023-10-09,observed_to_date,2022-03-22,1000000,2021-10-05,last_known_before_target,2023-03-22,25000000,2022-11-03,last_known_before_target,2024-03-22,40000000,2024-03-14,last_known_before_target,2025-03-22,40000000,2024-12-16,last_known_before_target,2026-03-22,25000000,2026-03-09,last_known_before_target,2027-03-22,,,target_not_yet_reached,2028-03-22,,,target_not_yet_reached,2029-03-22,,,target_not_yet_reached,2030-03-22,,,target_not_yet_reached,2031-03-22,,,target_not_yet_reached,2032-03-22,,,target_not_yet_reached,ok
2022,2022-03-22,19,Kacper Kozlowski,Brighton,https://www.goal.com/en-us/lists/nxgn-2022-best-wonderkids/bltf9618fdb33476b50,554284,Kacper Kozłowski,2003-10-16,https://www.transfermarkt.us/kacper-kozlowski/profil/spieler/554284,1.008,automatic,matched,18,18.432,10000000,2021-12-31,observed_to_date,2022-03-22,10000000,2021-12-31,last_known_before_target,2023-03-22,8000000,2022-11-11,last_known_before_target,2024-03-22,5000000,2023-12-15,last_known_before_target,2025-03-22,4200000,2025-03-20,last_known_before_target,2026-03-22,5000000,2025-12-17,last_known_before_target,2027-03-22,,,target_not_yet_reached,2028-03-22,,,target_not_yet_reached,2029-03-22,,,target_not_yet_reached,2030-03-22,,,target_not_yet_reached,2031-03-22,,,target_not_yet_reached,2032-03-22,,,target_not_yet_reached,ok
2022,2022-03-22,18,Ilias Akhomach,Barcelona,https://www.goal.com/en-us/lists/nxgn-2022-best-wonderkids/bltf9618fdb33476b50,709969,Ilias Akhomach,2004-04-16,https://www.transfermarkt.us/ilias-akhomach/profil/spieler/709969,1.08,automatic,matched,17,17.931,15000000,2024-06-07,observed_to_date,2022-03-22,3000000,2021-12-30,last_known_before_target,2023-03-22,3000000,2022-12-29,last_known_before_target,2024-03-22,12000000,2024-03-21,last_known_before_target,2025-03-22,15000000,2024-12-27,last_known_before_target,2026-03-22,12000000,2025-12-12,last_known_before_target,2027-03-22,,,target_not_yet_reached,2028-03-22,,,target_not_yet_reached,2029-03-22,,,target_not_yet_reached,2030-03-22,,,target_not_yet_reached,2031-03-22,,,target_not_yet_reached,2032-03-22,,,target_not_yet_reached,ok
2022,2022-03-22,17,Ilaix Moriba,RB Leipzig,https://www.goal.com/en-us/lists/nxgn-2022-best-wonderkids/bltf9618fdb33476b50,617074,Ilaix Moriba,2003-01-19,https://www.transfermarkt.us/ilaix-moriba/profil/spieler/617074,1.08,automatic,matched,19,19.171,25000000,2021-06-10,observed_to_date,2022-03-22,10000000,2022-03-21,last_known_before_target,2023-03-22,7000000,2022-11-07,last_known_before_target,2024-03-22,3000000,2024-03-21,last_known_before_target,2025-03-22,4000000,2024-12-27,last_known_before_target,2026-03-22,10000000,2025-12-12,last_known_before_target,2027-03-22,,,target_not_yet_reached,2028-03-22,,,target_not_yet_reached,2029-03-22,,,target_not_yet_reached,2030-03-22,,,target_not_yet_reached,2031-03-22,,,target_not_yet_reached,2032-03-22,,,target_not_yet_reached,ok
2022,2022-03-22,16,Mohamed-Ali Cho,Angers,https://www.goal.com/en-us/lists/nxgn-2022-best-wonderkids/bltf9618fdb33476b50,670847,Mohamed-Ali Cho,2004-01-19,https://www.transfermarkt.us/mohamed-ali-cho/profil/spieler/670847,1.08,automatic,matched,18,18.171,15000000,2022-03-23,observed_to_date,2022-03-22,12000000,2021-12-16,last_known_before_target,2023-03-22,15000000,2022-11-07,last_known_before_target,2024-03-22,10000000,2024-03-19,last_known_before_target,2025-03-22,12000000,2024-12-10,last_known_before_target,2026-03-22,12000000,2025-12-15,last_known_before_target,2027-03-22,,,target_not_yet_reached,2028-03-22,,,target_not_yet_reached,2029-03-22,,,target_not_yet_reached,2030-03-22,,,target_not_yet_reached,2031-03-22,,,target_not_yet_reached,2032-03-22,,,target_not_yet_reached,ok
2022,2022-03-22,15,Luca Netz,Borussia Monchengladbach,https://www.goal.com/en-us/lists/nxgn-2022-best-wonderkids/bltf9618fdb33476b50,524285,Luca Netz,2003-05-15,https://www.transfermarkt.us/luca-netz/profil/spieler/524285,1.08,automatic,matched,18,18.853,10000000,2023-12-14,observed_to_date,2022-03-22,5000000,2021-12-22,last_known_before_target,2023-03-22,6500000,2022-11-09,last_known_before_target,2024-03-22,10000000,2023-12-14,last_known_before_target,2025-03-22,8000000,2024-12-20,last_known_before_target,2026-03-22,6000000,2025-12-19,last_known_before_target,2027-03-22,,,target_not_yet_reached,2028-03-22,,,target_not_yet_reached,2029-03-22,,,target_not_yet_reached,2030-03-22,,,target_not_yet_reached,2031-03-22,,,target_not_yet_reached,2032-03-22,,,target_not_yet_reached,ok
2022,2022-03-22,14,Marcos Leonardo,Santos,https://www.goal.com/en-us/lists/nxgn-2022-best-wonderkids/bltf9618fdb33476b50,668267,Marcos Leonardo,2003-05-02,https://www.transfermarkt.us/marcos-leonardo/profil/spieler/668267,1.08,automatic,matched,18,18.889,25000000,2023-12-11,observed_to_date,2022-03-22,5000000,2021-12-17,last_known_before_target,2023-03-22,14000000,2022-11-14,last_known_before_target,2024-03-22,25000000,2023-12-11,last_known_before_target,2025-03-22,20000000,2024-12-13,last_known_before_target,2026-03-22,20000000,2025-12-18,last_known_before_target,2027-03-22,,,target_not_yet_reached,2028-03-22,,,target_not_yet_reached,2029-03-22,,,target_not_yet_reached,2030-03-22,,,target_not_yet_reached,2031-03-22,,,target_not_yet_reached,2032-03-22,,,target_not_yet_reached,ok
2022,2022-03-22,13,Yusuf Demir,Rapid Vienna,https://www.goal.com/en-us/lists/nxgn-2022-best-wonderkids/bltf9618fdb33476b50,548031,Yusuf Demir,2003-06-02,https://www.transfermarkt.us/yusuf-demir/profil/spieler/548031,1.08,automatic,matched,18,18.804,12000000,2021-10-13,observed_to_date,2022-03-22,8000000,2022-03-11,last_known_before_target,2023-03-22,6000000,2023-03-14,last_known_before_target,2024-03-22,3500000,2023-12-21,last_known_before_target,2025-03-22,2200000,2025-03-20,last_known_before_target,2026-03-22,1000000,2026-03-10,last_known_before_target,2027-03-22,,,target_not_yet_reached,2028-03-22,,,target_not_yet_reached,2029-03-22,,,target_not_yet_reached,2030-03-22,,,target_not_yet_reached,2031-03-22,,,target_not_yet_reached,2032-03-22,,,target_not_yet_reached,ok
2022,2022-03-22,12,Matias Soule,Juventus,https://www.goal.com/en-us/lists/nxgn-2022-best-wonderkids/bltf9618fdb33476b50,668951,Matías Soulé,2003-04-15,https://www.transfermarkt.us/matias-soule/profil/spieler/668951,1.08,automatic,matched,18,18.935,35000000,2025-10-07,observed_to_date,2022-03-22,2500000,2021-12-20,last_known_before_target,2023-03-22,4000000,2022-11-11,last_known_before_target,2024-03-22,25000000,2023-12-20,last_known_before_target,2025-03-22,22000000,2024-12-18,last_known_before_target,2026-03-22,35000000,2025-12-23,last_known_before_target,2027-03-22,,,target_not_yet_reached,2028-03-22,,,target_not_yet_reached,2029-03-22,,,target_not_yet_reached,2030-03-22,,,target_not_yet_reached,2031-03-22,,,target_not_yet_reached,2032-03-22,,,target_not_yet_reached,ok
2022,2022-03-22,11,Arsen Zakharyan,Dynamo Moscow,https://www.goal.com/en-us/lists/nxgn-2022-best-wonderkids/bltf9618fdb33476b50,555143,Arsen Zakharyan,2003-05-26,https://www.transfermarkt.us/arsen-zakharyan/profil/spieler/555143,1.08,automatic,matched,18,18.823,18000000,2024-06-07,observed_to_date,2022-03-22,12000000,2021-12-29,last_known_before_target,2023-03-22,15000000,2022-11-21,last_known_before_target,2024-03-22,15000000,2023-12-22,last_known_before_target,2025-03-22,15000000,2025-03-21,last_known_before_target,2026-03-22,10000000,2026-03-16,last_known_before_target,2027-03-22,,,target_not_yet_reached,2028-03-22,,,target_not_yet_reached,2029-03-22,,,target_not_yet_reached,2030-03-22,,,target_not_yet_reached,2031-03-22,,,target_not_yet_reached,2032-03-22,,,target_not_yet_reached,ok
2022,2022-03-22,10,Ricardo Pepi,Augsburg,https://www.goal.com/en-us/lists/nxgn-2022-best-wonderkids/bltf9618fdb33476b50,627207,Ricardo Pepi,2003-01-09,https://www.transfermarkt.us/ricardo-pepi/profil/spieler/627207,1.08,automatic,matched,19,19.198,30000000,2026-05-28,observed_to_date,2022-03-22,8000000,2021-11-09,last_known_before_target,2023-03-22,9000000,2022-11-11,last_known_before_target,2024-03-22,11000000,2023-12-15,last_known_before_target,2025-03-22,18000000,2024-12-17,last_known_before_target,2026-03-22,25000000,2026-03-11,last_known_before_target,2027-03-22,,,target_not_yet_reached,2028-03-22,,,target_not_yet_reached,2029-03-22,,,target_not_yet_reached,2030-03-22,,,target_not_yet_reached,2031-03-22,,,target_not_yet_reached,2032-03-22,,,target_not_yet_reached,ok
2022,2022-03-22,9,Benjamin Sesko,Red Bull Salzburg,https://www.goal.com/en-us/lists/nxgn-2022-best-wonderkids/bltf9618fdb33476b50,627442,Benjamin Sesko,2003-05-31,https://www.transfermarkt.us/benjamin-sesko/profil/spieler/627442,1.08,automatic,matched,18,18.809,75000000,2026-06-03,observed_to_date,2022-03-22,8000000,2021-12-16,last_known_before_target,2023-03-22,20000000,2022-11-10,last_known_before_target,2024-03-22,30000000,2023-12-14,last_known_before_target,2025-03-22,50000000,2024-12-20,last_known_before_target,2026-03-22,65000000,2026-03-09,last_known_before_target,2027-03-22,,,target_not_yet_reached,2028-03-22,,,target_not_yet_reached,2029-03-22,,,target_not_yet_reached,2030-03-22,,,target_not_yet_reached,2031-03-22,,,target_not_yet_reached,2032-03-22,,,target_not_yet_reached,ok
2022,2022-03-22,8,Youssoufa Moukoko,Borussia Dortmund,https://www.goal.com/en-us/lists/nxgn-2022-best-wonderkids/bltf9618fdb33476b50,467720,Youssoufa Moukoko,2004-11-20,https://www.transfermarkt.us/youssoufa-moukoko/profil/spieler/467720,1.08,automatic,matched,17,17.334,30000000,2022-11-09,observed_to_date,2022-03-22,15000000,2021-12-22,last_known_before_target,2023-03-22,30000000,2022-11-09,last_known_before_target,2024-03-22,30000000,2023-12-14,last_known_before_target,2025-03-22,18000000,2024-12-10,last_known_before_target,2026-03-22,7000000,2025-12-15,last_known_before_target,2027-03-22,,,target_not_yet_reached,2028-03-22,,,target_not_yet_reached,2029-03-22,,,target_not_yet_reached,2030-03-22,,,target_not_yet_reached,2031-03-22,,,target_not_yet_reached,2032-03-22,,,target_not_yet_reached,ok
2022,2022-03-22,7,Devyne Rensch,Ajax,https://www.goal.com/en-us/lists/nxgn-2022-best-wonderkids/bltf9618fdb33476b50,557407,Devyne Rensch,2003-01-18,https://www.transfermarkt.us/devyne-rensch/profil/spieler/557407,1.08,automatic,matched,19,19.174,12000000,2024-12-17,observed_to_date,2022-03-22,8000000,2022-03-17,last_known_before_target,2023-03-22,8000000,2022-11-11,last_known_before_target,2024-03-22,8000000,2023-12-15,last_known_before_target,2025-03-22,12000000,2024-12-17,last_known_before_target,2026-03-22,8500000,2025-12-23,last_known_before_target,2027-03-22,,,target_not_yet_reached,2028-03-22,,,target_not_yet_reached,2029-03-22,,,target_not_yet_reached,2030-03-22,,,target_not_yet_reached,2031-03-22,,,target_not_yet_reached,2032-03-22,,,target_not_yet_reached,ok
2022,2022-03-22,6,Rayan Cherki,Lyon,https://www.goal.com/en-us/lists/nxgn-2022-best-wonderkids/bltf9618fdb33476b50,607223,Rayan Cherki,2003-08-17,https://www.transfermarkt.us/rayan-cherki/profil/spieler/607223,1.08,automatic,matched,18,18.596,90000000,2026-06-03,observed_to_date,2022-03-22,20000000,2021-12-16,last_known_before_target,2023-03-22,18000000,2022-11-02,last_known_before_target,2024-03-22,25000000,2023-12-18,last_known_before_target,2025-03-22,30000000,2024-12-10,last_known_before_target,2026-03-22,65000000,2026-03-09,last_known_before_target,2027-03-22,,,target_not_yet_reached,2028-03-22,,,target_not_yet_reached,2029-03-22,,,target_not_yet_reached,2030-03-22,,,target_not_yet_reached,2031-03-22,,,target_not_yet_reached,2032-03-22,,,target_not_yet_reached,ok
2022,2022-03-22,5,Harvey Elliott,Liverpool,https://www.goal.com/en-us/lists/nxgn-2022-best-wonderkids/bltf9618fdb33476b50,565822,Harvey Elliott,2003-04-04,https://www.transfermarkt.us/harvey-elliott/profil/spieler/565822,1.08,automatic,matched,18,18.965,35000000,2022-09-15,observed_to_date,2022-03-22,15000000,2021-12-23,last_known_before_target,2023-03-22,35000000,2022-11-03,last_known_before_target,2024-03-22,35000000,2024-03-14,last_known_before_target,2025-03-22,35000000,2024-12-16,last_known_before_target,2026-03-22,22000000,2026-03-09,last_known_before_target,2027-03-22,,,target_not_yet_reached,2028-03-22,,,target_not_yet_reached,2029-03-22,,,target_not_yet_reached,2030-03-22,,,target_not_yet_reached,2031-03-22,,,target_not_yet_reached,2032-03-22,,,target_not_yet_reached,ok
2022,2022-03-22,4,Jamal Musiala,Bayern Munich,https://www.goal.com/en-us/lists/nxgn-2022-best-wonderkids/bltf9618fdb33476b50,580195,Jamal Musiala,2003-02-26,https://www.transfermarkt.us/jamal-musiala/profil/spieler/580195,1.08,automatic,matched,19,19.067,140000000,2024-12-20,observed_to_date,2022-03-22,55000000,2021-12-22,last_known_before_target,2023-03-22,100000000,2022-11-09,last_known_before_target,2024-03-22,110000000,2023-12-14,last_known_before_target,2025-03-22,140000000,2024-12-20,last_known_before_target,2026-03-22,120000000,2026-03-20,last_known_before_target,2027-03-22,,,target_not_yet_reached,2028-03-22,,,target_not_yet_reached,2029-03-22,,,target_not_yet_reached,2030-03-22,,,target_not_yet_reached,2031-03-22,,,target_not_yet_reached,2032-03-22,,,target_not_yet_reached,ok
2022,2022-03-22,3,Gavi,Barcelona,https://www.goal.com/en-us/lists/nxgn-2022-best-wonderkids/bltf9618fdb33476b50,646740,Gavi,2004-08-05,https://www.transfermarkt.us/gavi/profil/spieler/646740,1.08,automatic,matched,17,17.627,90000000,2022-11-07,observed_to_date,2022-03-22,60000000,2022-03-21,last_known_before_target,2023-03-22,90000000,2022-11-07,last_known_before_target,2024-03-22,90000000,2023-12-22,last_known_before_target,2025-03-22,70000000,2025-03-21,last_known_before_target,2026-03-22,30000000,2026-03-16,last_known_before_target,2027-03-22,,,target_not_yet_reached,2028-03-22,,,target_not_yet_reached,2029-03-22,,,target_not_yet_reached,2030-03-22,,,target_not_yet_reached,2031-03-22,,,target_not_yet_reached,2032-03-22,,,target_not_yet_reached,ok
2022,2022-03-22,2,Florian Wirtz,Bayer Leverkusen,https://www.goal.com/en-us/lists/nxgn-2022-best-wonderkids/bltf9618fdb33476b50,598577,Florian Wirtz,2003-05-03,https://www.transfermarkt.us/florian-wirtz/profil/spieler/598577,1.08,automatic,matched,18,18.886,140000000,2024-12-20,observed_to_date,2022-03-22,70000000,2021-12-22,last_known_before_target,2023-03-22,70000000,2022-11-09,last_known_before_target,2024-03-22,100000000,2023-12-14,last_known_before_target,2025-03-22,140000000,2024-12-20,last_known_before_target,2026-03-22,110000000,2025-12-09,last_known_before_target,2027-03-22,,,target_not_yet_reached,2028-03-22,,,target_not_yet_reached,2029-03-22,,,target_not_yet_reached,2030-03-22,,,target_not_yet_reached,2031-03-22,,,target_not_yet_reached,2032-03-22,,,target_not_yet_reached,ok
2022,2022-03-22,1,Jude Bellingham,Borussia Dortmund,https://www.goal.com/en-us/lists/nxgn-2022-best-wonderkids/bltf9618fdb33476b50,581678,Jude Bellingham,2003-06-29,https://www.transfermarkt.us/jude-bellingham/profil/spieler/581678,1.08,automatic,matched,18,18.73,180000000,2023-12-22,observed_to_date,2022-03-22,75000000,2021-12-22,last_known_before_target,2023-03-22,110000000,2022-12-23,last_known_before_target,2024-03-22,180000000,2023-12-22,last_known_before_target,2025-03-22,180000000,2024-12-27,last_known_before_target,2026-03-22,140000000,2026-03-16,last_known_before_target,2027-03-22,,,target_not_yet_reached,2028-03-22,,,target_not_yet_reached,2029-03-22,,,target_not_yet_reached,2030-03-22,,,target_not_yet_reached,2031-03-22,,,target_not_yet_reached,2032-03-22,,,target_not_yet_reached,ok
2023,2023-03-21,,Abdul Fatawu Issahaku,Sporting C.P.,https://www.goal.com/en/lists/nxgn-2023-50-best-wonderkids-football/blta8167eeb11aa5cdf,864121,Abdul Fatawu,2004-03-08,https://www.transfermarkt.us/abdul-fatawu/profil/spieler/864121,0.781,automatic,matched,19,19.034,24000000,2026-03-03,observed_to_date,2023-03-21,3000000,2022-11-01,last_known_before_target,2024-03-21,7000000,2023-12-21,last_known_before_target,2025-03-21,13000000,2024-12-16,last_known_before_target,2026-03-21,24000000,2026-03-03,last_known_before_target,2027-03-21,,,target_not_yet_reached,2028-03-21,,,target_not_yet_reached,2029-03-21,,,target_not_yet_reached,2030-03-21,,,target_not_yet_reached,2031-03-21,,,target_not_yet_reached,2032-03-21,,,target_not_yet_reached,2033-03-21,,,target_not_yet_reached,ok
2023,2023-03-21,,Alejandro Garnacho,Manchester United,https://www.goal.com/en/lists/nxgn-2023-50-best-wonderkids-football/blta8167eeb11aa5cdf,811779,Alejandro Garnacho,2004-07-01,https://www.transfermarkt.us/alejandro-garnacho/profil/spieler/811779,1.08,automatic,matched,18,18.719,50000000,2024-10-01,observed_to_date,2023-03-21,25000000,2023-03-16,last_known_before_target,2024-03-21,40000000,2024-03-14,last_known_before_target,2025-03-21,45000000,2025-03-18,last_known_before_target,2026-03-21,40000000,2026-03-09,last_known_before_target,2027-03-21,,,target_not_yet_reached,2028-03-21,,,target_not_yet_reached,2029-03-21,,,target_not_yet_reached,2030-03-21,,,target_not_yet_reached,2031-03-21,,,target_not_yet_reached,2032-03-21,,,target_not_yet_reached,2033-03-21,,,target_not_yet_reached,ok
2023,2023-03-21,,Alvaro Rodriguez,Real Madrid,https://www.goal.com/en/lists/nxgn-2023-50-best-wonderkids-football/blta8167eeb11aa5cdf,948275,Álvaro Rodríguez,2004-07-14,https://www.transfermarkt.us/alvaro-rodriguez/profil/spieler/948275,1.08,automatic,matched,18,18.683,10000000,2026-06-05,observed_to_date,2023-03-21,2000000,2023-02-17,last_known_before_target,2024-03-21,3500000,2023-12-20,last_known_before_target,2025-03-21,3000000,2024-12-27,last_known_before_target,2026-03-21,5000000,2026-03-16,last_known_before_target,2027-03-21,,,target_not_yet_reached,2028-03-21,,,target_not_yet_reached,2029-03-21,,,target_not_yet_reached,2030-03-21,,,target_not_yet_reached,2031-03-21,,,target_not_yet_reached,2032-03-21,,,target_not_yet_reached,2033-03-21,,,target_not_yet_reached,ok
2023,2023-03-21,,Andreas Schjelderup,Benfica,https://www.goal.com/en/lists/nxgn-2023-50-best-wonderkids-football/blta8167eeb11aa5cdf,670103,Andreas Schjelderup,2004-06-01,https://www.transfermarkt.us/andreas-schjelderup/profil/spieler/670103,1.08,automatic,matched,18,18.801,40000000,2026-07-22,observed_to_date,2023-03-21,9000000,2022-12-22,last_known_before_target,2024-03-21,9000000,2023-12-21,last_known_before_target,2025-03-21,10000000,2024-12-19,last_known_before_target,2026-03-21,20000000,2026-03-19,last_known_before_target,2027-03-21,,,target_not_yet_reached,2028-03-21,,,target_not_yet_reached,2029-03-21,,,target_not_yet_reached,2030-03-21,,,target_not_yet_reached,2031-03-21,,,target_not_yet_reached,2032-03-21,,,target_not_yet_reached,2033-03-21,,,target_not_yet_reached,ok
2023,2023-03-21,,Andrey Santos,Chelsea - loan at Vasco da Gama,https://www.goal.com/en/lists/nxgn-2023-50-best-wonderkids-football/blta8167eeb11aa5cdf,743600,Andrey Santos,2004-05-03,https://www.transfermarkt.us/andrey-santos/profil/spieler/743600,1.08,automatic,matched,18,18.881,45000000,2026-03-09,observed_to_date,2023-03-21,12000000,2023-02-17,last_known_before_target,2024-03-21,14000000,2023-12-19,last_known_before_target,2025-03-21,25000000,2024-12-10,last_known_before_target,2026-03-21,45000000,2026-03-09,last_known_before_target,2027-03-21,,,target_not_yet_reached,2028-03-21,,,target_not_yet_reached,2029-03-21,,,target_not_yet_reached,2030-03-21,,,target_not_yet_reached,2031-03-21,,,target_not_yet_reached,2032-03-21,,,target_not_yet_reached,2033-03-21,,,target_not_yet_reached,ok
2023,2023-03-21,,Angelo Gabriel,Santos,https://www.goal.com/en/lists/nxgn-2023-50-best-wonderkids-football/blta8167eeb11aa5cdf,743598,Ângelo,2004-12-21,https://www.transfermarkt.us/player/profil/spieler/743598,1.08,manual_override,matched,18,18.245,15000000,2023-10-16,observed_to_date,2023-03-21,13000000,2022-11-14,last_known_before_target,2024-03-21,15000000,2023-12-18,last_known_before_target,2025-03-21,10000000,2024-12-13,last_known_before_target,2026-03-21,12000000,2025-12-18,last_known_before_target,2027-03-21,,,target_not_yet_reached,2028-03-21,,,target_not_yet_reached,2029-03-21,,,target_not_yet_reached,2030-03-21,,,target_not_yet_reached,2031-03-21,,,target_not_yet_reached,2032-03-21,,,target_not_yet_reached,2033-03-21,,,target_not_yet_reached,ok
2023,2023-03-21,,Antonio Nusa,Club Brugge,https://www.goal.com/en/lists/nxgn-2023-50-best-wonderkids-football/blta8167eeb11aa5cdf,894914,Antonio Nusa,2005-04-17,https://www.transfermarkt.us/antonio-nusa/profil/spieler/894914,1.08,automatic,matched,17,17.925,32000000,2025-12-19,observed_to_date,2023-03-21,4500000,2022-11-04,last_known_before_target,2024-03-21,17000000,2023-12-19,last_known_before_target,2025-03-21,28000000,2024-12-20,last_known_before_target,2026-03-21,32000000,2025-12-19,last_known_before_target,2027-03-21,,,target_not_yet_reached,2028-03-21,,,target_not_yet_reached,2029-03-21,,,target_not_yet_reached,2030-03-21,,,target_not_yet_reached,2031-03-21,,,target_not_yet_reached,2032-03-21,,,target_not_yet_reached,2033-03-21,,,target_not_yet_reached,ok
2023,2023-03-21,,Arda Guler,Fenerbahce,https://www.goal.com/en/lists/nxgn-2023-50-best-wonderkids-football/blta8167eeb11aa5cdf,861410,Arda Güler,2005-02-25,https://www.transfermarkt.us/arda-guler/profil/spieler/861410,1.08,automatic,matched,18,18.065,90000000,2025-12-12,observed_to_date,2023-03-21,11000000,2023-03-14,last_known_before_target,2024-03-21,15000000,2023-12-22,last_known_before_target,2025-03-21,45000000,2024-12-27,last_known_before_target,2026-03-21,90000000,2025-12-12,last_known_before_target,2027-03-21,,,target_not_yet_reached,2028-03-21,,,target_not_yet_reached,2029-03-21,,,target_not_yet_reached,2030-03-21,,,target_not_yet_reached,2031-03-21,,,target_not_yet_reached,2032-03-21,,,target_not_yet_reached,2033-03-21,,,target_not_yet_reached,ok
2023,2023-03-21,,Ben Doak,Liverpool,https://www.goal.com/en/lists/nxgn-2023-50-best-wonderkids-football/blta8167eeb11aa5cdf,719673,Ben Gannon-Doak,2005-11-11,https://www.transfermarkt.us/ben-gannon-doak/profil/spieler/719673,0.776,automatic,matched,17,17.356,18000000,2025-10-17,observed_to_date,2023-03-21,,,no_prior_valuation,2024-03-21,10000000,2023-12-19,last_known_before_target,2025-03-21,10000000,2024-12-30,last_known_before_target,2026-03-21,16000000,2026-03-09,last_known_before_target,2027-03-21,,,target_not_yet_reached,2028-03-21,,,target_not_yet_reached,2029-03-21,,,target_not_yet_reached,2030-03-21,,,target_not_yet_reached,2031-03-21,,,target_not_yet_reached,2032-03-21,,,target_not_yet_reached,2033-03-21,,,target_not_yet_reached,ok
2023,2023-03-21,,Brooke Norton-Cuffy,Arsenal - loan at Coventry City,https://www.goal.com/en/lists/nxgn-2023-50-best-wonderkids-football/blta8167eeb11aa5cdf,728733,Brooke Norton-Cuffy,2004-01-12,https://www.transfermarkt.us/brooke-norton-cuffy/profil/spieler/728733,1.08,automatic,matched,19,19.187,16000000,2025-12-23,observed_to_date,2023-03-21,1200000,2022-10-27,last_known_before_target,2024-03-21,4500000,2023-12-21,last_known_before_target,2025-03-21,4500000,2024-12-18,last_known_before_target,2026-03-21,16000000,2025-12-23,last_known_before_target,2027-03-21,,,target_not_yet_reached,2028-03-21,,,target_not_yet_reached,2029-03-21,,,target_not_yet_reached,2030-03-21,,,target_not_yet_reached,2031-03-21,,,target_not_yet_reached,2032-03-21,,,target_not_yet_reached,2033-03-21,,,target_not_yet_reached,ok
2023,2023-03-21,,Cher Ndour,Benfica,https://www.goal.com/en/lists/nxgn-2023-50-best-wonderkids-football/blta8167eeb11aa5cdf,651005,Cher Ndour,2004-07-27,https://www.transfermarkt.us/cher-ndour/profil/spieler/651005,1.08,automatic,matched,18,18.648,20000000,2026-05-29,observed_to_date,2023-03-21,1500000,2022-12-28,last_known_before_target,2024-03-21,4000000,2023-12-18,last_known_before_target,2025-03-21,4000000,2024-12-23,last_known_before_target,2026-03-21,5000000,2025-12-23,last_known_before_target,2027-03-21,,,target_not_yet_reached,2028-03-21,,,target_not_yet_reached,2029-03-21,,,target_not_yet_reached,2030-03-21,,,target_not_yet_reached,2031-03-21,,,target_not_yet_reached,2032-03-21,,,target_not_yet_reached,2033-03-21,,,target_not_yet_reached,ok
2023,2023-03-21,,Desire Doue,Rennes,https://www.goal.com/en/lists/nxgn-2023-50-best-wonderkids-football/blta8167eeb11aa5cdf,914562,Désiré Doué,2005-06-03,https://www.transfermarkt.us/desire-doue/profil/spieler/914562,1.08,automatic,matched,17,17.796,120000000,2026-06-01,observed_to_date,2023-03-21,15000000,2022-11-02,last_known_before_target,2024-03-21,20000000,2024-03-19,last_known_before_target,2025-03-21,40000000,2024-12-10,last_known_before_target,2026-03-21,90000000,2025-12-15,last_known_before_target,2027-03-21,,,target_not_yet_reached,2028-03-21,,,target_not_yet_reached,2029-03-21,,,target_not_yet_reached,2030-03-21,,,target_not_yet_reached,2031-03-21,,,target_not_yet_reached,2032-03-21,,,target_not_yet_reached,2033-03-21,,,target_not_yet_reached,ok
2023,2023-03-21,,Diego Moreira,Benfica,https://www.goal.com/en/lists/nxgn-2023-50-best-wonderkids-football/blta8167eeb11aa5cdf,655006,Diego Moreira,2004-08-06,https://www.transfermarkt.us/diego-moreira/profil/spieler/655006,1.08,automatic,matched,18,18.621,25000000,2026-03-27,observed_to_date,2023-03-21,2000000,2022-12-28,last_known_before_target,2024-03-21,3000000,2023-12-18,last_known_before_target,2025-03-21,6000000,2024-12-10,last_known_before_target,2026-03-21,18000000,2025-12-15,last_known_before_target,2027-03-21,,,target_not_yet_reached,2028-03-21,,,target_not_yet_reached,2029-03-21,,,target_not_yet_reached,2030-03-21,,,target_not_yet_reached,2031-03-21,,,target_not_yet_reached,2032-03-21,,,target_not_yet_reached,2033-03-21,,,target_not_yet_reached,ok
2023,2023-03-21,,Dijon Kameri,Red Bull Salzburg,https://www.goal.com/en/lists/nxgn-2023-50-best-wonderkids-football/blta8167eeb11aa5cdf,629005,Dijon Kameri,2004-04-20,https://www.transfermarkt.us/dijon-kameri/profil/spieler/629005,1.08,automatic,matched,18,18.916,4000000,2022-09-20,observed_to_date,2023-03-21,4000000,2022-11-10,last_known_before_target,2024-03-21,3000000,2023-12-11,last_known_before_target,2025-03-21,1500000,2024-12-17,last_known_before_target,2026-03-21,1000000,2025-12-08,last_known_before_target,2027-03-21,,,target_not_yet_reached,2028-03-21,,,target_not_yet_reached,2029-03-21,,,target_not_yet_reached,2030-03-21,,,target_not_yet_reached,2031-03-21,,,target_not_yet_reached,2032-03-21,,,target_not_yet_reached,2033-03-21,,,target_not_yet_reached,ok
2023,2023-03-21,,El Chadaille Bitshiabu,Paris Saint-Germain,https://www.goal.com/en/lists/nxgn-2023-50-best-wonderkids-football/blta8167eeb11aa5cdf,787912,El Chadaille Bitshiabu,2005-05-16,https://www.transfermarkt.us/el-chadaille-bitshiabu/profil/spieler/787912,1.08,automatic,matched,17,17.846,18000000,2025-06-05,observed_to_date,2023-03-21,2000000,2022-11-02,last_known_before_target,2024-03-21,15000000,2023-12-14,last_known_before_target,2025-03-21,12000000,2024-12-20,last_known_before_target,2026-03-21,15000000,2025-12-19,last_known_before_target,2027-03-21,,,target_not_yet_reached,2028-03-21,,,target_not_yet_reached,2029-03-21,,,target_not_yet_reached,2030-03-21,,,target_not_yet_reached,2031-03-21,,,target_not_yet_reached,2032-03-21,,,target_not_yet_reached,2033-03-21,,,target_not_yet_reached,ok
2023,2023-03-21,,Eliesse Ben Seghir,Monaco,https://www.goal.com/en/lists/nxgn-2023-50-best-wonderkids-football/blta8167eeb11aa5cdf,810895,Eliesse Ben Seghir,2005-02-16,https://www.transfermarkt.us/eliesse-ben-seghir/profil/spieler/810895,1.08,automatic,matched,18,18.089,30000000,2024-12-10,observed_to_date,2023-03-21,200000,2022-11-02,last_known_before_target,2024-03-21,15000000,2024-03-19,last_known_before_target,2025-03-21,30000000,2024-12-10,last_known_before_target,2026-03-21,20000000,2026-03-20,last_known_before_target,2027-03-21,,,target_not_yet_reached,2028-03-21,,,target_not_yet_reached,2029-03-21,,,target_not_yet_reached,2030-03-21,,,target_not_yet_reached,2031-03-21,,,target_not_yet_reached,2032-03-21,,,target_not_yet_reached,2033-03-21,,,target_not_yet_reached,ok
2023,2023-03-21,,Endrick,Palmeiras,https://www.goal.com/en/lists/nxgn-2023-50-best-wonderkids-football/blta8167eeb11aa5cdf,971570,Endrick,2006-07-21,https://www.transfermarkt.us/endrick/profil/spieler/971570,1.08,automatic,matched,16,16.666,60000000,2024-06-17,observed_to_date,2023-03-21,20000000,2022-11-14,last_known_before_target,2024-03-21,45000000,2023-12-11,last_known_before_target,2025-03-21,40000000,2024-12-27,last_known_before_target,2026-03-21,25000000,2025-12-12,last_known_before_target,2027-03-21,,,target_not_yet_reached,2028-03-21,,,target_not_yet_reached,2029-03-21,,,target_not_yet_reached,2030-03-21,,,target_not_yet_reached,2031-03-21,,,target_not_yet_reached,2032-03-21,,,target_not_yet_reached,2033-03-21,,,target_not_yet_reached,ok
2023,2023-03-21,,Ethan Nwaneri,Arsenal,https://www.goal.com/en/lists/nxgn-2023-50-best-wonderkids-football/blta8167eeb11aa5cdf,890719,Ethan Nwaneri,2007-03-21,https://www.transfermarkt.us/ethan-nwaneri/profil/spieler/890719,1.08,automatic,matched,16,16.0,55000000,2025-03-18,observed_to_date,2023-03-21,,,no_prior_valuation,2024-03-21,8000000,2024-03-14,last_known_before_target,2025-03-21,55000000,2025-03-18,last_known_before_target,2026-03-21,40000000,2025-12-09,last_known_before_target,2027-03-21,,,target_not_yet_reached,2028-03-21,,,target_not_yet_reached,2029-03-21,,,target_not_yet_reached,2030-03-21,,,target_not_yet_reached,2031-03-21,,,target_not_yet_reached,2032-03-21,,,target_not_yet_reached,2033-03-21,,,target_not_yet_reached,ok
2023,2023-03-21,,Evan Ferguson,Brighton,https://www.goal.com/en/lists/nxgn-2023-50-best-wonderkids-football/blta8167eeb11aa5cdf,648046,Evan Ferguson,2004-10-19,https://www.transfermarkt.us/evan-ferguson/profil/spieler/648046,1.08,automatic,matched,18,18.418,65000000,2023-10-09,observed_to_date,2023-03-21,10000000,2023-03-16,last_known_before_target,2024-03-21,60000000,2024-03-14,last_known_before_target,2025-03-21,32000000,2025-03-18,last_known_before_target,2026-03-21,25000000,2025-12-23,last_known_before_target,2027-03-21,,,target_not_yet_reached,2028-03-21,,,target_not_yet_reached,2029-03-21,,,target_not_yet_reached,2030-03-21,,,target_not_yet_reached,2031-03-21,,,target_not_yet_reached,2032-03-21,,,target_not_yet_reached,2033-03-21,,,target_not_yet_reached,ok
2023,2023-03-21,,Facundo Buonanotte,Brighton,https://www.goal.com/en/lists/nxgn-2023-50-best-wonderkids-football/blta8167eeb11aa5cdf,983989,Facundo Buonanotte,2004-12-23,https://www.transfermarkt.us/facundo-buonanotte/profil/spieler/983989,1.08,automatic,matched,18,18.24,22000000,2024-12-16,observed_to_date,2023-03-21,9000000,2022-10-26,last_known_before_target,2024-03-21,18000000,2024-03-14,last_known_before_target,2025-03-21,22000000,2024-12-16,last_known_before_target,2026-03-21,16000000,2026-03-09,last_known_before_target,2027-03-21,,,target_not_yet_reached,2028-03-21,,,target_not_yet_reached,2029-03-21,,,target_not_yet_reached,2030-03-21,,,target_not_yet_reached,2031-03-21,,,target_not_yet_reached,2032-03-21,,,target_not_yet_reached,2033-03-21,,,target_not_yet_reached,ok
2023,2023-03-21,,Gabriel Misehouy,Ajax,https://www.goal.com/en/lists/nxgn-2023-50-best-wonderkids-football/blta8167eeb11aa5cdf,646698,Gabriel Misehouy,2005-07-18,https://www.transfermarkt.us/gabriel-misehouy/profil/spieler/646698,1.08,automatic,matched,17,17.673,1000000,2024-01-08,observed_to_date,2023-03-21,600000,2022-10-12,last_known_before_target,2024-03-21,1000000,2024-01-08,last_known_before_target,2025-03-21,1000000,2024-12-27,last_known_before_target,2026-03-21,900000,2025-12-12,last_known_before_target,2027-03-21,,,target_not_yet_reached,2028-03-21,,,target_not_yet_reached,2029-03-21,,,target_not_yet_reached,2030-03-21,,,target_not_yet_reached,2031-03-21,,,target_not_yet_reached,2032-03-21,,,target_not_yet_reached,2033-03-21,,,target_not_yet_reached,ok
2023,2023-03-21,,Gabriel Slonina,Chelsea,https://www.goal.com/en/lists/nxgn-2023-50-best-wonderkids-football/blta8167eeb11aa5cdf,656316,Gabriel Slonina,2004-05-15,https://www.transfermarkt.us/gabriel-slonina/profil/spieler/656316,1.08,automatic,matched,18,18.848,9000000,2023-06-20,observed_to_date,2023-03-21,8000000,2022-11-08,last_known_before_target,2024-03-21,5000000,2023-12-19,last_known_before_target,2025-03-21,4000000,2024-12-27,last_known_before_target,2026-03-21,3500000,2025-12-09,last_known_before_target,2027-03-21,,,target_not_yet_reached,2028-03-21,,,target_not_yet_reached,2029-03-21,,,target_not_yet_reached,2030-03-21,,,target_not_yet_reached,2031-03-21,,,target_not_yet_reached,2032-03-21,,,target_not_yet_reached,2033-03-21,,,target_not_yet_reached,ok
2023,2023-03-21,,Garang Kuol,Newcastle - loan at Hearts,https://www.goal.com/en/lists/nxgn-2023-50-best-wonderkids-football/blta8167eeb11aa5cdf,967948,Garang Kuol,2004-09-15,https://www.transfermarkt.us/garang-kuol/profil/spieler/967948,1.08,automatic,matched,18,18.511,1000000,2026-05-20,observed_to_date,2023-03-21,800000,2022-11-14,last_known_before_target,2024-03-21,700000,2023-12-15,last_known_before_target,2025-03-21,600000,2024-12-16,last_known_before_target,2026-03-21,800000,2025-12-22,last_known_before_target,2027-03-21,,,target_not_yet_reached,2028-03-21,,,target_not_yet_reached,2029-03-21,,,target_not_yet_reached,2030-03-21,,,target_not_yet_reached,2031-03-21,,,target_not_yet_reached,2032-03-21,,,target_not_yet_reached,2033-03-21,,,target_not_yet_reached,ok
2023,2023-03-21,,Gavi,Barcelona,https://www.goal.com/en/lists/nxgn-2023-50-best-wonderkids-football/blta8167eeb11aa5cdf,646740,Gavi,2004-08-05,https://www.transfermarkt.us/gavi/profil/spieler/646740,1.08,automatic,matched,18,18.623,90000000,2022-11-07,observed_to_date,2023-03-21,90000000,2022-11-07,last_known_before_target,2024-03-21,90000000,2023-12-22,last_known_before_target,2025-03-21,80000000,2024-12-27,last_known_before_target,2026-03-21,30000000,2026-03-16,last_known_before_target,2027-03-21,,,target_not_yet_reached,2028-03-21,,,target_not_yet_reached,2029-03-21,,,target_not_yet_reached,2030-03-21,,,target_not_yet_reached,2031-03-21,,,target_not_yet_reached,2032-03-21,,,target_not_yet_reached,2033-03-21,,,target_not_yet_reached,ok
2023,2023-03-21,,Gianluca Prestianni,Velez Sarsfield,https://www.goal.com/en/lists/nxgn-2023-50-best-wonderkids-football/blta8167eeb11aa5cdf,1000674,Gianluca Prestianni,2006-01-31,https://www.transfermarkt.us/gianluca-prestianni/profil/spieler/1000674,1.08,automatic,matched,17,17.134,20000000,2026-05-28,observed_to_date,2023-03-21,2000000,2022-10-26,last_known_before_target,2024-03-21,10000000,2023-12-19,last_known_before_target,2025-03-21,10000000,2024-12-19,last_known_before_target,2026-03-21,12000000,2025-12-18,last_known_before_target,2027-03-21,,,target_not_yet_reached,2028-03-21,,,target_not_yet_reached,2029-03-21,,,target_not_yet_reached,2030-03-21,,,target_not_yet_reached,2031-03-21,,,target_not_yet_reached,2032-03-21,,,target_not_yet_reached,2033-03-21,,,target_not_yet_reached,ok
2023,2023-03-21,,Iker Bravo,Bayer Leverkusen - loan at Real Madrid,https://www.goal.com/en/lists/nxgn-2023-50-best-wonderkids-football/blta8167eeb11aa5cdf,741292,Iker Bravo,2005-01-13,https://www.transfermarkt.us/iker-bravo/profil/spieler/741292,1.08,automatic,matched,18,18.182,5000000,2025-10-07,observed_to_date,2023-03-21,1000000,2022-12-29,last_known_before_target,2024-03-21,500000,2023-10-13,last_known_before_target,2025-03-21,1500000,2024-12-18,last_known_before_target,2026-03-21,4000000,2026-03-18,last_known_before_target,2027-03-21,,,target_not_yet_reached,2028-03-21,,,target_not_yet_reached,2029-03-21,,,target_not_yet_reached,2030-03-21,,,target_not_yet_reached,2031-03-21,,,target_not_yet_reached,2032-03-21,,,target_not_yet_reached,2033-03-21,,,target_not_yet_reached,ok
2023,2023-03-21,,Ismael Gharbi,Paris Saint-Germain,https://www.goal.com/en/lists/nxgn-2023-50-best-wonderkids-football/blta8167eeb11aa5cdf,810096,Ismaël Gharbi,2004-04-10,https://www.transfermarkt.us/ismael-gharbi/profil/spieler/810096,1.08,automatic,matched,18,18.944,7500000,2024-03-28,observed_to_date,2023-03-21,1500000,2022-11-02,last_known_before_target,2024-03-21,5000000,2023-12-21,last_known_before_target,2025-03-21,7500000,2024-12-19,last_known_before_target,2026-03-21,5000000,2026-03-20,last_known_before_target,2027-03-21,,,target_not_yet_reached,2028-03-21,,,target_not_yet_reached,2029-03-21,,,target_not_yet_reached,2030-03-21,,,target_not_yet_reached,2031-03-21,,,target_not_yet_reached,2032-03-21,,,target_not_yet_reached,2033-03-21,,,target_not_yet_reached,ok
2023,2023-03-21,,Ivan Fresneda,Real Valladolid,https://www.goal.com/en/lists/nxgn-2023-50-best-wonderkids-football/blta8167eeb11aa5cdf,946883,Iván Fresneda,2004-09-28,https://www.transfermarkt.us/ivan-fresneda/profil/spieler/946883,1.08,automatic,matched,18,18.475,15000000,2023-06-13,observed_to_date,2023-03-21,1000000,2022-11-07,last_known_before_target,2024-03-21,11000000,2024-03-08,last_known_before_target,2025-03-21,7000000,2024-12-19,last_known_before_target,2026-03-21,12000000,2025-12-18,last_known_before_target,2027-03-21,,,target_not_yet_reached,2028-03-21,,,target_not_yet_reached,2029-03-21,,,target_not_yet_reached,2030-03-21,,,target_not_yet_reached,2031-03-21,,,target_not_yet_reached,2032-03-21,,,target_not_yet_reached,2033-03-21,,,target_not_yet_reached,ok
2023,2023-03-21,,Jamie Bynoe-Gittens,Borussia Dortmund,https://www.goal.com/en/lists/nxgn-2023-50-best-wonderkids-football/blta8167eeb11aa5cdf,670882,Jamie Gittens,2004-08-08,https://www.transfermarkt.us/jamie-gittens/profil/spieler/670882,0.866,automatic,matched,18,18.615,50000000,2024-12-20,observed_to_date,2023-03-21,8000000,2022-11-09,last_known_before_target,2024-03-21,28000000,2023-12-14,last_known_before_target,2025-03-21,50000000,2024-12-20,last_known_before_target,2026-03-21,35000000,2026-03-09,last_known_before_target,2027-03-21,,,target_not_yet_reached,2028-03-21,,,target_not_yet_reached,2029-03-21,,,target_not_yet_reached,2030-03-21,,,target_not_yet_reached,2031-03-21,,,target_not_yet_reached,2032-03-21,,,target_not_yet_reached,2033-03-21,,,target_not_yet_reached,ok
2023,2023-03-21,,Jorrel Hato,Ajax,https://www.goal.com/en/lists/nxgn-2023-50-best-wonderkids-football/blta8167eeb11aa5cdf,904802,Jorrel Hato,2006-03-07,https://www.transfermarkt.us/jorrel-hato/profil/spieler/904802,1.08,automatic,matched,17,17.038,40000000,2025-10-17,observed_to_date,2023-03-21,,,no_prior_valuation,2024-03-21,22000000,2023-12-15,last_known_before_target,2025-03-21,30000000,2024-12-17,last_known_before_target,2026-03-21,35000000,2025-12-09,last_known_before_target,2027-03-21,,,target_not_yet_reached,2028-03-21,,,target_not_yet_reached,2029-03-21,,,target_not_yet_reached,2030-03-21,,,target_not_yet_reached,2031-03-21,,,target_not_yet_reached,2032-03-21,,,target_not_yet_reached,2033-03-21,,,target_not_yet_reached,ok
2023,2023-03-21,,Kaiky,Almeria,https://www.goal.com/en/lists/nxgn-2023-50-best-wonderkids-football/blta8167eeb11aa5cdf,743589,Kaiky,2004-01-12,https://www.transfermarkt.us/kaiky/profil/spieler/743589,1.08,automatic,matched,19,19.187,8000000,2021-12-17,observed_to_date,2023-03-21,8000000,2022-11-07,last_known_before_target,2024-03-21,2500000,2023-12-22,last_known_before_target,2025-03-21,1500000,2024-12-13,last_known_before_target,2026-03-21,1500000,2025-11-28,last_known_before_target,2027-03-21,,,target_not_yet_reached,2028-03-21,,,target_not_yet_reached,2029-03-21,,,target_not_yet_reached,2030-03-21,,,target_not_yet_reached,2031-03-21,,,target_not_yet_reached,2032-03-21,,,target_not_yet_reached,2033-03-21,,,target_not_yet_reached,ok
2023,2023-03-21,,Lamine Yamal,Barcelona,https://www.goal.com/en/lists/nxgn-2023-50-best-wonderkids-football/blta8167eeb11aa5cdf,937958,Lamine Yamal,2007-07-13,https://www.transfermarkt.us/lamine-yamal/profil/spieler/937958,1.08,automatic,matched,15,15.688,220000000,2026-07-22,observed_to_date,2023-03-21,,,no_prior_valuation,2024-03-21,60000000,2023-12-22,last_known_before_target,2025-03-21,180000000,2024-12-27,last_known_before_target,2026-03-21,200000000,2025-12-12,last_known_before_target,2027-03-21,,,target_not_yet_reached,2028-03-21,,,target_not_yet_reached,2029-03-21,,,target_not_yet_reached,2030-03-21,,,target_not_yet_reached,2031-03-21,,,target_not_yet_reached,2032-03-21,,,target_not_yet_reached,2033-03-21,,,target_not_yet_reached,ok
2023,2023-03-21,,Lewis Hall,Chelsea,https://www.goal.com/en/lists/nxgn-2023-50-best-wonderkids-football/blta8167eeb11aa5cdf,670858,Lewis Hall,2004-09-08,https://www.transfermarkt.us/lewis-hall/profil/spieler/670858,1.08,automatic,matched,18,18.53,40000000,2026-06-03,observed_to_date,2023-03-21,8000000,2023-03-16,last_known_before_target,2024-03-21,18000000,2023-12-19,last_known_before_target,2025-03-21,30000000,2025-03-18,last_known_before_target,2026-03-21,35000000,2026-03-09,last_known_before_target,2027-03-21,,,target_not_yet_reached,2028-03-21,,,target_not_yet_reached,2029-03-21,,,target_not_yet_reached,2030-03-21,,,target_not_yet_reached,2031-03-21,,,target_not_yet_reached,2032-03-21,,,target_not_yet_reached,2033-03-21,,,target_not_yet_reached,ok
2023,2023-03-21,,Luka Romero,Lazio,https://www.goal.com/en/lists/nxgn-2023-50-best-wonderkids-football/blta8167eeb11aa5cdf,769063,Luka Romero,2004-11-18,https://www.transfermarkt.us/luka-romero/profil/spieler/769063,1.08,automatic,matched,18,18.336,5000000,2024-03-21,observed_to_date,2023-03-21,1000000,2022-11-11,last_known_before_target,2024-03-21,3000000,2023-12-20,last_known_before_target,2025-03-21,3500000,2024-12-27,last_known_before_target,2026-03-21,3200000,2025-12-29,last_known_before_target,2027-03-21,,,target_not_yet_reached,2028-03-21,,,target_not_yet_reached,2029-03-21,,,target_not_yet_reached,2030-03-21,,,target_not_yet_reached,2031-03-21,,,target_not_yet_reached,2032-03-21,,,target_not_yet_reached,2033-03-21,,,target_not_yet_reached,ok
2023,2023-03-21,,Matheus Franca,Flamengo,https://www.goal.com/en/lists/nxgn-2023-50-best-wonderkids-football/blta8167eeb11aa5cdf,743597,Matheus França,2004-04-01,https://www.transfermarkt.us/matheus-franca/profil/spieler/743597,1.08,automatic,matched,18,18.968,15000000,2023-10-09,observed_to_date,2023-03-21,4000000,2022-11-14,last_known_before_target,2024-03-21,15000000,2023-12-19,last_known_before_target,2025-03-21,10000000,2025-03-18,last_known_before_target,2026-03-21,7000000,2026-03-12,last_known_before_target,2027-03-21,,,target_not_yet_reached,2028-03-21,,,target_not_yet_reached,2029-03-21,,,target_not_yet_reached,2030-03-21,,,target_not_yet_reached,2031-03-21,,,target_not_yet_reached,2032-03-21,,,target_not_yet_reached,2033-03-21,,,target_not_yet_reached,ok
2023,2023-03-21,,Mathys Tel,Bayern Munich,https://www.goal.com/en/lists/nxgn-2023-50-best-wonderkids-football/blta8167eeb11aa5cdf,801734,Mathys Tel,2005-04-27,https://www.transfermarkt.us/mathys-tel/profil/spieler/801734,1.08,automatic,matched,17,17.898,50000000,2023-10-18,observed_to_date,2023-03-21,20000000,2022-11-09,last_known_before_target,2024-03-21,50000000,2023-12-14,last_known_before_target,2025-03-21,40000000,2025-03-18,last_known_before_target,2026-03-21,25000000,2026-03-09,last_known_before_target,2027-03-21,,,target_not_yet_reached,2028-03-21,,,target_not_yet_reached,2029-03-21,,,target_not_yet_reached,2030-03-21,,,target_not_yet_reached,2031-03-21,,,target_not_yet_reached,2032-03-21,,,target_not_yet_reached,2033-03-21,,,target_not_yet_reached,ok
2023,2023-03-21,,Mohamed-Ali Cho,Real Sociedad,https://www.goal.com/en/lists/nxgn-2023-50-best-wonderkids-football/blta8167eeb11aa5cdf,670847,Mohamed-Ali Cho,2004-01-19,https://www.transfermarkt.us/mohamed-ali-cho/profil/spieler/670847,1.08,automatic,matched,19,19.168,15000000,2022-03-23,observed_to_date,2023-03-21,15000000,2022-11-07,last_known_before_target,2024-03-21,10000000,2024-03-19,last_known_before_target,2025-03-21,12000000,2024-12-10,last_known_before_target,2026-03-21,12000000,2025-12-15,last_known_before_target,2027-03-21,,,target_not_yet_reached,2028-03-21,,,target_not_yet_reached,2029-03-21,,,target_not_yet_reached,2030-03-21,,,target_not_yet_reached,2031-03-21,,,target_not_yet_reached,2032-03-21,,,target_not_yet_reached,2033-03-21,,,target_not_yet_reached,ok
2023,2023-03-21,,Paul Wanner,Bayern Munich,https://www.goal.com/en/lists/nxgn-2023-50-best-wonderkids-football/blta8167eeb11aa5cdf,900909,Paul Wanner,2005-12-23,https://www.transfermarkt.us/paul-wanner/profil/spieler/900909,1.08,automatic,matched,17,17.241,22000000,2026-05-28,observed_to_date,2023-03-21,3000000,2022-11-09,last_known_before_target,2024-03-21,3500000,2023-12-15,last_known_before_target,2025-03-21,18000000,2024-12-20,last_known_before_target,2026-03-21,18000000,2026-03-11,last_known_before_target,2027-03-21,,,target_not_yet_reached,2028-03-21,,,target_not_yet_reached,2029-03-21,,,target_not_yet_reached,2030-03-21,,,target_not_yet_reached,2031-03-21,,,target_not_yet_reached,2032-03-21,,,target_not_yet_reached,2033-03-21,,,target_not_yet_reached,ok
2023,2023-03-21,,Rico Lewis,Manchester City,https://www.goal.com/en/lists/nxgn-2023-50-best-wonderkids-football/blta8167eeb11aa5cdf,701057,Rico Lewis,2004-11-21,https://www.transfermarkt.us/rico-lewis/profil/spieler/701057,1.08,automatic,matched,18,18.328,40000000,2024-10-01,observed_to_date,2023-03-21,15000000,2023-03-16,last_known_before_target,2024-03-21,38000000,2023-12-19,last_known_before_target,2025-03-21,40000000,2024-12-16,last_known_before_target,2026-03-21,32000000,2026-03-09,last_known_before_target,2027-03-21,,,target_not_yet_reached,2028-03-21,,,target_not_yet_reached,2029-03-21,,,target_not_yet_reached,2030-03-21,,,target_not_yet_reached,2031-03-21,,,target_not_yet_reached,2032-03-21,,,target_not_yet_reached,2033-03-21,,,target_not_yet_reached,ok
2023,2023-03-21,,Romeo Lavia,Southampton,https://www.goal.com/en/lists/nxgn-2023-50-best-wonderkids-football/blta8167eeb11aa5cdf,628451,Roméo Lavia,2004-01-06,https://www.transfermarkt.us/romeo-lavia/profil/spieler/628451,1.08,automatic,matched,19,19.204,50000000,2023-10-09,observed_to_date,2023-03-21,25000000,2022-11-03,last_known_before_target,2024-03-21,40000000,2024-03-14,last_known_before_target,2025-03-21,40000000,2024-12-16,last_known_before_target,2026-03-21,25000000,2026-03-09,last_known_before_target,2027-03-21,,,target_not_yet_reached,2028-03-21,,,target_not_yet_reached,2029-03-21,,,target_not_yet_reached,2030-03-21,,,target_not_yet_reached,2031-03-21,,,target_not_yet_reached,2032-03-21,,,target_not_yet_reached,2033-03-21,,,target_not_yet_reached,ok
2023,2023-03-21,,Roony Bardghji,FC Copenhagen,https://www.goal.com/en/lists/nxgn-2023-50-best-wonderkids-football/blta8167eeb11aa5cdf,792331,Roony Bardghji,2005-11-15,https://www.transfermarkt.us/roony-bardghji/profil/spieler/792331,1.08,automatic,matched,17,17.345,15000000,2026-03-16,observed_to_date,2023-03-21,2000000,2022-12-22,last_known_before_target,2024-03-21,9000000,2023-12-21,last_known_before_target,2025-03-21,9000000,2024-12-09,last_known_before_target,2026-03-21,15000000,2026-03-16,last_known_before_target,2027-03-21,,,target_not_yet_reached,2028-03-21,,,target_not_yet_reached,2029-03-21,,,target_not_yet_reached,2030-03-21,,,target_not_yet_reached,2031-03-21,,,target_not_yet_reached,2032-03-21,,,target_not_yet_reached,2033-03-21,,,target_not_yet_reached,ok
2023,2023-03-21,,Savio,Troyes - loan at PSV,https://www.goal.com/en/lists/nxgn-2023-50-best-wonderkids-football/blta8167eeb11aa5cdf,743591,Savinho,2004-04-10,https://www.transfermarkt.us/player/profil/spieler/743591,1.08,manual_override,matched,18,18.944,55000000,2024-12-16,observed_to_date,2023-03-21,6000000,2022-11-11,last_known_before_target,2024-03-21,30000000,2023-12-22,last_known_before_target,2025-03-21,55000000,2024-12-16,last_known_before_target,2026-03-21,40000000,2026-03-09,last_known_before_target,2027-03-21,,,target_not_yet_reached,2028-03-21,,,target_not_yet_reached,2029-03-21,,,target_not_yet_reached,2030-03-21,,,target_not_yet_reached,2031-03-21,,,target_not_yet_reached,2032-03-21,,,target_not_yet_reached,2033-03-21,,,target_not_yet_reached,ok
2023,2023-03-21,,Simone Pafundi,Udinese,https://www.goal.com/en/lists/nxgn-2023-50-best-wonderkids-football/blta8167eeb11aa5cdf,876400,Simone Pafundi,2006-03-14,https://www.transfermarkt.us/simone-pafundi/profil/spieler/876400,1.08,automatic,matched,17,17.019,10000000,2024-03-28,observed_to_date,2023-03-21,1500000,2022-11-11,last_known_before_target,2024-03-21,8000000,2023-12-20,last_known_before_target,2025-03-21,6000000,2024-12-23,last_known_before_target,2026-03-21,5000000,2025-12-11,last_known_before_target,2027-03-21,,,target_not_yet_reached,2028-03-21,,,target_not_yet_reached,2029-03-21,,,target_not_yet_reached,2030-03-21,,,target_not_yet_reached,2031-03-21,,,target_not_yet_reached,2032-03-21,,,target_not_yet_reached,2033-03-21,,,target_not_yet_reached,ok
2023,2023-03-21,,Stefan Bajcetic,Liverpool,https://www.goal.com/en/lists/nxgn-2023-50-best-wonderkids-football/blta8167eeb11aa5cdf,864799,Stefan Bajcetic,2004-10-22,https://www.transfermarkt.us/stefan-bajcetic/profil/spieler/864799,1.08,automatic,matched,18,18.41,13000000,2023-03-16,observed_to_date,2023-03-21,13000000,2023-03-16,last_known_before_target,2024-03-21,11000000,2023-12-19,last_known_before_target,2025-03-21,9000000,2024-12-17,last_known_before_target,2026-03-21,5000000,2026-03-09,last_known_before_target,2027-03-21,,,target_not_yet_reached,2028-03-21,,,target_not_yet_reached,2029-03-21,,,target_not_yet_reached,2030-03-21,,,target_not_yet_reached,2031-03-21,,,target_not_yet_reached,2032-03-21,,,target_not_yet_reached,2033-03-21,,,target_not_yet_reached,ok
2023,2023-03-21,,Valentin Barco,Boca Juniors,https://www.goal.com/en/lists/nxgn-2023-50-best-wonderkids-football/blta8167eeb11aa5cdf,849410,Valentín Barco,2004-07-23,https://www.transfermarkt.us/valentin-barco/profil/spieler/849410,1.08,automatic,matched,18,18.659,40000000,2026-06-01,observed_to_date,2023-03-21,1500000,2022-10-26,last_known_before_target,2024-03-21,13000000,2023-12-19,last_known_before_target,2025-03-21,6000000,2024-12-27,last_known_before_target,2026-03-21,25000000,2025-12-15,last_known_before_target,2027-03-21,,,target_not_yet_reached,2028-03-21,,,target_not_yet_reached,2029-03-21,,,target_not_yet_reached,2030-03-21,,,target_not_yet_reached,2031-03-21,,,target_not_yet_reached,2032-03-21,,,target_not_yet_reached,2033-03-21,,,target_not_yet_reached,ok
2023,2023-03-21,,Valentin Carboni,Inter,https://www.goal.com/en/lists/nxgn-2023-50-best-wonderkids-football/blta8167eeb11aa5cdf,787618,Valentín Carboni,2005-03-05,https://www.transfermarkt.us/valentin-carboni/profil/spieler/787618,1.08,automatic,matched,18,18.043,15000000,2024-03-12,observed_to_date,2023-03-21,1500000,2022-11-11,last_known_before_target,2024-03-21,15000000,2024-03-12,last_known_before_target,2025-03-21,12000000,2024-12-10,last_known_before_target,2026-03-21,8500000,2026-03-18,last_known_before_target,2027-03-21,,,target_not_yet_reached,2028-03-21,,,target_not_yet_reached,2029-03-21,,,target_not_yet_reached,2030-03-21,,,target_not_yet_reached,2031-03-21,,,target_not_yet_reached,2032-03-21,,,target_not_yet_reached,2033-03-21,,,target_not_yet_reached,ok
2023,2023-03-21,,Vinicius Tobias,Shakhtar Donetsk - loan at Real Madrid,https://www.goal.com/en/lists/nxgn-2023-50-best-wonderkids-football/blta8167eeb11aa5cdf,743587,Vinícius Tobias,2004-02-23,https://www.transfermarkt.us/vinicius-tobias/profil/spieler/743587,1.08,automatic,matched,19,19.072,6000000,2025-12-18,observed_to_date,2023-03-21,3000000,2022-12-29,last_known_before_target,2024-03-21,3000000,2023-12-20,last_known_before_target,2025-03-21,3000000,2024-12-17,last_known_before_target,2026-03-21,6000000,2025-12-18,last_known_before_target,2027-03-21,,,target_not_yet_reached,2028-03-21,,,target_not_yet_reached,2029-03-21,,,target_not_yet_reached,2030-03-21,,,target_not_yet_reached,2031-03-21,,,target_not_yet_reached,2032-03-21,,,target_not_yet_reached,2033-03-21,,,target_not_yet_reached,ok
2023,2023-03-21,,Vitor Roque,Athletico Paranaense,https://www.goal.com/en/lists/nxgn-2023-50-best-wonderkids-football/blta8167eeb11aa5cdf,943837,Vitor Roque,2005-02-28,https://www.transfermarkt.us/vitor-roque/profil/spieler/943837,1.08,automatic,matched,18,18.056,40000000,2023-12-11,observed_to_date,2023-03-21,14000000,2023-02-17,last_known_before_target,2024-03-21,40000000,2023-12-11,last_known_before_target,2025-03-21,20000000,2024-12-27,last_known_before_target,2026-03-21,38000000,2026-03-12,last_known_before_target,2027-03-21,,,target_not_yet_reached,2028-03-21,,,target_not_yet_reached,2029-03-21,,,target_not_yet_reached,2030-03-21,,,target_not_yet_reached,2031-03-21,,,target_not_yet_reached,2032-03-21,,,target_not_yet_reached,2033-03-21,,,target_not_yet_reached,ok
2023,2023-03-21,,Warren Zaire-Emery,Paris Saint-Germain,https://www.goal.com/en/lists/nxgn-2023-50-best-wonderkids-football/blta8167eeb11aa5cdf,810092,Warren Zaïre-Emery,2006-03-08,https://www.transfermarkt.us/warren-zaire-emery/profil/spieler/810092,1.08,automatic,matched,17,17.035,80000000,2026-06-01,observed_to_date,2023-03-21,6000000,2022-11-02,last_known_before_target,2024-03-21,60000000,2023-12-18,last_known_before_target,2025-03-21,60000000,2024-12-10,last_known_before_target,2026-03-21,50000000,2025-12-15,last_known_before_target,2027-03-21,,,target_not_yet_reached,2028-03-21,,,target_not_yet_reached,2029-03-21,,,target_not_yet_reached,2030-03-21,,,target_not_yet_reached,2031-03-21,,,target_not_yet_reached,2032-03-21,,,target_not_yet_reached,2033-03-21,,,target_not_yet_reached,ok
2023,2023-03-21,,Youssoufa Moukoko,Borussia Dortmund,https://www.goal.com/en/lists/nxgn-2023-50-best-wonderkids-football/blta8167eeb11aa5cdf,467720,Youssoufa Moukoko,2004-11-20,https://www.transfermarkt.us/youssoufa-moukoko/profil/spieler/467720,1.08,automatic,matched,18,18.33,30000000,2022-11-09,observed_to_date,2023-03-21,30000000,2022-11-09,last_known_before_target,2024-03-21,30000000,2023-12-14,last_known_before_target,2025-03-21,18000000,2024-12-10,last_known_before_target,2026-03-21,7000000,2025-12-15,last_known_before_target,2027-03-21,,,target_not_yet_reached,2028-03-21,,,target_not_yet_reached,2029-03-21,,,target_not_yet_reached,2030-03-21,,,target_not_yet_reached,2031-03-21,,,target_not_yet_reached,2032-03-21,,,target_not_yet_reached,2033-03-21,,,target_not_yet_reached,ok
2024,2024-03-19,50,Jobe Bellingham,Sunderland,https://www.goal.com/en-qa/lists/nxgn-2024-best-wonderkids-football/bltc65fc7aa012056f4,796297,Jobe Bellingham,2005-09-23,https://www.transfermarkt.us/jobe-bellingham/profil/spieler/796297,1.08,automatic,matched,18,18.486,40000000,2026-05-27,observed_to_date,2024-03-19,9000000,2023-12-21,last_known_before_target,2025-03-19,18000000,2024-12-30,last_known_before_target,2026-03-19,25000000,2025-12-19,last_known_before_target,2027-03-19,,,target_not_yet_reached,2028-03-19,,,target_not_yet_reached,2029-03-19,,,target_not_yet_reached,2030-03-19,,,target_not_yet_reached,2031-03-19,,,target_not_yet_reached,2032-03-19,,,target_not_yet_reached,2033-03-19,,,target_not_yet_reached,2034-03-19,,,target_not_yet_reached,ok
2024,2024-03-19,49,Nestory Irankunda,Adelaide United,https://www.goal.com/en-qa/lists/nxgn-2024-best-wonderkids-football/bltc65fc7aa012056f4,956920,Nestory Irankunda,2006-02-09,https://www.transfermarkt.us/nestory-irankunda/profil/spieler/956920,1.08,automatic,matched,18,18.106,10000000,2026-07-22,observed_to_date,2024-03-19,650000,2024-01-08,last_known_before_target,2025-03-19,3000000,2024-12-30,last_known_before_target,2026-03-19,6000000,2025-12-03,last_known_before_target,2027-03-19,,,target_not_yet_reached,2028-03-19,,,target_not_yet_reached,2029-03-19,,,target_not_yet_reached,2030-03-19,,,target_not_yet_reached,2031-03-19,,,target_not_yet_reached,2032-03-19,,,target_not_yet_reached,2033-03-19,,,target_not_yet_reached,2034-03-19,,,target_not_yet_reached,ok
2024,2024-03-19,48,Benjamin Cremaschi,Inter Miami,https://www.goal.com/en-qa/lists/nxgn-2024-best-wonderkids-football/bltc65fc7aa012056f4,999127,Benja Cremaschi,2005-03-02,https://www.transfermarkt.us/benja-cremaschi/profil/spieler/999127,0.949,automatic,matched,19,19.048,5000000,2025-04-17,observed_to_date,2024-03-19,3500000,2023-12-18,last_known_before_target,2025-03-19,4000000,2024-12-12,last_known_before_target,2026-03-19,4500000,2025-12-23,last_known_before_target,2027-03-19,,,target_not_yet_reached,2028-03-19,,,target_not_yet_reached,2029-03-19,,,target_not_yet_reached,2030-03-19,,,target_not_yet_reached,2031-03-19,,,target_not_yet_reached,2032-03-19,,,target_not_yet_reached,2033-03-19,,,target_not_yet_reached,2034-03-19,,,target_not_yet_reached,ok
2024,2024-03-19,47,Sverre Nypan,Rosenborg,https://www.goal.com/en-qa/lists/nxgn-2024-best-wonderkids-football/bltc65fc7aa012056f4,911736,Sverre Nypan,2006-12-19,https://www.transfermarkt.us/sverre-nypan/profil/spieler/911736,1.08,automatic,matched,17,17.249,15000000,2025-06-18,observed_to_date,2024-03-19,7000000,2023-12-15,last_known_before_target,2025-03-19,12000000,2024-12-12,last_known_before_target,2026-03-19,15000000,2025-12-03,last_known_before_target,2027-03-19,,,target_not_yet_reached,2028-03-19,,,target_not_yet_reached,2029-03-19,,,target_not_yet_reached,2030-03-19,,,target_not_yet_reached,2031-03-19,,,target_not_yet_reached,2032-03-19,,,target_not_yet_reached,2033-03-19,,,target_not_yet_reached,2034-03-19,,,target_not_yet_reached,ok
2024,2024-03-19,46,Agustin Ruberto,River Plate,https://www.goal.com/en-qa/lists/nxgn-2024-best-wonderkids-football/bltc65fc7aa012056f4,1000688,Agustín Ruberto,2006-01-14,https://www.transfermarkt.us/agustin-ruberto/profil/spieler/1000688,1.08,automatic,matched,18,18.177,3000000,2024-03-11,observed_to_date,2024-03-19,3000000,2024-03-11,last_known_before_target,2025-03-19,3000000,2024-12-13,last_known_before_target,2026-03-19,2000000,2025-12-17,last_known_before_target,2027-03-19,,,target_not_yet_reached,2028-03-19,,,target_not_yet_reached,2029-03-19,,,target_not_yet_reached,2030-03-19,,,target_not_yet_reached,2031-03-19,,,target_not_yet_reached,2032-03-19,,,target_not_yet_reached,2033-03-19,,,target_not_yet_reached,2034-03-19,,,target_not_yet_reached,ok
2024,2024-03-19,45,Julian Rijkhoff,Ajax,https://www.goal.com/en-qa/lists/nxgn-2024-best-wonderkids-football/bltc65fc7aa012056f4,720799,Julian Rijkhoff,2005-01-25,https://www.transfermarkt.us/julian-rijkhoff/profil/spieler/720799,1.08,automatic,matched,19,19.146,1500000,2024-05-31,observed_to_date,2024-03-19,1000000,2024-02-12,last_known_before_target,2025-03-19,800000,2025-03-14,last_known_before_target,2026-03-19,750000,2026-03-18,last_known_before_target,2027-03-19,,,target_not_yet_reached,2028-03-19,,,target_not_yet_reached,2029-03-19,,,target_not_yet_reached,2030-03-19,,,target_not_yet_reached,2031-03-19,,,target_not_yet_reached,2032-03-19,,,target_not_yet_reached,2033-03-19,,,target_not_yet_reached,2034-03-19,,,target_not_yet_reached,ok
2024,2024-03-19,44,Assane Diao,Real Betis,https://www.goal.com/en-qa/lists/nxgn-2024-best-wonderkids-football/bltc65fc7aa012056f4,1061282,Assane Diao,2005-09-07,https://www.transfermarkt.us/assane-diao/profil/spieler/1061282,1.08,automatic,matched,18,18.53,30000000,2025-06-17,observed_to_date,2024-03-19,15000000,2023-12-22,last_known_before_target,2025-03-19,9000000,2024-12-27,last_known_before_target,2026-03-19,30000000,2025-12-23,last_known_before_target,2027-03-19,,,target_not_yet_reached,2028-03-19,,,target_not_yet_reached,2029-03-19,,,target_not_yet_reached,2030-03-19,,,target_not_yet_reached,2031-03-19,,,target_not_yet_reached,2032-03-19,,,target_not_yet_reached,2033-03-19,,,target_not_yet_reached,2034-03-19,,,target_not_yet_reached,ok
2024,2024-03-19,43,Archie Gray,Leeds United,https://www.goal.com/en-qa/lists/nxgn-2024-best-wonderkids-football/bltc65fc7aa012056f4,922693,Archie Gray,2006-03-12,https://www.transfermarkt.us/archie-gray/profil/spieler/922693,1.08,automatic,matched,18,18.021,38000000,2025-05-30,observed_to_date,2024-03-19,16000000,2024-03-07,last_known_before_target,2025-03-19,35000000,2025-03-18,last_known_before_target,2026-03-19,35000000,2025-12-09,last_known_before_target,2027-03-19,,,target_not_yet_reached,2028-03-19,,,target_not_yet_reached,2029-03-19,,,target_not_yet_reached,2030-03-19,,,target_not_yet_reached,2031-03-19,,,target_not_yet_reached,2032-03-19,,,target_not_yet_reached,2033-03-19,,,target_not_yet_reached,2034-03-19,,,target_not_yet_reached,ok
2024,2024-03-19,42,Julien Duranville,Borussia Dortmund,https://www.goal.com/en-qa/lists/nxgn-2024-best-wonderkids-football/bltc65fc7aa012056f4,819215,Julien Duranville,2006-05-05,https://www.transfermarkt.us/julien-duranville/profil/spieler/819215,1.08,automatic,matched,17,17.873,8500000,2023-06-22,observed_to_date,2024-03-19,8500000,2023-12-14,last_known_before_target,2025-03-19,8500000,2024-12-20,last_known_before_target,2026-03-19,7000000,2026-03-17,last_known_before_target,2027-03-19,,,target_not_yet_reached,2028-03-19,,,target_not_yet_reached,2029-03-19,,,target_not_yet_reached,2030-03-19,,,target_not_yet_reached,2031-03-19,,,target_not_yet_reached,2032-03-19,,,target_not_yet_reached,2033-03-19,,,target_not_yet_reached,2034-03-19,,,target_not_yet_reached,ok
2024,2024-03-19,41,Ethan Nwaneri,Arsenal,https://www.goal.com/en-qa/lists/nxgn-2024-best-wonderkids-football/bltc65fc7aa012056f4,890719,Ethan Nwaneri,2007-03-21,https://www.transfermarkt.us/ethan-nwaneri/profil/spieler/890719,1.08,automatic,matched,16,16.997,55000000,2025-03-18,observed_to_date,2024-03-19,8000000,2024-03-14,last_known_before_target,2025-03-19,55000000,2025-03-18,last_known_before_target,2026-03-19,40000000,2025-12-09,last_known_before_target,2027-03-19,,,target_not_yet_reached,2028-03-19,,,target_not_yet_reached,2029-03-19,,,target_not_yet_reached,2030-03-19,,,target_not_yet_reached,2031-03-19,,,target_not_yet_reached,2032-03-19,,,target_not_yet_reached,2033-03-19,,,target_not_yet_reached,2034-03-19,,,target_not_yet_reached,ok
2024,2024-03-19,40,Paris Brunner,Borussia Dortmund,https://www.goal.com/en-qa/lists/nxgn-2024-best-wonderkids-football/bltc65fc7aa012056f4,918414,Paris Brunner,2006-02-15,https://www.transfermarkt.us/paris-brunner/profil/spieler/918414,1.08,automatic,matched,18,18.089,1500000,2024-10-02,observed_to_date,2024-03-19,,,no_prior_valuation,2025-03-19,1500000,2024-12-11,last_known_before_target,2026-03-19,1500000,2025-12-15,last_known_before_target,2027-03-19,,,target_not_yet_reached,2028-03-19,,,target_not_yet_reached,2029-03-19,,,target_not_yet_reached,2030-03-19,,,target_not_yet_reached,2031-03-19,,,target_not_yet_reached,2032-03-19,,,target_not_yet_reached,2033-03-19,,,target_not_yet_reached,2034-03-19,,,target_not_yet_reached,ok
2024,2024-03-19,39,Ben Doak,Liverpool,https://www.goal.com/en-qa/lists/nxgn-2024-best-wonderkids-football/bltc65fc7aa012056f4,719673,Ben Gannon-Doak,2005-11-11,https://www.transfermarkt.us/ben-gannon-doak/profil/spieler/719673,0.776,automatic,matched,18,18.352,18000000,2025-10-17,observed_to_date,2024-03-19,10000000,2023-12-19,last_known_before_target,2025-03-19,10000000,2024-12-30,last_known_before_target,2026-03-19,16000000,2026-03-09,last_known_before_target,2027-03-19,,,target_not_yet_reached,2028-03-19,,,target_not_yet_reached,2029-03-19,,,target_not_yet_reached,2030-03-19,,,target_not_yet_reached,2031-03-19,,,target_not_yet_reached,2032-03-19,,,target_not_yet_reached,2033-03-19,,,target_not_yet_reached,2034-03-19,,,target_not_yet_reached,ok
2024,2024-03-19,38,Franco Mastantuono,River Plate,https://www.goal.com/en-qa/lists/nxgn-2024-best-wonderkids-football/bltc65fc7aa012056f4,1057316,Franco Mastantuono,2007-08-14,https://www.transfermarkt.us/franco-mastantuono/profil/spieler/1057316,1.08,automatic,matched,16,16.597,50000000,2025-10-02,observed_to_date,2024-03-19,4000000,2024-03-11,last_known_before_target,2025-03-19,15000000,2024-12-13,last_known_before_target,2026-03-19,45000000,2026-03-16,last_known_before_target,2027-03-19,,,target_not_yet_reached,2028-03-19,,,target_not_yet_reached,2029-03-19,,,target_not_yet_reached,2030-03-19,,,target_not_yet_reached,2031-03-19,,,target_not_yet_reached,2032-03-19,,,target_not_yet_reached,2033-03-19,,,target_not_yet_reached,2034-03-19,,,target_not_yet_reached,ok
2024,2024-03-19,37,Marc Guiu,Barcelona,https://www.goal.com/en-qa/lists/nxgn-2024-best-wonderkids-football/bltc65fc7aa012056f4,938158,Marc Guiu,2006-01-04,https://www.transfermarkt.us/marc-guiu/profil/spieler/938158,1.08,automatic,matched,18,18.204,12000000,2025-12-09,observed_to_date,2024-03-19,2500000,2023-12-20,last_known_before_target,2025-03-19,8000000,2024-12-16,last_known_before_target,2026-03-19,12000000,2025-12-09,last_known_before_target,2027-03-19,,,target_not_yet_reached,2028-03-19,,,target_not_yet_reached,2029-03-19,,,target_not_yet_reached,2030-03-19,,,target_not_yet_reached,2031-03-19,,,target_not_yet_reached,2032-03-19,,,target_not_yet_reached,2033-03-19,,,target_not_yet_reached,2034-03-19,,,target_not_yet_reached,ok
2024,2024-03-19,36,George Ilenikhena,Royal Antwerp,https://www.goal.com/en-qa/lists/nxgn-2024-best-wonderkids-football/bltc65fc7aa012056f4,1004834,George Ilenikhena,2006-08-16,https://www.transfermarkt.us/george-ilenikhena/profil/spieler/1004834,1.08,automatic,matched,17,17.591,15000000,2024-10-07,observed_to_date,2024-03-19,7000000,2023-12-19,last_known_before_target,2025-03-19,15000000,2024-12-10,last_known_before_target,2026-03-19,12000000,2025-12-15,last_known_before_target,2027-03-19,,,target_not_yet_reached,2028-03-19,,,target_not_yet_reached,2029-03-19,,,target_not_yet_reached,2030-03-19,,,target_not_yet_reached,2031-03-19,,,target_not_yet_reached,2032-03-19,,,target_not_yet_reached,2033-03-19,,,target_not_yet_reached,2034-03-19,,,target_not_yet_reached,ok
2024,2024-03-19,35,Paul Wanner,Bayern Munich - loan at Elversberg,https://www.goal.com/en-qa/lists/nxgn-2024-best-wonderkids-football/bltc65fc7aa012056f4,900909,Paul Wanner,2005-12-23,https://www.transfermarkt.us/paul-wanner/profil/spieler/900909,1.08,automatic,matched,18,18.237,22000000,2026-05-28,observed_to_date,2024-03-19,3500000,2023-12-15,last_known_before_target,2025-03-19,18000000,2024-12-20,last_known_before_target,2026-03-19,18000000,2026-03-11,last_known_before_target,2027-03-19,,,target_not_yet_reached,2028-03-19,,,target_not_yet_reached,2029-03-19,,,target_not_yet_reached,2030-03-19,,,target_not_yet_reached,2031-03-19,,,target_not_yet_reached,2032-03-19,,,target_not_yet_reached,2033-03-19,,,target_not_yet_reached,2034-03-19,,,target_not_yet_reached,ok
2024,2024-03-19,34,Isaac Babadi,PSV,https://www.goal.com/en-qa/lists/nxgn-2024-best-wonderkids-football/bltc65fc7aa012056f4,813437,Isaac Babadi,2005-04-06,https://www.transfermarkt.us/isaac-babadi/profil/spieler/813437,1.08,automatic,matched,18,18.952,6000000,2024-03-18,observed_to_date,2024-03-19,6000000,2024-03-18,last_known_before_target,2025-03-19,4000000,2024-12-17,last_known_before_target,2026-03-19,2000000,2026-03-13,last_known_before_target,2027-03-19,,,target_not_yet_reached,2028-03-19,,,target_not_yet_reached,2029-03-19,,,target_not_yet_reached,2030-03-19,,,target_not_yet_reached,2031-03-19,,,target_not_yet_reached,2032-03-19,,,target_not_yet_reached,2033-03-19,,,target_not_yet_reached,2034-03-19,,,target_not_yet_reached,ok
2024,2024-03-19,33,Eliesse Ben Seghir,Monaco,https://www.goal.com/en-qa/lists/nxgn-2024-best-wonderkids-football/bltc65fc7aa012056f4,810895,Eliesse Ben Seghir,2005-02-16,https://www.transfermarkt.us/eliesse-ben-seghir/profil/spieler/810895,1.08,automatic,matched,19,19.086,30000000,2024-12-10,observed_to_date,2024-03-19,18000000,2023-12-18,last_known_before_target,2025-03-19,30000000,2024-12-10,last_known_before_target,2026-03-19,24000000,2025-12-19,last_known_before_target,2027-03-19,,,target_not_yet_reached,2028-03-19,,,target_not_yet_reached,2029-03-19,,,target_not_yet_reached,2030-03-19,,,target_not_yet_reached,2031-03-19,,,target_not_yet_reached,2032-03-19,,,target_not_yet_reached,2033-03-19,,,target_not_yet_reached,2034-03-19,,,target_not_yet_reached,ok
2024,2024-03-19,32,Simone Pafundi,Udinese - loan at Lausanne,https://www.goal.com/en-qa/lists/nxgn-2024-best-wonderkids-football/bltc65fc7aa012056f4,876400,Simone Pafundi,2006-03-14,https://www.transfermarkt.us/simone-pafundi/profil/spieler/876400,1.08,automatic,matched,18,18.015,10000000,2024-03-28,observed_to_date,2024-03-19,8000000,2023-12-20,last_known_before_target,2025-03-19,6000000,2024-12-23,last_known_before_target,2026-03-19,5000000,2025-12-11,last_known_before_target,2027-03-19,,,target_not_yet_reached,2028-03-19,,,target_not_yet_reached,2029-03-19,,,target_not_yet_reached,2030-03-19,,,target_not_yet_reached,2031-03-19,,,target_not_yet_reached,2032-03-19,,,target_not_yet_reached,2033-03-19,,,target_not_yet_reached,2034-03-19,,,target_not_yet_reached,ok
2024,2024-03-19,31,Jack Hinshelwood,Brighton,https://www.goal.com/en-qa/lists/nxgn-2024-best-wonderkids-football/bltc65fc7aa012056f4,867688,Jack Hinshelwood,2005-04-11,https://www.transfermarkt.us/jack-hinshelwood/profil/spieler/867688,1.08,automatic,matched,18,18.938,28000000,2026-06-03,observed_to_date,2024-03-19,16000000,2024-03-14,last_known_before_target,2025-03-19,24000000,2024-12-16,last_known_before_target,2026-03-19,22000000,2025-12-09,last_known_before_target,2027-03-19,,,target_not_yet_reached,2028-03-19,,,target_not_yet_reached,2029-03-19,,,target_not_yet_reached,2030-03-19,,,target_not_yet_reached,2031-03-19,,,target_not_yet_reached,2032-03-19,,,target_not_yet_reached,2033-03-19,,,target_not_yet_reached,2034-03-19,,,target_not_yet_reached,ok
2024,2024-03-19,30,Eli Junior Kroupi,Lorient,https://www.goal.com/en-qa/lists/nxgn-2024-best-wonderkids-football/bltc65fc7aa012056f4,955357,Junior Kroupi,2006-06-23,https://www.transfermarkt.us/player/profil/spieler/955357,1.08,manual_override,matched,17,17.739,70000000,2026-06-03,observed_to_date,2024-03-19,15000000,2023-12-18,last_known_before_target,2025-03-19,12000000,2025-03-12,last_known_before_target,2026-03-19,40000000,2026-03-09,last_known_before_target,2027-03-19,,,target_not_yet_reached,2028-03-19,,,target_not_yet_reached,2029-03-19,,,target_not_yet_reached,2030-03-19,,,target_not_yet_reached,2031-03-19,,,target_not_yet_reached,2032-03-19,,,target_not_yet_reached,2033-03-19,,,target_not_yet_reached,2034-03-19,,,target_not_yet_reached,ok
2024,2024-03-19,29,Dean Huijsen,Juventus - loan at Roma,https://www.goal.com/en-qa/lists/nxgn-2024-best-wonderkids-football/bltc65fc7aa012056f4,890290,Dean Huijsen,2005-04-14,https://www.transfermarkt.us/dean-huijsen/profil/spieler/890290,1.08,automatic,matched,18,18.93,70000000,2025-10-02,observed_to_date,2024-03-19,10000000,2024-03-12,last_known_before_target,2025-03-19,42000000,2025-03-18,last_known_before_target,2026-03-19,65000000,2026-03-16,last_known_before_target,2027-03-19,,,target_not_yet_reached,2028-03-19,,,target_not_yet_reached,2029-03-19,,,target_not_yet_reached,2030-03-19,,,target_not_yet_reached,2031-03-19,,,target_not_yet_reached,2032-03-19,,,target_not_yet_reached,2033-03-19,,,target_not_yet_reached,2034-03-19,,,target_not_yet_reached,ok
2024,2024-03-19,28,Francesco Camarda,AC Milan,https://www.goal.com/en-qa/lists/nxgn-2024-best-wonderkids-football/bltc65fc7aa012056f4,1058368,Francesco Camarda,2008-03-10,https://www.transfermarkt.us/francesco-camarda/profil/spieler/1058368,1.08,automatic,matched,16,16.025,15000000,2025-12-23,observed_to_date,2024-03-19,10000000,2024-03-12,last_known_before_target,2025-03-19,10000000,2024-12-19,last_known_before_target,2026-03-19,15000000,2025-12-23,last_known_before_target,2027-03-19,,,target_not_yet_reached,2028-03-19,,,target_not_yet_reached,2029-03-19,,,target_not_yet_reached,2030-03-19,,,target_not_yet_reached,2031-03-19,,,target_not_yet_reached,2032-03-19,,,target_not_yet_reached,2033-03-19,,,target_not_yet_reached,2034-03-19,,,target_not_yet_reached,ok
2024,2024-03-19,27,Gianluca Prestianni,Benfica,https://www.goal.com/en-qa/lists/nxgn-2024-best-wonderkids-football/bltc65fc7aa012056f4,1000674,Gianluca Prestianni,2006-01-31,https://www.transfermarkt.us/gianluca-prestianni/profil/spieler/1000674,1.08,automatic,matched,18,18.13,20000000,2026-05-28,observed_to_date,2024-03-19,10000000,2023-12-19,last_known_before_target,2025-03-19,10000000,2024-12-19,last_known_before_target,2026-03-19,12000000,2025-12-18,last_known_before_target,2027-03-19,,,target_not_yet_reached,2028-03-19,,,target_not_yet_reached,2029-03-19,,,target_not_yet_reached,2030-03-19,,,target_not_yet_reached,2031-03-19,,,target_not_yet_reached,2032-03-19,,,target_not_yet_reached,2033-03-19,,,target_not_yet_reached,2034-03-19,,,target_not_yet_reached,ok
2024,2024-03-19,26,Valentin Carboni,Inter - loan at Monza,https://www.goal.com/en-qa/lists/nxgn-2024-best-wonderkids-football/bltc65fc7aa012056f4,787618,Valentín Carboni,2005-03-05,https://www.transfermarkt.us/valentin-carboni/profil/spieler/787618,1.08,automatic,matched,19,19.039,15000000,2024-03-12,observed_to_date,2024-03-19,15000000,2024-03-12,last_known_before_target,2025-03-19,12000000,2024-12-10,last_known_before_target,2026-03-19,8500000,2026-03-18,last_known_before_target,2027-03-19,,,target_not_yet_reached,2028-03-19,,,target_not_yet_reached,2029-03-19,,,target_not_yet_reached,2030-03-19,,,target_not_yet_reached,2031-03-19,,,target_not_yet_reached,2032-03-19,,,target_not_yet_reached,2033-03-19,,,target_not_yet_reached,2034-03-19,,,target_not_yet_reached,ok
2024,2024-03-19,25,Amara Diouf,Generation Foot,https://www.goal.com/en-qa/lists/nxgn-2024-best-wonderkids-football/bltc65fc7aa012056f4,1133736,Amara Diouf,2008-06-07,https://www.transfermarkt.us/amara-diouf/profil/spieler/1133736,1.08,automatic,matched,15,15.781,800000,2026-07-01,observed_to_date,2024-03-19,,,no_prior_valuation,2025-03-19,,,no_prior_valuation,2026-03-19,,,no_prior_valuation,2027-03-19,,,target_not_yet_reached,2028-03-19,,,target_not_yet_reached,2029-03-19,,,target_not_yet_reached,2030-03-19,,,target_not_yet_reached,2031-03-19,,,target_not_yet_reached,2032-03-19,,,target_not_yet_reached,2033-03-19,,,target_not_yet_reached,2034-03-19,,,target_not_yet_reached,ok
2024,2024-03-19,24,Assan Ouedraogo,Schalke,https://www.goal.com/en-qa/lists/nxgn-2024-best-wonderkids-football/bltc65fc7aa012056f4,897424,Assan Ouédraogo,2006-05-09,https://www.transfermarkt.us/assan-ouedraogo/profil/spieler/897424,1.08,automatic,matched,17,17.862,28000000,2025-12-19,observed_to_date,2024-03-19,8000000,2023-12-15,last_known_before_target,2025-03-19,10000000,2024-12-20,last_known_before_target,2026-03-19,28000000,2025-12-19,last_known_before_target,2027-03-19,,,target_not_yet_reached,2028-03-19,,,target_not_yet_reached,2029-03-19,,,target_not_yet_reached,2030-03-19,,,target_not_yet_reached,2031-03-19,,,target_not_yet_reached,2032-03-19,,,target_not_yet_reached,2033-03-19,,,target_not_yet_reached,2034-03-19,,,target_not_yet_reached,ok
2024,2024-03-19,23,Lucas Bergvall,Djurgarden,https://www.goal.com/en-qa/lists/nxgn-2024-best-wonderkids-football/bltc65fc7aa012056f4,866246,Lucas Bergvall,2006-02-02,https://www.transfermarkt.us/lucas-bergvall/profil/spieler/866246,1.08,automatic,matched,18,18.125,40000000,2025-10-17,observed_to_date,2024-03-19,5000000,2023-12-08,last_known_before_target,2025-03-19,25000000,2025-03-18,last_known_before_target,2026-03-19,40000000,2025-12-09,last_known_before_target,2027-03-19,,,target_not_yet_reached,2028-03-19,,,target_not_yet_reached,2029-03-19,,,target_not_yet_reached,2030-03-19,,,target_not_yet_reached,2031-03-19,,,target_not_yet_reached,2032-03-19,,,target_not_yet_reached,2033-03-19,,,target_not_yet_reached,2034-03-19,,,target_not_yet_reached,ok
2024,2024-03-19,22,Desire Doue,Rennes,https://www.goal.com/en-qa/lists/nxgn-2024-best-wonderkids-football/bltc65fc7aa012056f4,914562,Désiré Doué,2005-06-03,https://www.transfermarkt.us/desire-doue/profil/spieler/914562,1.08,automatic,matched,18,18.793,120000000,2026-06-01,observed_to_date,2024-03-19,15000000,2023-12-18,last_known_before_target,2025-03-19,40000000,2024-12-10,last_known_before_target,2026-03-19,90000000,2025-12-15,last_known_before_target,2027-03-19,,,target_not_yet_reached,2028-03-19,,,target_not_yet_reached,2029-03-19,,,target_not_yet_reached,2030-03-19,,,target_not_yet_reached,2031-03-19,,,target_not_yet_reached,2032-03-19,,,target_not_yet_reached,2033-03-19,,,target_not_yet_reached,2034-03-19,,,target_not_yet_reached,ok
2024,2024-03-19,21,Estevao Willian,Palmeiras,https://www.goal.com/en-qa/lists/nxgn-2024-best-wonderkids-football/bltc65fc7aa012056f4,1056993,Estêvão,2007-04-24,https://www.transfermarkt.us/player/profil/spieler/1056993,1.08,manual_override,matched,16,16.904,80000000,2025-12-09,observed_to_date,2024-03-19,10000000,2023-12-11,last_known_before_target,2025-03-19,50000000,2024-12-09,last_known_before_target,2026-03-19,80000000,2025-12-09,last_known_before_target,2027-03-19,,,target_not_yet_reached,2028-03-19,,,target_not_yet_reached,2029-03-19,,,target_not_yet_reached,2030-03-19,,,target_not_yet_reached,2031-03-19,,,target_not_yet_reached,2032-03-19,,,target_not_yet_reached,2033-03-19,,,target_not_yet_reached,2034-03-19,,,target_not_yet_reached,ok
2024,2024-03-19,20,Luis Guilherme,Palmeiras,https://www.goal.com/en-qa/lists/nxgn-2024-best-wonderkids-football/bltc65fc7aa012056f4,991800,Luís Guilherme,2006-02-09,https://www.transfermarkt.us/luis-guilherme/profil/spieler/991800,1.08,automatic,matched,18,18.106,24000000,2024-06-17,observed_to_date,2024-03-19,17000000,2023-12-11,last_known_before_target,2025-03-19,18000000,2025-03-18,last_known_before_target,2026-03-19,10000000,2025-12-09,last_known_before_target,2027-03-19,,,target_not_yet_reached,2028-03-19,,,target_not_yet_reached,2029-03-19,,,target_not_yet_reached,2030-03-19,,,target_not_yet_reached,2031-03-19,,,target_not_yet_reached,2032-03-19,,,target_not_yet_reached,2033-03-19,,,target_not_yet_reached,2034-03-19,,,target_not_yet_reached,ok
2024,2024-03-19,19,Lewis Miley,Newcastle,https://www.goal.com/en-qa/lists/nxgn-2024-best-wonderkids-football/bltc65fc7aa012056f4,922769,Lewis Miley,2006-05-01,https://www.transfermarkt.us/lewis-miley/profil/spieler/922769,1.08,automatic,matched,17,17.884,25000000,2026-03-09,observed_to_date,2024-03-19,22000000,2024-03-14,last_known_before_target,2025-03-19,22000000,2024-12-16,last_known_before_target,2026-03-19,25000000,2026-03-09,last_known_before_target,2027-03-19,,,target_not_yet_reached,2028-03-19,,,target_not_yet_reached,2029-03-19,,,target_not_yet_reached,2030-03-19,,,target_not_yet_reached,2031-03-19,,,target_not_yet_reached,2032-03-19,,,target_not_yet_reached,2033-03-19,,,target_not_yet_reached,2034-03-19,,,target_not_yet_reached,ok
2024,2024-03-19,18,Arthur Vermeeren,Atletico Madrid,https://www.goal.com/en-qa/lists/nxgn-2024-best-wonderkids-football/bltc65fc7aa012056f4,926694,Arthur Vermeeren,2005-02-07,https://www.transfermarkt.us/arthur-vermeeren/profil/spieler/926694,1.08,automatic,matched,19,19.111,30000000,2023-12-19,observed_to_date,2024-03-19,30000000,2023-12-19,last_known_before_target,2025-03-19,25000000,2024-12-20,last_known_before_target,2026-03-19,28000000,2025-12-15,last_known_before_target,2027-03-19,,,target_not_yet_reached,2028-03-19,,,target_not_yet_reached,2029-03-19,,,target_not_yet_reached,2030-03-19,,,target_not_yet_reached,2031-03-19,,,target_not_yet_reached,2032-03-19,,,target_not_yet_reached,2033-03-19,,,target_not_yet_reached,2034-03-19,,,target_not_yet_reached,ok
2024,2024-03-19,17,Pau Cubarsi,Barcelona,https://www.goal.com/en-qa/lists/nxgn-2024-best-wonderkids-football/bltc65fc7aa012056f4,962110,Pau Cubarsí,2007-01-22,https://www.transfermarkt.us/pau-cubarsi/profil/spieler/962110,1.08,automatic,matched,17,17.156,100000000,2026-07-22,observed_to_date,2024-03-19,1500000,2023-12-20,last_known_before_target,2025-03-19,70000000,2024-12-27,last_known_before_target,2026-03-19,80000000,2025-12-12,last_known_before_target,2027-03-19,,,target_not_yet_reached,2028-03-19,,,target_not_yet_reached,2029-03-19,,,target_not_yet_reached,2030-03-19,,,target_not_yet_reached,2031-03-19,,,target_not_yet_reached,2032-03-19,,,target_not_yet_reached,2033-03-19,,,target_not_yet_reached,2034-03-19,,,target_not_yet_reached,ok
2024,2024-03-19,16,Gabriel Moscardo,Paris Saint-Germain - loan at Corinthians,https://www.goal.com/en-qa/lists/nxgn-2024-best-wonderkids-football/bltc65fc7aa012056f4,1086636,Gabriel Moscardo,2005-09-28,https://www.transfermarkt.us/gabriel-moscardo/profil/spieler/1086636,1.08,automatic,matched,18,18.473,15000000,2023-12-11,observed_to_date,2024-03-19,15000000,2023-12-11,last_known_before_target,2025-03-19,12000000,2024-12-10,last_known_before_target,2026-03-19,7000000,2025-12-18,last_known_before_target,2027-03-19,,,target_not_yet_reached,2028-03-19,,,target_not_yet_reached,2029-03-19,,,target_not_yet_reached,2030-03-19,,,target_not_yet_reached,2031-03-19,,,target_not_yet_reached,2032-03-19,,,target_not_yet_reached,2033-03-19,,,target_not_yet_reached,2034-03-19,,,target_not_yet_reached,ok
2024,2024-03-19,15,Guillaume Restes,Toulouse,https://www.goal.com/en-qa/lists/nxgn-2024-best-wonderkids-football/bltc65fc7aa012056f4,912902,Guillaume Restes,2005-03-11,https://www.transfermarkt.us/guillaume-restes/profil/spieler/912902,1.08,automatic,matched,19,19.023,20000000,2025-03-24,observed_to_date,2024-03-19,10000000,2023-12-18,last_known_before_target,2025-03-19,18000000,2024-12-10,last_known_before_target,2026-03-19,20000000,2025-12-15,last_known_before_target,2027-03-19,,,target_not_yet_reached,2028-03-19,,,target_not_yet_reached,2029-03-19,,,target_not_yet_reached,2030-03-19,,,target_not_yet_reached,2031-03-19,,,target_not_yet_reached,2032-03-19,,,target_not_yet_reached,2033-03-19,,,target_not_yet_reached,2034-03-19,,,target_not_yet_reached,ok
2024,2024-03-19,14,Kendry Paez,Independiente del Valle,https://www.goal.com/en-qa/lists/nxgn-2024-best-wonderkids-football/bltc65fc7aa012056f4,1052439,Kendry Páez,2007-05-04,https://www.transfermarkt.us/kendry-paez/profil/spieler/1052439,1.08,automatic,matched,16,16.876,12000000,2024-06-06,observed_to_date,2024-03-19,10000000,2023-12-05,last_known_before_target,2025-03-19,12000000,2024-12-16,last_known_before_target,2026-03-19,9000000,2026-03-18,last_known_before_target,2027-03-19,,,target_not_yet_reached,2028-03-19,,,target_not_yet_reached,2029-03-19,,,target_not_yet_reached,2030-03-19,,,target_not_yet_reached,2031-03-19,,,target_not_yet_reached,2032-03-19,,,target_not_yet_reached,2033-03-19,,,target_not_yet_reached,2034-03-19,,,target_not_yet_reached,ok
2024,2024-03-19,13,Roony Bardghji,FC Copenhagen,https://www.goal.com/en-qa/lists/nxgn-2024-best-wonderkids-football/bltc65fc7aa012056f4,792331,Roony Bardghji,2005-11-15,https://www.transfermarkt.us/roony-bardghji/profil/spieler/792331,1.08,automatic,matched,18,18.341,15000000,2026-03-16,observed_to_date,2024-03-19,9000000,2023-12-21,last_known_before_target,2025-03-19,9000000,2024-12-09,last_known_before_target,2026-03-19,15000000,2026-03-16,last_known_before_target,2027-03-19,,,target_not_yet_reached,2028-03-19,,,target_not_yet_reached,2029-03-19,,,target_not_yet_reached,2030-03-19,,,target_not_yet_reached,2031-03-19,,,target_not_yet_reached,2032-03-19,,,target_not_yet_reached,2033-03-19,,,target_not_yet_reached,2034-03-19,,,target_not_yet_reached,ok
2024,2024-03-19,12,Jorrel Hato,Ajax,https://www.goal.com/en-qa/lists/nxgn-2024-best-wonderkids-football/bltc65fc7aa012056f4,904802,Jorrel Hato,2006-03-07,https://www.transfermarkt.us/jorrel-hato/profil/spieler/904802,1.08,automatic,matched,18,18.035,40000000,2025-10-17,observed_to_date,2024-03-19,22000000,2023-12-15,last_known_before_target,2025-03-19,30000000,2024-12-17,last_known_before_target,2026-03-19,35000000,2025-12-09,last_known_before_target,2027-03-19,,,target_not_yet_reached,2028-03-19,,,target_not_yet_reached,2029-03-19,,,target_not_yet_reached,2030-03-19,,,target_not_yet_reached,2031-03-19,,,target_not_yet_reached,2032-03-19,,,target_not_yet_reached,2033-03-19,,,target_not_yet_reached,2034-03-19,,,target_not_yet_reached,ok
2024,2024-03-19,11,Antonio Nusa,Club Brugge,https://www.goal.com/en-qa/lists/nxgn-2024-best-wonderkids-football/bltc65fc7aa012056f4,894914,Antonio Nusa,2005-04-17,https://www.transfermarkt.us/antonio-nusa/profil/spieler/894914,1.08,automatic,matched,18,18.922,32000000,2025-12-19,observed_to_date,2024-03-19,17000000,2023-12-19,last_known_before_target,2025-03-19,28000000,2024-12-20,last_known_before_target,2026-03-19,32000000,2025-12-19,last_known_before_target,2027-03-19,,,target_not_yet_reached,2028-03-19,,,target_not_yet_reached,2029-03-19,,,target_not_yet_reached,2030-03-19,,,target_not_yet_reached,2031-03-19,,,target_not_yet_reached,2032-03-19,,,target_not_yet_reached,2033-03-19,,,target_not_yet_reached,2034-03-19,,,target_not_yet_reached,ok
2024,2024-03-19,10,Leny Yoro,Lille,https://www.goal.com/en-qa/lists/nxgn-2024-best-wonderkids-football/bltc65fc7aa012056f4,923831,Leny Yoro,2005-11-13,https://www.transfermarkt.us/leny-yoro/profil/spieler/923831,1.08,automatic,matched,18,18.347,55000000,2024-10-01,observed_to_date,2024-03-19,25000000,2023-12-18,last_known_before_target,2025-03-19,55000000,2024-12-16,last_known_before_target,2026-03-19,50000000,2026-03-09,last_known_before_target,2027-03-19,,,target_not_yet_reached,2028-03-19,,,target_not_yet_reached,2029-03-19,,,target_not_yet_reached,2030-03-19,,,target_not_yet_reached,2031-03-19,,,target_not_yet_reached,2032-03-19,,,target_not_yet_reached,2033-03-19,,,target_not_yet_reached,2034-03-19,,,target_not_yet_reached,ok
2024,2024-03-19,9,Claudio Echeverri,Manchester City - loan at River Plate,https://www.goal.com/en-qa/lists/nxgn-2024-best-wonderkids-football/bltc65fc7aa012056f4,994536,Claudio Echeverri,2006-01-02,https://www.transfermarkt.us/claudio-echeverri/profil/spieler/994536,1.08,automatic,matched,18,18.21,18000000,2024-06-12,observed_to_date,2024-03-19,15000000,2024-03-11,last_known_before_target,2025-03-19,18000000,2024-12-13,last_known_before_target,2026-03-19,15000000,2025-12-19,last_known_before_target,2027-03-19,,,target_not_yet_reached,2028-03-19,,,target_not_yet_reached,2029-03-19,,,target_not_yet_reached,2030-03-19,,,target_not_yet_reached,2031-03-19,,,target_not_yet_reached,2032-03-19,,,target_not_yet_reached,2033-03-19,,,target_not_yet_reached,2034-03-19,,,target_not_yet_reached,ok
2024,2024-03-19,8,Kenan Yildiz,Juventus,https://www.goal.com/en-qa/lists/nxgn-2024-best-wonderkids-football/bltc65fc7aa012056f4,845654,Kenan Yıldız,2005-05-04,https://www.transfermarkt.us/player/profil/spieler/845654,1.08,manual_override,matched,18,18.875,75000000,2025-10-07,observed_to_date,2024-03-19,30000000,2024-03-12,last_known_before_target,2025-03-19,45000000,2024-12-18,last_known_before_target,2026-03-19,75000000,2025-12-23,last_known_before_target,2027-03-19,,,target_not_yet_reached,2028-03-19,,,target_not_yet_reached,2029-03-19,,,target_not_yet_reached,2030-03-19,,,target_not_yet_reached,2031-03-19,,,target_not_yet_reached,2032-03-19,,,target_not_yet_reached,2033-03-19,,,target_not_yet_reached,2034-03-19,,,target_not_yet_reached,ok
2024,2024-03-19,7,Kobbie Mainoo,Manchester United,https://www.goal.com/en-qa/lists/nxgn-2024-best-wonderkids-football/bltc65fc7aa012056f4,820374,Kobbie Mainoo,2005-04-19,https://www.transfermarkt.us/kobbie-mainoo/profil/spieler/820374,1.08,automatic,matched,18,18.916,70000000,2026-06-03,observed_to_date,2024-03-19,35000000,2024-03-14,last_known_before_target,2025-03-19,55000000,2024-12-16,last_known_before_target,2026-03-19,50000000,2026-03-09,last_known_before_target,2027-03-19,,,target_not_yet_reached,2028-03-19,,,target_not_yet_reached,2029-03-19,,,target_not_yet_reached,2030-03-19,,,target_not_yet_reached,2031-03-19,,,target_not_yet_reached,2032-03-19,,,target_not_yet_reached,2033-03-19,,,target_not_yet_reached,2034-03-19,,,target_not_yet_reached,ok
2024,2024-03-19,6,Vitor Roque,Barcelona,https://www.goal.com/en-qa/lists/nxgn-2024-best-wonderkids-football/bltc65fc7aa012056f4,943837,Vitor Roque,2005-02-28,https://www.transfermarkt.us/vitor-roque/profil/spieler/943837,1.08,automatic,matched,19,19.053,40000000,2023-12-11,observed_to_date,2024-03-19,40000000,2023-12-11,last_known_before_target,2025-03-19,20000000,2024-12-27,last_known_before_target,2026-03-19,38000000,2026-03-12,last_known_before_target,2027-03-19,,,target_not_yet_reached,2028-03-19,,,target_not_yet_reached,2029-03-19,,,target_not_yet_reached,2030-03-19,,,target_not_yet_reached,2031-03-19,,,target_not_yet_reached,2032-03-19,,,target_not_yet_reached,2033-03-19,,,target_not_yet_reached,2034-03-19,,,target_not_yet_reached,ok
2024,2024-03-19,5,Arda Guler,Real Madrid,https://www.goal.com/en-qa/lists/nxgn-2024-best-wonderkids-football/bltc65fc7aa012056f4,861410,Arda Güler,2005-02-25,https://www.transfermarkt.us/arda-guler/profil/spieler/861410,1.08,automatic,matched,19,19.061,90000000,2025-12-12,observed_to_date,2024-03-19,15000000,2023-12-22,last_known_before_target,2025-03-19,45000000,2024-12-27,last_known_before_target,2026-03-19,90000000,2025-12-12,last_known_before_target,2027-03-19,,,target_not_yet_reached,2028-03-19,,,target_not_yet_reached,2029-03-19,,,target_not_yet_reached,2030-03-19,,,target_not_yet_reached,2031-03-19,,,target_not_yet_reached,2032-03-19,,,target_not_yet_reached,2033-03-19,,,target_not_yet_reached,2034-03-19,,,target_not_yet_reached,ok
2024,2024-03-19,4,Mathys Tel,Bayern Munich,https://www.goal.com/en-qa/lists/nxgn-2024-best-wonderkids-football/bltc65fc7aa012056f4,801734,Mathys Tel,2005-04-27,https://www.transfermarkt.us/mathys-tel/profil/spieler/801734,1.08,automatic,matched,18,18.894,50000000,2023-10-18,observed_to_date,2024-03-19,50000000,2023-12-14,last_known_before_target,2025-03-19,40000000,2025-03-18,last_known_before_target,2026-03-19,25000000,2026-03-09,last_known_before_target,2027-03-19,,,target_not_yet_reached,2028-03-19,,,target_not_yet_reached,2029-03-19,,,target_not_yet_reached,2030-03-19,,,target_not_yet_reached,2031-03-19,,,target_not_yet_reached,2032-03-19,,,target_not_yet_reached,2033-03-19,,,target_not_yet_reached,2034-03-19,,,target_not_yet_reached,ok
2024,2024-03-19,3,Warren Zaire-Emery,Paris Saint-Germain,https://www.goal.com/en-qa/lists/nxgn-2024-best-wonderkids-football/bltc65fc7aa012056f4,810092,Warren Zaïre-Emery,2006-03-08,https://www.transfermarkt.us/warren-zaire-emery/profil/spieler/810092,1.08,automatic,matched,18,18.032,80000000,2026-06-01,observed_to_date,2024-03-19,60000000,2023-12-18,last_known_before_target,2025-03-19,60000000,2024-12-10,last_known_before_target,2026-03-19,50000000,2025-12-15,last_known_before_target,2027-03-19,,,target_not_yet_reached,2028-03-19,,,target_not_yet_reached,2029-03-19,,,target_not_yet_reached,2030-03-19,,,target_not_yet_reached,2031-03-19,,,target_not_yet_reached,2032-03-19,,,target_not_yet_reached,2033-03-19,,,target_not_yet_reached,2034-03-19,,,target_not_yet_reached,ok
2024,2024-03-19,2,Endrick,Palmeiras,https://www.goal.com/en-qa/lists/nxgn-2024-best-wonderkids-football/bltc65fc7aa012056f4,971570,Endrick,2006-07-21,https://www.transfermarkt.us/endrick/profil/spieler/971570,1.08,automatic,matched,17,17.662,60000000,2024-06-17,observed_to_date,2024-03-19,45000000,2023-12-11,last_known_before_target,2025-03-19,40000000,2024-12-27,last_known_before_target,2026-03-19,25000000,2025-12-12,last_known_before_target,2027-03-19,,,target_not_yet_reached,2028-03-19,,,target_not_yet_reached,2029-03-19,,,target_not_yet_reached,2030-03-19,,,target_not_yet_reached,2031-03-19,,,target_not_yet_reached,2032-03-19,,,target_not_yet_reached,2033-03-19,,,target_not_yet_reached,2034-03-19,,,target_not_yet_reached,ok
2024,2024-03-19,1,Lamine Yamal,Barcelona,https://www.goal.com/en-qa/lists/nxgn-2024-best-wonderkids-football/bltc65fc7aa012056f4,937958,Lamine Yamal,2007-07-13,https://www.transfermarkt.us/lamine-yamal/profil/spieler/937958,1.08,automatic,matched,16,16.685,220000000,2026-07-22,observed_to_date,2024-03-19,60000000,2023-12-22,last_known_before_target,2025-03-19,180000000,2024-12-27,last_known_before_target,2026-03-19,200000000,2025-12-12,last_known_before_target,2027-03-19,,,target_not_yet_reached,2028-03-19,,,target_not_yet_reached,2029-03-19,,,target_not_yet_reached,2030-03-19,,,target_not_yet_reached,2031-03-19,,,target_not_yet_reached,2032-03-19,,,target_not_yet_reached,2033-03-19,,,target_not_yet_reached,2034-03-19,,,target_not_yet_reached,ok
2025,2025-03-18,50,Chido Obi,Manchester United,https://www.goal.com/en-us/lists/nxgn-2025-best-teenage-wonderkids-football/bltc276755d27cb5f8c,1042886,Chido Obi,2007-11-29,https://www.transfermarkt.us/chido-obi/profil/spieler/1042886,1.08,automatic,matched,17,17.301,5000000,2025-04-29,observed_to_date,2025-03-18,,,no_prior_valuation,2026-03-18,5000000,2025-12-09,last_known_before_target,2027-03-18,,,target_not_yet_reached,2028-03-18,,,target_not_yet_reached,2029-03-18,,,target_not_yet_reached,2030-03-18,,,target_not_yet_reached,2031-03-18,,,target_not_yet_reached,2032-03-18,,,target_not_yet_reached,2033-03-18,,,target_not_yet_reached,2034-03-18,,,target_not_yet_reached,2035-03-18,,,target_not_yet_reached,ok
2025,2025-03-18,49,Gilberto Mora,Club Tijuana,https://www.goal.com/en-us/lists/nxgn-2025-best-teenage-wonderkids-football/bltc276755d27cb5f8c,1155723,Gilberto Mora,2008-10-14,https://www.transfermarkt.us/gilberto-mora/profil/spieler/1155723,1.08,automatic,matched,16,16.425,25000000,2026-07-22,observed_to_date,2025-03-18,2000000,2024-12-11,last_known_before_target,2026-03-18,10000000,2025-12-29,last_known_before_target,2027-03-18,,,target_not_yet_reached,2028-03-18,,,target_not_yet_reached,2029-03-18,,,target_not_yet_reached,2030-03-18,,,target_not_yet_reached,2031-03-18,,,target_not_yet_reached,2032-03-18,,,target_not_yet_reached,2033-03-18,,,target_not_yet_reached,2034-03-18,,,target_not_yet_reached,2035-03-18,,,target_not_yet_reached,ok
2025,2025-03-18,48,Diego Kochen,Barcelona,https://www.goal.com/en-us/lists/nxgn-2025-best-teenage-wonderkids-football/bltc276755d27cb5f8c,938144,Diego Kochen,2006-03-19,https://www.transfermarkt.us/diego-kochen/profil/spieler/938144,1.08,automatic,matched,18,18.998,1500000,2026-06-08,observed_to_date,2025-03-18,300000,2024-12-18,last_known_before_target,2026-03-18,500000,2025-12-30,last_known_before_target,2027-03-18,,,target_not_yet_reached,2028-03-18,,,target_not_yet_reached,2029-03-18,,,target_not_yet_reached,2030-03-18,,,target_not_yet_reached,2031-03-18,,,target_not_yet_reached,2032-03-18,,,target_not_yet_reached,2033-03-18,,,target_not_yet_reached,2034-03-18,,,target_not_yet_reached,2035-03-18,,,target_not_yet_reached,ok
2025,2025-03-18,47,Amara Diouf,Generation Foot,https://www.goal.com/en-us/lists/nxgn-2025-best-teenage-wonderkids-football/bltc276755d27cb5f8c,1133736,Amara Diouf,2008-06-07,https://www.transfermarkt.us/amara-diouf/profil/spieler/1133736,1.08,automatic,matched,16,16.778,800000,2026-07-01,observed_to_date,2025-03-18,,,no_prior_valuation,2026-03-18,,,no_prior_valuation,2027-03-18,,,target_not_yet_reached,2028-03-18,,,target_not_yet_reached,2029-03-18,,,target_not_yet_reached,2030-03-18,,,target_not_yet_reached,2031-03-18,,,target_not_yet_reached,2032-03-18,,,target_not_yet_reached,2033-03-18,,,target_not_yet_reached,2034-03-18,,,target_not_yet_reached,2035-03-18,,,target_not_yet_reached,ok
2025,2025-03-18,46,Luis Guilherme,West Ham,https://www.goal.com/en-us/lists/nxgn-2025-best-teenage-wonderkids-football/bltc276755d27cb5f8c,991800,Luís Guilherme,2006-02-09,https://www.transfermarkt.us/luis-guilherme/profil/spieler/991800,1.08,automatic,matched,19,19.102,24000000,2024-06-17,observed_to_date,2025-03-18,22000000,2024-12-16,last_known_before_target,2026-03-18,10000000,2025-12-09,last_known_before_target,2027-03-18,,,target_not_yet_reached,2028-03-18,,,target_not_yet_reached,2029-03-18,,,target_not_yet_reached,2030-03-18,,,target_not_yet_reached,2031-03-18,,,target_not_yet_reached,2032-03-18,,,target_not_yet_reached,2033-03-18,,,target_not_yet_reached,2034-03-18,,,target_not_yet_reached,2035-03-18,,,target_not_yet_reached,ok
2025,2025-03-18,45,Andrija Maksimovic,Red Star Belgrade,https://www.goal.com/en-us/lists/nxgn-2025-best-teenage-wonderkids-football/bltc276755d27cb5f8c,952779,Andrija Maksimovic,2007-06-05,https://www.transfermarkt.us/andrija-maksimovic/profil/spieler/952779,1.08,automatic,matched,17,17.785,15000000,2025-06-12,observed_to_date,2025-03-18,10000000,2024-12-27,last_known_before_target,2026-03-18,15000000,2025-12-19,last_known_before_target,2027-03-18,,,target_not_yet_reached,2028-03-18,,,target_not_yet_reached,2029-03-18,,,target_not_yet_reached,2030-03-18,,,target_not_yet_reached,2031-03-18,,,target_not_yet_reached,2032-03-18,,,target_not_yet_reached,2033-03-18,,,target_not_yet_reached,2034-03-18,,,target_not_yet_reached,2035-03-18,,,target_not_yet_reached,ok
2025,2025-03-18,44,Senny Mayulu,Paris Saint-Germain,https://www.goal.com/en-us/lists/nxgn-2025-best-teenage-wonderkids-football/bltc276755d27cb5f8c,903693,Senny Mayulu,2006-05-17,https://www.transfermarkt.us/senny-mayulu/profil/spieler/903693,1.08,automatic,matched,18,18.837,40000000,2025-12-15,observed_to_date,2025-03-18,5000000,2024-12-10,last_known_before_target,2026-03-18,40000000,2025-12-15,last_known_before_target,2027-03-18,,,target_not_yet_reached,2028-03-18,,,target_not_yet_reached,2029-03-18,,,target_not_yet_reached,2030-03-18,,,target_not_yet_reached,2031-03-18,,,target_not_yet_reached,2032-03-18,,,target_not_yet_reached,2033-03-18,,,target_not_yet_reached,2034-03-18,,,target_not_yet_reached,2035-03-18,,,target_not_yet_reached,ok
2025,2025-03-18,43,Yang Min-hyeok,"Tottenham, loan at QPR",https://www.goal.com/en-us/lists/nxgn-2025-best-teenage-wonderkids-football/bltc276755d27cb5f8c,1004327,Min-hyeok Yang,2006-04-16,https://www.transfermarkt.us/player/profil/spieler/1004327,1.08,manual_override,matched,18,18.922,3500000,2024-12-05,observed_to_date,2025-03-18,3500000,2024-12-05,last_known_before_target,2026-03-18,3000000,2025-12-03,last_known_before_target,2027-03-18,,,target_not_yet_reached,2028-03-18,,,target_not_yet_reached,2029-03-18,,,target_not_yet_reached,2030-03-18,,,target_not_yet_reached,2031-03-18,,,target_not_yet_reached,2032-03-18,,,target_not_yet_reached,2033-03-18,,,target_not_yet_reached,2034-03-18,,,target_not_yet_reached,2035-03-18,,,target_not_yet_reached,ok
2025,2025-03-18,42,Rio Ngumoha,Liverpool,https://www.goal.com/en-us/lists/nxgn-2025-best-teenage-wonderkids-football/bltc276755d27cb5f8c,1108466,Rio Ngumoha,2008-08-29,https://www.transfermarkt.us/rio-ngumoha/profil/spieler/1108466,1.08,automatic,matched,16,16.551,30000000,2026-06-03,observed_to_date,2025-03-18,,,no_prior_valuation,2026-03-18,20000000,2026-03-09,last_known_before_target,2027-03-18,,,target_not_yet_reached,2028-03-18,,,target_not_yet_reached,2029-03-18,,,target_not_yet_reached,2030-03-18,,,target_not_yet_reached,2031-03-18,,,target_not_yet_reached,2032-03-18,,,target_not_yet_reached,2033-03-18,,,target_not_yet_reached,2034-03-18,,,target_not_yet_reached,2035-03-18,,,target_not_yet_reached,ok
2025,2025-03-18,41,Martim Fernandes,Porto,https://www.goal.com/en-us/lists/nxgn-2025-best-teenage-wonderkids-football/bltc276755d27cb5f8c,935480,Martim Fernandes,2006-01-18,https://www.transfermarkt.us/martim-fernandes/profil/spieler/935480,1.08,automatic,matched,19,19.163,12000000,2025-05-30,observed_to_date,2025-03-18,8000000,2024-12-19,last_known_before_target,2026-03-18,12000000,2025-12-18,last_known_before_target,2027-03-18,,,target_not_yet_reached,2028-03-18,,,target_not_yet_reached,2029-03-18,,,target_not_yet_reached,2030-03-18,,,target_not_yet_reached,2031-03-18,,,target_not_yet_reached,2032-03-18,,,target_not_yet_reached,2033-03-18,,,target_not_yet_reached,2034-03-18,,,target_not_yet_reached,2035-03-18,,,target_not_yet_reached,ok
2025,2025-03-18,40,Vasilije Adzic,Juventus,https://www.goal.com/en-us/lists/nxgn-2025-best-teenage-wonderkids-football/bltc276755d27cb5f8c,944570,Vasilije Adžić,2006-05-12,https://www.transfermarkt.us/vasilije-adzic/profil/spieler/944570,1.08,automatic,matched,18,18.85,8000000,2025-10-07,observed_to_date,2025-03-18,2000000,2024-12-18,last_known_before_target,2026-03-18,8000000,2025-12-23,last_known_before_target,2027-03-18,,,target_not_yet_reached,2028-03-18,,,target_not_yet_reached,2029-03-18,,,target_not_yet_reached,2030-03-18,,,target_not_yet_reached,2031-03-18,,,target_not_yet_reached,2032-03-18,,,target_not_yet_reached,2033-03-18,,,target_not_yet_reached,2034-03-18,,,target_not_yet_reached,2035-03-18,,,target_not_yet_reached,ok
2025,2025-03-18,39,Agustin Ruberto,River Plate,https://www.goal.com/en-us/lists/nxgn-2025-best-teenage-wonderkids-football/bltc276755d27cb5f8c,1000688,Agustín Ruberto,2006-01-14,https://www.transfermarkt.us/agustin-ruberto/profil/spieler/1000688,1.08,automatic,matched,19,19.174,3000000,2024-03-11,observed_to_date,2025-03-18,3000000,2024-12-13,last_known_before_target,2026-03-18,2000000,2025-12-17,last_known_before_target,2027-03-18,,,target_not_yet_reached,2028-03-18,,,target_not_yet_reached,2029-03-18,,,target_not_yet_reached,2030-03-18,,,target_not_yet_reached,2031-03-18,,,target_not_yet_reached,2032-03-18,,,target_not_yet_reached,2033-03-18,,,target_not_yet_reached,2034-03-18,,,target_not_yet_reached,2035-03-18,,,target_not_yet_reached,ok
2025,2025-03-18,38,Josh Acheampong,Chelsea,https://www.goal.com/en-us/lists/nxgn-2025-best-teenage-wonderkids-football/bltc276755d27cb5f8c,1004708,Josh Acheampong,2006-05-05,https://www.transfermarkt.us/josh-acheampong/profil/spieler/1004708,1.08,automatic,matched,18,18.87,25000000,2026-03-09,observed_to_date,2025-03-18,1000000,2024-12-16,last_known_before_target,2026-03-18,25000000,2026-03-09,last_known_before_target,2027-03-18,,,target_not_yet_reached,2028-03-18,,,target_not_yet_reached,2029-03-18,,,target_not_yet_reached,2030-03-18,,,target_not_yet_reached,2031-03-18,,,target_not_yet_reached,2032-03-18,,,target_not_yet_reached,2033-03-18,,,target_not_yet_reached,2034-03-18,,,target_not_yet_reached,2035-03-18,,,target_not_yet_reached,ok
2025,2025-03-18,37,Adam Aznou,"Bayern Munich, loan at Real Valladolid",https://www.goal.com/en-us/lists/nxgn-2025-best-teenage-wonderkids-football/bltc276755d27cb5f8c,938146,Adam Aznou,2006-06-02,https://www.transfermarkt.us/adam-aznou/profil/spieler/938146,1.08,automatic,matched,18,18.793,7000000,2025-10-17,observed_to_date,2025-03-18,3000000,2024-12-20,last_known_before_target,2026-03-18,7000000,2025-12-09,last_known_before_target,2027-03-18,,,target_not_yet_reached,2028-03-18,,,target_not_yet_reached,2029-03-18,,,target_not_yet_reached,2030-03-18,,,target_not_yet_reached,2031-03-18,,,target_not_yet_reached,2032-03-18,,,target_not_yet_reached,2033-03-18,,,target_not_yet_reached,2034-03-18,,,target_not_yet_reached,2035-03-18,,,target_not_yet_reached,ok
2025,2025-03-18,36,Charalampos Kostoulas,Olympiacos,https://www.goal.com/en-us/lists/nxgn-2025-best-teenage-wonderkids-football/bltc276755d27cb5f8c,1060087,Charalampos Kostoulas,2007-05-30,https://www.transfermarkt.us/charalampos-kostoulas/profil/spieler/1060087,1.08,automatic,matched,17,17.802,25000000,2025-10-17,observed_to_date,2025-03-18,8000000,2025-03-14,last_known_before_target,2026-03-18,25000000,2025-12-09,last_known_before_target,2027-03-18,,,target_not_yet_reached,2028-03-18,,,target_not_yet_reached,2029-03-18,,,target_not_yet_reached,2030-03-18,,,target_not_yet_reached,2031-03-18,,,target_not_yet_reached,2032-03-18,,,target_not_yet_reached,2033-03-18,,,target_not_yet_reached,2034-03-18,,,target_not_yet_reached,2035-03-18,,,target_not_yet_reached,ok
2025,2025-03-18,35,Bence Dardai,Wolfsburg,https://www.goal.com/en-us/lists/nxgn-2025-best-teenage-wonderkids-football/bltc276755d27cb5f8c,789252,Bence Dárdai,2006-01-24,https://www.transfermarkt.us/bence-dardai/profil/spieler/789252,1.08,automatic,matched,19,19.146,12000000,2025-06-05,observed_to_date,2025-03-18,6000000,2024-12-20,last_known_before_target,2026-03-18,7000000,2025-12-19,last_known_before_target,2027-03-18,,,target_not_yet_reached,2028-03-18,,,target_not_yet_reached,2029-03-18,,,target_not_yet_reached,2030-03-18,,,target_not_yet_reached,2031-03-18,,,target_not_yet_reached,2032-03-18,,,target_not_yet_reached,2033-03-18,,,target_not_yet_reached,2034-03-18,,,target_not_yet_reached,2035-03-18,,,target_not_yet_reached,ok
2025,2025-03-18,34,Mattia Liberali,AC Milan,https://www.goal.com/en-us/lists/nxgn-2025-best-teenage-wonderkids-football/bltc276755d27cb5f8c,988964,Mattia Liberali,2007-04-06,https://www.transfermarkt.us/mattia-liberali/profil/spieler/988964,1.08,automatic,matched,17,17.95,8500000,2026-06-04,observed_to_date,2025-03-18,5000000,2024-12-19,last_known_before_target,2026-03-18,7000000,2026-03-17,last_known_before_target,2027-03-18,,,target_not_yet_reached,2028-03-18,,,target_not_yet_reached,2029-03-18,,,target_not_yet_reached,2030-03-18,,,target_not_yet_reached,2031-03-18,,,target_not_yet_reached,2032-03-18,,,target_not_yet_reached,2033-03-18,,,target_not_yet_reached,2034-03-18,,,target_not_yet_reached,2035-03-18,,,target_not_yet_reached,ok
2025,2025-03-18,33,Konstantinos Karetsas,Genk,https://www.goal.com/en-us/lists/nxgn-2025-best-teenage-wonderkids-football/bltc276755d27cb5f8c,990148,Konstantinos Karetsas,2007-11-19,https://www.transfermarkt.us/konstantinos-karetsas/profil/spieler/990148,1.08,automatic,matched,17,17.328,35000000,2026-03-13,observed_to_date,2025-03-18,7000000,2024-12-11,last_known_before_target,2026-03-18,35000000,2026-03-13,last_known_before_target,2027-03-18,,,target_not_yet_reached,2028-03-18,,,target_not_yet_reached,2029-03-18,,,target_not_yet_reached,2030-03-18,,,target_not_yet_reached,2031-03-18,,,target_not_yet_reached,2032-03-18,,,target_not_yet_reached,2033-03-18,,,target_not_yet_reached,2034-03-18,,,target_not_yet_reached,2035-03-18,,,target_not_yet_reached,ok
2025,2025-03-18,32,Eli Junior Kroupi,"Bournemouth, loan at Lorient",https://www.goal.com/en-us/lists/nxgn-2025-best-teenage-wonderkids-football/bltc276755d27cb5f8c,955357,Junior Kroupi,2006-06-23,https://www.transfermarkt.us/player/profil/spieler/955357,1.08,manual_override,matched,18,18.735,70000000,2026-06-03,observed_to_date,2025-03-18,12000000,2025-03-12,last_known_before_target,2026-03-18,40000000,2026-03-09,last_known_before_target,2027-03-18,,,target_not_yet_reached,2028-03-18,,,target_not_yet_reached,2029-03-18,,,target_not_yet_reached,2030-03-18,,,target_not_yet_reached,2031-03-18,,,target_not_yet_reached,2032-03-18,,,target_not_yet_reached,2033-03-18,,,target_not_yet_reached,2034-03-18,,,target_not_yet_reached,2035-03-18,,,target_not_yet_reached,ok
2025,2025-03-18,31,Marc Guiu,Chelsea,https://www.goal.com/en-us/lists/nxgn-2025-best-teenage-wonderkids-football/bltc276755d27cb5f8c,938158,Marc Guiu,2006-01-04,https://www.transfermarkt.us/marc-guiu/profil/spieler/938158,1.08,automatic,matched,19,19.201,12000000,2025-12-09,observed_to_date,2025-03-18,8000000,2024-12-16,last_known_before_target,2026-03-18,12000000,2025-12-09,last_known_before_target,2027-03-18,,,target_not_yet_reached,2028-03-18,,,target_not_yet_reached,2029-03-18,,,target_not_yet_reached,2030-03-18,,,target_not_yet_reached,2031-03-18,,,target_not_yet_reached,2032-03-18,,,target_not_yet_reached,2033-03-18,,,target_not_yet_reached,2034-03-18,,,target_not_yet_reached,2035-03-18,,,target_not_yet_reached,ok
2025,2025-03-18,30,Cavan Sullivan,Philadelphia Union,https://www.goal.com/en-us/lists/nxgn-2025-best-teenage-wonderkids-football/bltc276755d27cb5f8c,1009732,Cavan Sullivan,2009-09-28,https://www.transfermarkt.us/cavan-sullivan/profil/spieler/1009732,1.08,automatic,matched,15,15.469,4500000,2026-04-07,observed_to_date,2025-03-18,,,no_prior_valuation,2026-03-18,3500000,2025-12-11,last_known_before_target,2027-03-18,,,target_not_yet_reached,2028-03-18,,,target_not_yet_reached,2029-03-18,,,target_not_yet_reached,2030-03-18,,,target_not_yet_reached,2031-03-18,,,target_not_yet_reached,2032-03-18,,,target_not_yet_reached,2033-03-18,,,target_not_yet_reached,2034-03-18,,,target_not_yet_reached,2035-03-18,,,target_not_yet_reached,ok
2025,2025-03-18,29,Chris Rigg,Sunderland,https://www.goal.com/en-us/lists/nxgn-2025-best-teenage-wonderkids-football/bltc276755d27cb5f8c,947411,Chris Rigg,2007-06-18,https://www.transfermarkt.us/chris-rigg/profil/spieler/947411,1.08,automatic,matched,17,17.75,25000000,2025-10-17,observed_to_date,2025-03-18,12000000,2024-12-30,last_known_before_target,2026-03-18,25000000,2025-12-09,last_known_before_target,2027-03-18,,,target_not_yet_reached,2028-03-18,,,target_not_yet_reached,2029-03-18,,,target_not_yet_reached,2030-03-18,,,target_not_yet_reached,2031-03-18,,,target_not_yet_reached,2032-03-18,,,target_not_yet_reached,2033-03-18,,,target_not_yet_reached,2034-03-18,,,target_not_yet_reached,2035-03-18,,,target_not_yet_reached,ok
2025,2025-03-18,28,Marc Bernal,Barcelona,https://www.goal.com/en-us/lists/nxgn-2025-best-teenage-wonderkids-football/bltc276755d27cb5f8c,1018920,Marc Bernal,2007-05-26,https://www.transfermarkt.us/marc-bernal/profil/spieler/1018920,1.08,automatic,matched,17,17.813,30000000,2026-03-16,observed_to_date,2025-03-18,5000000,2024-12-27,last_known_before_target,2026-03-18,30000000,2026-03-16,last_known_before_target,2027-03-18,,,target_not_yet_reached,2028-03-18,,,target_not_yet_reached,2029-03-18,,,target_not_yet_reached,2030-03-18,,,target_not_yet_reached,2031-03-18,,,target_not_yet_reached,2032-03-18,,,target_not_yet_reached,2033-03-18,,,target_not_yet_reached,2034-03-18,,,target_not_yet_reached,2035-03-18,,,target_not_yet_reached,ok
2025,2025-03-18,27,Assan Ouedraogo,RB Leipzig,https://www.goal.com/en-us/lists/nxgn-2025-best-teenage-wonderkids-football/bltc276755d27cb5f8c,897424,Assan Ouédraogo,2006-05-09,https://www.transfermarkt.us/assan-ouedraogo/profil/spieler/897424,1.08,automatic,matched,18,18.859,28000000,2025-12-19,observed_to_date,2025-03-18,10000000,2024-12-20,last_known_before_target,2026-03-18,28000000,2025-12-19,last_known_before_target,2027-03-18,,,target_not_yet_reached,2028-03-18,,,target_not_yet_reached,2029-03-18,,,target_not_yet_reached,2030-03-18,,,target_not_yet_reached,2031-03-18,,,target_not_yet_reached,2032-03-18,,,target_not_yet_reached,2033-03-18,,,target_not_yet_reached,2034-03-18,,,target_not_yet_reached,2035-03-18,,,target_not_yet_reached,ok
2025,2025-03-18,26,Luka Vuskovic,"Hajduk Split, loan at Westerlo",https://www.goal.com/en-us/lists/nxgn-2025-best-teenage-wonderkids-football/bltc276755d27cb5f8c,892160,Luka Vuskovic,2007-02-24,https://www.transfermarkt.us/luka-vuskovic/profil/spieler/892160,1.08,automatic,matched,18,18.062,60000000,2026-03-20,observed_to_date,2025-03-18,10000000,2024-12-11,last_known_before_target,2026-03-18,40000000,2025-12-19,last_known_before_target,2027-03-18,,,target_not_yet_reached,2028-03-18,,,target_not_yet_reached,2029-03-18,,,target_not_yet_reached,2030-03-18,,,target_not_yet_reached,2031-03-18,,,target_not_yet_reached,2032-03-18,,,target_not_yet_reached,2033-03-18,,,target_not_yet_reached,2034-03-18,,,target_not_yet_reached,2035-03-18,,,target_not_yet_reached,ok
2025,2025-03-18,25,Lewis Miley,Newcastle,https://www.goal.com/en-us/lists/nxgn-2025-best-teenage-wonderkids-football/bltc276755d27cb5f8c,922769,Lewis Miley,2006-05-01,https://www.transfermarkt.us/lewis-miley/profil/spieler/922769,1.08,automatic,matched,18,18.881,25000000,2026-03-09,observed_to_date,2025-03-18,22000000,2024-12-16,last_known_before_target,2026-03-18,25000000,2026-03-09,last_known_before_target,2027-03-18,,,target_not_yet_reached,2028-03-18,,,target_not_yet_reached,2029-03-18,,,target_not_yet_reached,2030-03-18,,,target_not_yet_reached,2031-03-18,,,target_not_yet_reached,2032-03-18,,,target_not_yet_reached,2033-03-18,,,target_not_yet_reached,2034-03-18,,,target_not_yet_reached,2035-03-18,,,target_not_yet_reached,ok
2025,2025-03-18,24,Stefanos Tzimas,"Brighton, loan at Nurnberg",https://www.goal.com/en-us/lists/nxgn-2025-best-teenage-wonderkids-football/bltc276755d27cb5f8c,950091,Stefanos Tzimas,2006-01-06,https://www.transfermarkt.us/stefanos-tzimas/profil/spieler/950091,1.08,automatic,matched,19,19.195,22000000,2025-03-26,observed_to_date,2025-03-18,10000000,2024-12-19,last_known_before_target,2026-03-18,20000000,2026-03-09,last_known_before_target,2027-03-18,,,target_not_yet_reached,2028-03-18,,,target_not_yet_reached,2029-03-18,,,target_not_yet_reached,2030-03-18,,,target_not_yet_reached,2031-03-18,,,target_not_yet_reached,2032-03-18,,,target_not_yet_reached,2033-03-18,,,target_not_yet_reached,2034-03-18,,,target_not_yet_reached,2035-03-18,,,target_not_yet_reached,ok
2025,2025-03-18,23,Tyler Dibling,Southampton,https://www.goal.com/en-us/lists/nxgn-2025-best-teenage-wonderkids-football/bltc276755d27cb5f8c,866655,Tyler Dibling,2006-02-17,https://www.transfermarkt.us/tyler-dibling/profil/spieler/866655,1.08,automatic,matched,19,19.08,35000000,2025-10-17,observed_to_date,2025-03-18,22000000,2024-12-16,last_known_before_target,2026-03-18,22000000,2026-03-09,last_known_before_target,2027-03-18,,,target_not_yet_reached,2028-03-18,,,target_not_yet_reached,2029-03-18,,,target_not_yet_reached,2030-03-18,,,target_not_yet_reached,2031-03-18,,,target_not_yet_reached,2032-03-18,,,target_not_yet_reached,2033-03-18,,,target_not_yet_reached,2034-03-18,,,target_not_yet_reached,2035-03-18,,,target_not_yet_reached,ok
2025,2025-03-18,22,Mikey Moore,Tottenham,https://www.goal.com/en-us/lists/nxgn-2025-best-teenage-wonderkids-football/bltc276755d27cb5f8c,1011147,Mikey Moore,2007-08-11,https://www.transfermarkt.us/mikey-moore/profil/spieler/1011147,1.08,automatic,matched,17,17.602,18000000,2025-05-30,observed_to_date,2025-03-18,10000000,2024-12-16,last_known_before_target,2026-03-18,16000000,2025-12-10,last_known_before_target,2027-03-18,,,target_not_yet_reached,2028-03-18,,,target_not_yet_reached,2029-03-18,,,target_not_yet_reached,2030-03-18,,,target_not_yet_reached,2031-03-18,,,target_not_yet_reached,2032-03-18,,,target_not_yet_reached,2033-03-18,,,target_not_yet_reached,2034-03-18,,,target_not_yet_reached,2035-03-18,,,target_not_yet_reached,ok
2025,2025-03-18,21,George Ilenikhena,Monaco,https://www.goal.com/en-us/lists/nxgn-2025-best-teenage-wonderkids-football/bltc276755d27cb5f8c,1004834,George Ilenikhena,2006-08-16,https://www.transfermarkt.us/george-ilenikhena/profil/spieler/1004834,1.08,automatic,matched,18,18.588,15000000,2024-10-07,observed_to_date,2025-03-18,15000000,2024-12-10,last_known_before_target,2026-03-18,12000000,2025-12-15,last_known_before_target,2027-03-18,,,target_not_yet_reached,2028-03-18,,,target_not_yet_reached,2029-03-18,,,target_not_yet_reached,2030-03-18,,,target_not_yet_reached,2031-03-18,,,target_not_yet_reached,2032-03-18,,,target_not_yet_reached,2033-03-18,,,target_not_yet_reached,2034-03-18,,,target_not_yet_reached,2035-03-18,,,target_not_yet_reached,ok
2025,2025-03-18,20,Kendry Paez,Independiente del Valle,https://www.goal.com/en-us/lists/nxgn-2025-best-teenage-wonderkids-football/bltc276755d27cb5f8c,1052439,Kendry Páez,2007-05-04,https://www.transfermarkt.us/kendry-paez/profil/spieler/1052439,1.08,automatic,matched,17,17.873,12000000,2024-06-06,observed_to_date,2025-03-18,12000000,2024-12-16,last_known_before_target,2026-03-18,10000000,2025-12-15,last_known_before_target,2027-03-18,,,target_not_yet_reached,2028-03-18,,,target_not_yet_reached,2029-03-18,,,target_not_yet_reached,2030-03-18,,,target_not_yet_reached,2031-03-18,,,target_not_yet_reached,2032-03-18,,,target_not_yet_reached,2033-03-18,,,target_not_yet_reached,2034-03-18,,,target_not_yet_reached,2035-03-18,,,target_not_yet_reached,ok
2025,2025-03-18,19,Franco Mastantuono,River Plate,https://www.goal.com/en-us/lists/nxgn-2025-best-teenage-wonderkids-football/bltc276755d27cb5f8c,1057316,Franco Mastantuono,2007-08-14,https://www.transfermarkt.us/franco-mastantuono/profil/spieler/1057316,1.08,automatic,matched,17,17.594,50000000,2025-10-02,observed_to_date,2025-03-18,15000000,2024-12-13,last_known_before_target,2026-03-18,45000000,2026-03-16,last_known_before_target,2027-03-18,,,target_not_yet_reached,2028-03-18,,,target_not_yet_reached,2029-03-18,,,target_not_yet_reached,2030-03-18,,,target_not_yet_reached,2031-03-18,,,target_not_yet_reached,2032-03-18,,,target_not_yet_reached,2033-03-18,,,target_not_yet_reached,2034-03-18,,,target_not_yet_reached,2035-03-18,,,target_not_yet_reached,ok
2025,2025-03-18,18,Julien Duranville,Borussia Dortmund,https://www.goal.com/en-us/lists/nxgn-2025-best-teenage-wonderkids-football/bltc276755d27cb5f8c,819215,Julien Duranville,2006-05-05,https://www.transfermarkt.us/julien-duranville/profil/spieler/819215,1.08,automatic,matched,18,18.87,8500000,2023-06-22,observed_to_date,2025-03-18,8500000,2024-12-20,last_known_before_target,2026-03-18,7000000,2026-03-17,last_known_before_target,2027-03-18,,,target_not_yet_reached,2028-03-18,,,target_not_yet_reached,2029-03-18,,,target_not_yet_reached,2030-03-18,,,target_not_yet_reached,2031-03-18,,,target_not_yet_reached,2032-03-18,,,target_not_yet_reached,2033-03-18,,,target_not_yet_reached,2034-03-18,,,target_not_yet_reached,2035-03-18,,,target_not_yet_reached,ok
2025,2025-03-18,17,Lucas Bergvall,Tottenham,https://www.goal.com/en-us/lists/nxgn-2025-best-teenage-wonderkids-football/bltc276755d27cb5f8c,866246,Lucas Bergvall,2006-02-02,https://www.transfermarkt.us/lucas-bergvall/profil/spieler/866246,1.08,automatic,matched,19,19.122,40000000,2025-10-17,observed_to_date,2025-03-18,12000000,2024-12-16,last_known_before_target,2026-03-18,40000000,2025-12-09,last_known_before_target,2027-03-18,,,target_not_yet_reached,2028-03-18,,,target_not_yet_reached,2029-03-18,,,target_not_yet_reached,2030-03-18,,,target_not_yet_reached,2031-03-18,,,target_not_yet_reached,2032-03-18,,,target_not_yet_reached,2033-03-18,,,target_not_yet_reached,2034-03-18,,,target_not_yet_reached,2035-03-18,,,target_not_yet_reached,ok
2025,2025-03-18,16,Vitor Reis,Manchester City,https://www.goal.com/en-us/lists/nxgn-2025-best-teenage-wonderkids-football/bltc276755d27cb5f8c,1005575,Vitor Reis,2006-01-12,https://www.transfermarkt.us/vitor-reis/profil/spieler/1005575,1.08,automatic,matched,19,19.179,30000000,2025-03-18,observed_to_date,2025-03-18,14000000,2024-12-09,last_known_before_target,2026-03-18,30000000,2025-12-12,last_known_before_target,2027-03-18,,,target_not_yet_reached,2028-03-18,,,target_not_yet_reached,2029-03-18,,,target_not_yet_reached,2030-03-18,,,target_not_yet_reached,2031-03-18,,,target_not_yet_reached,2032-03-18,,,target_not_yet_reached,2033-03-18,,,target_not_yet_reached,2034-03-18,,,target_not_yet_reached,2035-03-18,,,target_not_yet_reached,ok
2025,2025-03-18,15,Rodrigo Mora,Porto,https://www.goal.com/en-us/lists/nxgn-2025-best-teenage-wonderkids-football/bltc276755d27cb5f8c,957653,Rodrigo Mora,2007-05-05,https://www.transfermarkt.us/rodrigo-mora/profil/spieler/957653,1.08,automatic,matched,17,17.87,40000000,2025-05-30,observed_to_date,2025-03-18,10000000,2024-12-19,last_known_before_target,2026-03-18,40000000,2025-12-18,last_known_before_target,2027-03-18,,,target_not_yet_reached,2028-03-18,,,target_not_yet_reached,2029-03-18,,,target_not_yet_reached,2030-03-18,,,target_not_yet_reached,2031-03-18,,,target_not_yet_reached,2032-03-18,,,target_not_yet_reached,2033-03-18,,,target_not_yet_reached,2034-03-18,,,target_not_yet_reached,2035-03-18,,,target_not_yet_reached,ok
2025,2025-03-18,14,Sverre Nypan,Rosenborg,https://www.goal.com/en-us/lists/nxgn-2025-best-teenage-wonderkids-football/bltc276755d27cb5f8c,911736,Sverre Nypan,2006-12-19,https://www.transfermarkt.us/sverre-nypan/profil/spieler/911736,1.08,automatic,matched,18,18.245,15000000,2025-06-18,observed_to_date,2025-03-18,12000000,2024-12-12,last_known_before_target,2026-03-18,15000000,2025-12-03,last_known_before_target,2027-03-18,,,target_not_yet_reached,2028-03-18,,,target_not_yet_reached,2029-03-18,,,target_not_yet_reached,2030-03-18,,,target_not_yet_reached,2031-03-18,,,target_not_yet_reached,2032-03-18,,,target_not_yet_reached,2033-03-18,,,target_not_yet_reached,2034-03-18,,,target_not_yet_reached,2035-03-18,,,target_not_yet_reached,ok
2025,2025-03-18,13,Archie Gray,Tottenham,https://www.goal.com/en-us/lists/nxgn-2025-best-teenage-wonderkids-football/bltc276755d27cb5f8c,922693,Archie Gray,2006-03-12,https://www.transfermarkt.us/archie-gray/profil/spieler/922693,1.08,automatic,matched,19,19.018,38000000,2025-05-30,observed_to_date,2025-03-18,25000000,2024-12-16,last_known_before_target,2026-03-18,35000000,2025-12-09,last_known_before_target,2027-03-18,,,target_not_yet_reached,2028-03-18,,,target_not_yet_reached,2029-03-18,,,target_not_yet_reached,2030-03-18,,,target_not_yet_reached,2031-03-18,,,target_not_yet_reached,2032-03-18,,,target_not_yet_reached,2033-03-18,,,target_not_yet_reached,2034-03-18,,,target_not_yet_reached,2035-03-18,,,target_not_yet_reached,ok
2025,2025-03-18,12,Ayyoub Bouaddi,Lille,https://www.goal.com/en-us/lists/nxgn-2025-best-teenage-wonderkids-football/bltc276755d27cb5f8c,1097139,Ayyoub Bouaddi,2007-10-02,https://www.transfermarkt.us/ayyoub-bouaddi/profil/spieler/1097139,1.08,automatic,matched,17,17.46,80000000,2026-07-22,observed_to_date,2025-03-18,25000000,2024-12-10,last_known_before_target,2026-03-18,40000000,2025-12-15,last_known_before_target,2027-03-18,,,target_not_yet_reached,2028-03-18,,,target_not_yet_reached,2029-03-18,,,target_not_yet_reached,2030-03-18,,,target_not_yet_reached,2031-03-18,,,target_not_yet_reached,2032-03-18,,,target_not_yet_reached,2033-03-18,,,target_not_yet_reached,2034-03-18,,,target_not_yet_reached,2035-03-18,,,target_not_yet_reached,ok
2025,2025-03-18,11,Geovany Quenda,Sporting CP,https://www.goal.com/en-us/lists/nxgn-2025-best-teenage-wonderkids-football/bltc276755d27cb5f8c,1138758,Geovany Quenda,2007-04-30,https://www.transfermarkt.us/geovany-quenda/profil/spieler/1138758,1.08,automatic,matched,17,17.884,45000000,2025-03-31,observed_to_date,2025-03-18,30000000,2024-12-19,last_known_before_target,2026-03-18,45000000,2025-12-18,last_known_before_target,2027-03-18,,,target_not_yet_reached,2028-03-18,,,target_not_yet_reached,2029-03-18,,,target_not_yet_reached,2030-03-18,,,target_not_yet_reached,2031-03-18,,,target_not_yet_reached,2032-03-18,,,target_not_yet_reached,2033-03-18,,,target_not_yet_reached,2034-03-18,,,target_not_yet_reached,2035-03-18,,,target_not_yet_reached,ok
2025,2025-03-18,10,Francesco Camarda,AC Milan,https://www.goal.com/en-us/lists/nxgn-2025-best-teenage-wonderkids-football/bltc276755d27cb5f8c,1058368,Francesco Camarda,2008-03-10,https://www.transfermarkt.us/francesco-camarda/profil/spieler/1058368,1.08,automatic,matched,17,17.022,15000000,2025-12-23,observed_to_date,2025-03-18,10000000,2024-12-19,last_known_before_target,2026-03-18,15000000,2025-12-23,last_known_before_target,2027-03-18,,,target_not_yet_reached,2028-03-18,,,target_not_yet_reached,2029-03-18,,,target_not_yet_reached,2030-03-18,,,target_not_yet_reached,2031-03-18,,,target_not_yet_reached,2032-03-18,,,target_not_yet_reached,2033-03-18,,,target_not_yet_reached,2034-03-18,,,target_not_yet_reached,2035-03-18,,,target_not_yet_reached,ok
2025,2025-03-18,9,Jorrel Hato,Ajax,https://www.goal.com/en-us/lists/nxgn-2025-best-teenage-wonderkids-football/bltc276755d27cb5f8c,904802,Jorrel Hato,2006-03-07,https://www.transfermarkt.us/jorrel-hato/profil/spieler/904802,1.08,automatic,matched,19,19.031,40000000,2025-10-17,observed_to_date,2025-03-18,30000000,2024-12-17,last_known_before_target,2026-03-18,35000000,2025-12-09,last_known_before_target,2027-03-18,,,target_not_yet_reached,2028-03-18,,,target_not_yet_reached,2029-03-18,,,target_not_yet_reached,2030-03-18,,,target_not_yet_reached,2031-03-18,,,target_not_yet_reached,2032-03-18,,,target_not_yet_reached,2033-03-18,,,target_not_yet_reached,2034-03-18,,,target_not_yet_reached,2035-03-18,,,target_not_yet_reached,ok
2025,2025-03-18,8,Myles Lewis-Skelly,Arsenal,https://www.goal.com/en-us/lists/nxgn-2025-best-teenage-wonderkids-football/bltc276755d27cb5f8c,890721,Myles Lewis-Skelly,2006-09-26,https://www.transfermarkt.us/myles-lewis-skelly/profil/spieler/890721,1.08,automatic,matched,18,18.475,45000000,2025-05-30,observed_to_date,2025-03-18,10000000,2024-12-16,last_known_before_target,2026-03-18,35000000,2026-03-09,last_known_before_target,2027-03-18,,,target_not_yet_reached,2028-03-18,,,target_not_yet_reached,2029-03-18,,,target_not_yet_reached,2030-03-18,,,target_not_yet_reached,2031-03-18,,,target_not_yet_reached,2032-03-18,,,target_not_yet_reached,2033-03-18,,,target_not_yet_reached,2034-03-18,,,target_not_yet_reached,2035-03-18,,,target_not_yet_reached,ok
2025,2025-03-18,7,Claudio Echeverri,Manchester City,https://www.goal.com/en-us/lists/nxgn-2025-best-teenage-wonderkids-football/bltc276755d27cb5f8c,994536,Claudio Echeverri,2006-01-02,https://www.transfermarkt.us/claudio-echeverri/profil/spieler/994536,1.08,automatic,matched,19,19.206,18000000,2024-06-12,observed_to_date,2025-03-18,18000000,2024-12-13,last_known_before_target,2026-03-18,15000000,2025-12-19,last_known_before_target,2027-03-18,,,target_not_yet_reached,2028-03-18,,,target_not_yet_reached,2029-03-18,,,target_not_yet_reached,2030-03-18,,,target_not_yet_reached,2031-03-18,,,target_not_yet_reached,2032-03-18,,,target_not_yet_reached,2033-03-18,,,target_not_yet_reached,2034-03-18,,,target_not_yet_reached,2035-03-18,,,target_not_yet_reached,ok
2025,2025-03-18,6,Ethan Nwaneri,Arsenal,https://www.goal.com/en-us/lists/nxgn-2025-best-teenage-wonderkids-football/bltc276755d27cb5f8c,890719,Ethan Nwaneri,2007-03-21,https://www.transfermarkt.us/ethan-nwaneri/profil/spieler/890719,1.08,automatic,matched,17,17.994,55000000,2025-03-18,observed_to_date,2025-03-18,30000000,2024-12-16,last_known_before_target,2026-03-18,40000000,2025-12-09,last_known_before_target,2027-03-18,,,target_not_yet_reached,2028-03-18,,,target_not_yet_reached,2029-03-18,,,target_not_yet_reached,2030-03-18,,,target_not_yet_reached,2031-03-18,,,target_not_yet_reached,2032-03-18,,,target_not_yet_reached,2033-03-18,,,target_not_yet_reached,2034-03-18,,,target_not_yet_reached,2035-03-18,,,target_not_yet_reached,ok
2025,2025-03-18,5,Endrick,Real Madrid,https://www.goal.com/en-us/lists/nxgn-2025-best-teenage-wonderkids-football/bltc276755d27cb5f8c,971570,Endrick,2006-07-21,https://www.transfermarkt.us/endrick/profil/spieler/971570,1.08,automatic,matched,18,18.659,60000000,2024-06-17,observed_to_date,2025-03-18,40000000,2024-12-27,last_known_before_target,2026-03-18,25000000,2025-12-12,last_known_before_target,2027-03-18,,,target_not_yet_reached,2028-03-18,,,target_not_yet_reached,2029-03-18,,,target_not_yet_reached,2030-03-18,,,target_not_yet_reached,2031-03-18,,,target_not_yet_reached,2032-03-18,,,target_not_yet_reached,2033-03-18,,,target_not_yet_reached,2034-03-18,,,target_not_yet_reached,2035-03-18,,,target_not_yet_reached,ok
2025,2025-03-18,4,Warren Zaire-Emery,Paris Saint-Germain,https://www.goal.com/en-us/lists/nxgn-2025-best-teenage-wonderkids-football/bltc276755d27cb5f8c,810092,Warren Zaïre-Emery,2006-03-08,https://www.transfermarkt.us/warren-zaire-emery/profil/spieler/810092,1.08,automatic,matched,19,19.028,80000000,2026-06-01,observed_to_date,2025-03-18,60000000,2024-12-10,last_known_before_target,2026-03-18,50000000,2025-12-15,last_known_before_target,2027-03-18,,,target_not_yet_reached,2028-03-18,,,target_not_yet_reached,2029-03-18,,,target_not_yet_reached,2030-03-18,,,target_not_yet_reached,2031-03-18,,,target_not_yet_reached,2032-03-18,,,target_not_yet_reached,2033-03-18,,,target_not_yet_reached,2034-03-18,,,target_not_yet_reached,2035-03-18,,,target_not_yet_reached,ok
2025,2025-03-18,3,Pau Cubarsi,Barcelona,https://www.goal.com/en-us/lists/nxgn-2025-best-teenage-wonderkids-football/bltc276755d27cb5f8c,962110,Pau Cubarsí,2007-01-22,https://www.transfermarkt.us/pau-cubarsi/profil/spieler/962110,1.08,automatic,matched,18,18.152,100000000,2026-07-22,observed_to_date,2025-03-18,70000000,2024-12-27,last_known_before_target,2026-03-18,80000000,2025-12-12,last_known_before_target,2027-03-18,,,target_not_yet_reached,2028-03-18,,,target_not_yet_reached,2029-03-18,,,target_not_yet_reached,2030-03-18,,,target_not_yet_reached,2031-03-18,,,target_not_yet_reached,2032-03-18,,,target_not_yet_reached,2033-03-18,,,target_not_yet_reached,2034-03-18,,,target_not_yet_reached,2035-03-18,,,target_not_yet_reached,ok
2025,2025-03-18,2,Estevao Willian,Palmeiras,https://www.goal.com/en-us/lists/nxgn-2025-best-teenage-wonderkids-football/bltc276755d27cb5f8c,1056993,Estêvão,2007-04-24,https://www.transfermarkt.us/player/profil/spieler/1056993,1.08,manual_override,matched,17,17.9,80000000,2025-12-09,observed_to_date,2025-03-18,50000000,2024-12-09,last_known_before_target,2026-03-18,80000000,2025-12-09,last_known_before_target,2027-03-18,,,target_not_yet_reached,2028-03-18,,,target_not_yet_reached,2029-03-18,,,target_not_yet_reached,2030-03-18,,,target_not_yet_reached,2031-03-18,,,target_not_yet_reached,2032-03-18,,,target_not_yet_reached,2033-03-18,,,target_not_yet_reached,2034-03-18,,,target_not_yet_reached,2035-03-18,,,target_not_yet_reached,ok
2025,2025-03-18,1,Lamine Yamal,Barcelona,https://www.goal.com/en-us/lists/nxgn-2025-best-teenage-wonderkids-football/bltc276755d27cb5f8c,937958,Lamine Yamal,2007-07-13,https://www.transfermarkt.us/lamine-yamal/profil/spieler/937958,1.08,automatic,matched,17,17.681,220000000,2026-07-22,observed_to_date,2025-03-18,180000000,2024-12-27,last_known_before_target,2026-03-18,200000000,2025-12-12,last_known_before_target,2027-03-18,,,target_not_yet_reached,2028-03-18,,,target_not_yet_reached,2029-03-18,,,target_not_yet_reached,2030-03-18,,,target_not_yet_reached,2031-03-18,,,target_not_yet_reached,2032-03-18,,,target_not_yet_reached,2033-03-18,,,target_not_yet_reached,2034-03-18,,,target_not_yet_reached,2035-03-18,,,target_not_yet_reached,ok
2026,2026-03-24,50,JJ Gabriel,Manchester United,https://www.goal.com/en-us/lists/nxgn-2026-best-teenage-wonderkids-football/blt2f8486395140dacd,1376382,JJ Gabriel,2010-10-06,https://www.transfermarkt.us/jj-gabriel/profil/spieler/1376382,1.08,automatic,matched,15,15.464,,,,,,,,,,,,,,,,,,,,,,,,,,,,,,,,,,,,,,,,,,,,,,,,no_history
2026,2026-03-24,49,Joao Simoes,Sporting CP,https://www.goal.com/en-us/lists/nxgn-2026-best-teenage-wonderkids-football/blt2f8486395140dacd,958937,João Simões,2007-01-06,https://www.transfermarkt.us/joao-simoes/profil/spieler/958937,1.08,automatic,matched,19,19.212,15000000,2025-12-18,observed_to_date,2026-03-24,15000000,2025-12-18,last_known_before_target,2027-03-24,,,target_not_yet_reached,2028-03-24,,,target_not_yet_reached,2029-03-24,,,target_not_yet_reached,2030-03-24,,,target_not_yet_reached,2031-03-24,,,target_not_yet_reached,2032-03-24,,,target_not_yet_reached,2033-03-24,,,target_not_yet_reached,2034-03-24,,,target_not_yet_reached,2035-03-24,,,target_not_yet_reached,2036-03-24,,,target_not_yet_reached,ok
2026,2026-03-24,48,Anisio Cabral,Benfica,https://www.goal.com/en-us/lists/nxgn-2026-best-teenage-wonderkids-football/blt2f8486395140dacd,1092964,Anísio Cabral,2008-02-15,https://www.transfermarkt.us/anisio-cabral/profil/spieler/1092964,1.08,automatic,matched,18,18.103,5000000,2026-02-13,observed_to_date,2026-03-24,5000000,2026-02-13,last_known_before_target,2027-03-24,,,target_not_yet_reached,2028-03-24,,,target_not_yet_reached,2029-03-24,,,target_not_yet_reached,2030-03-24,,,target_not_yet_reached,2031-03-24,,,target_not_yet_reached,2032-03-24,,,target_not_yet_reached,2033-03-24,,,target_not_yet_reached,2034-03-24,,,target_not_yet_reached,2035-03-24,,,target_not_yet_reached,2036-03-24,,,target_not_yet_reached,ok
2026,2026-03-24,47,Joan Martinez,Real Madrid,https://www.goal.com/en-us/lists/nxgn-2026-best-teenage-wonderkids-football/blt2f8486395140dacd,964563,Joan Martínez,2007-08-20,https://www.transfermarkt.us/joan-martinez/profil/spieler/964563,1.08,automatic,matched,18,18.593,5000000,2026-03-18,observed_to_date,2026-03-24,5000000,2026-03-18,last_known_before_target,2027-03-24,,,target_not_yet_reached,2028-03-24,,,target_not_yet_reached,2029-03-24,,,target_not_yet_reached,2030-03-24,,,target_not_yet_reached,2031-03-24,,,target_not_yet_reached,2032-03-24,,,target_not_yet_reached,2033-03-24,,,target_not_yet_reached,2034-03-24,,,target_not_yet_reached,2035-03-24,,,target_not_yet_reached,2036-03-24,,,target_not_yet_reached,ok
2026,2026-03-24,46,Jeremy Monga,Leicester City,https://www.goal.com/en-us/lists/nxgn-2026-best-teenage-wonderkids-football/blt2f8486395140dacd,1245948,Jeremy Monga,2009-07-10,https://www.transfermarkt.us/jeremy-monga/profil/spieler/1245948,1.08,automatic,matched,16,16.704,15000000,2026-05-28,observed_to_date,2026-03-24,10000000,2025-12-03,last_known_before_target,2027-03-24,,,target_not_yet_reached,2028-03-24,,,target_not_yet_reached,2029-03-24,,,target_not_yet_reached,2030-03-24,,,target_not_yet_reached,2031-03-24,,,target_not_yet_reached,2032-03-24,,,target_not_yet_reached,2033-03-24,,,target_not_yet_reached,2034-03-24,,,target_not_yet_reached,2035-03-24,,,target_not_yet_reached,2036-03-24,,,target_not_yet_reached,ok
2026,2026-03-24,45,Oskar Pietuszewski,Porto,https://www.goal.com/en-us/lists/nxgn-2026-best-teenage-wonderkids-football/blt2f8486395140dacd,1162012,Oskar Pietuszewski,2008-05-20,https://www.transfermarkt.us/oskar-pietuszewski/profil/spieler/1162012,1.08,automatic,matched,17,17.843,25000000,2026-05-28,observed_to_date,2026-03-24,20000000,2026-03-19,last_known_before_target,2027-03-24,,,target_not_yet_reached,2028-03-24,,,target_not_yet_reached,2029-03-24,,,target_not_yet_reached,2030-03-24,,,target_not_yet_reached,2031-03-24,,,target_not_yet_reached,2032-03-24,,,target_not_yet_reached,2033-03-24,,,target_not_yet_reached,2034-03-24,,,target_not_yet_reached,2035-03-24,,,target_not_yet_reached,2036-03-24,,,target_not_yet_reached,ok
2026,2026-03-24,44,Samuele Inacio,Borussia Dortmund,https://www.goal.com/en-us/lists/nxgn-2026-best-teenage-wonderkids-football/blt2f8486395140dacd,1058359,Samuele Inácio,2008-04-02,https://www.transfermarkt.us/samuele-inacio/profil/spieler/1058359,1.08,automatic,matched,17,17.974,15000000,2026-05-27,observed_to_date,2026-03-24,3000000,2026-02-28,last_known_before_target,2027-03-24,,,target_not_yet_reached,2028-03-24,,,target_not_yet_reached,2029-03-24,,,target_not_yet_reached,2030-03-24,,,target_not_yet_reached,2031-03-24,,,target_not_yet_reached,2032-03-24,,,target_not_yet_reached,2033-03-24,,,target_not_yet_reached,2034-03-24,,,target_not_yet_reached,2035-03-24,,,target_not_yet_reached,2036-03-24,,,target_not_yet_reached,ok
2026,2026-03-24,43,Dastan Satpaev,Kairat Almaty,https://www.goal.com/en-us/lists/nxgn-2026-best-teenage-wonderkids-football/blt2f8486395140dacd,1179146,Dastan Satpaev,2008-08-12,https://www.transfermarkt.us/dastan-satpaev/profil/spieler/1179146,1.08,automatic,matched,17,17.613,3500000,2026-06-23,observed_to_date,2026-03-24,3000000,2025-11-06,last_known_before_target,2027-03-24,,,target_not_yet_reached,2028-03-24,,,target_not_yet_reached,2029-03-24,,,target_not_yet_reached,2030-03-24,,,target_not_yet_reached,2031-03-24,,,target_not_yet_reached,2032-03-24,,,target_not_yet_reached,2033-03-24,,,target_not_yet_reached,2034-03-24,,,target_not_yet_reached,2035-03-24,,,target_not_yet_reached,2036-03-24,,,target_not_yet_reached,ok
2026,2026-03-24,42,Alvaro Montoro,Botafogo,https://www.goal.com/en-us/lists/nxgn-2026-best-teenage-wonderkids-football/blt2f8486395140dacd,1228194,Álvaro Montoro,2007-04-17,https://www.transfermarkt.us/alvaro-montoro/profil/spieler/1228194,1.08,automatic,matched,18,18.935,10000000,2025-12-10,observed_to_date,2026-03-24,10000000,2025-12-10,last_known_before_target,2027-03-24,,,target_not_yet_reached,2028-03-24,,,target_not_yet_reached,2029-03-24,,,target_not_yet_reached,2030-03-24,,,target_not_yet_reached,2031-03-24,,,target_not_yet_reached,2032-03-24,,,target_not_yet_reached,2033-03-24,,,target_not_yet_reached,2034-03-24,,,target_not_yet_reached,2035-03-24,,,target_not_yet_reached,2036-03-24,,,target_not_yet_reached,ok
2026,2026-03-24,41,Viktor Dadason,FC Copenhagen,https://www.goal.com/en-us/lists/nxgn-2026-best-teenage-wonderkids-football/blt2f8486395140dacd,1072751,Viktor Dadason,2008-06-30,https://www.transfermarkt.us/viktor-dadason/profil/spieler/1072751,1.08,automatic,matched,17,17.731,4000000,2026-05-25,observed_to_date,2026-03-24,3000000,2025-12-15,last_known_before_target,2027-03-24,,,target_not_yet_reached,2028-03-24,,,target_not_yet_reached,2029-03-24,,,target_not_yet_reached,2030-03-24,,,target_not_yet_reached,2031-03-24,,,target_not_yet_reached,2032-03-24,,,target_not_yet_reached,2033-03-24,,,target_not_yet_reached,2034-03-24,,,target_not_yet_reached,2035-03-24,,,target_not_yet_reached,2036-03-24,,,target_not_yet_reached,ok
2026,2026-03-24,40,Thiago Pitarch,Real Madrid,https://www.goal.com/en-us/lists/nxgn-2026-best-teenage-wonderkids-football/blt2f8486395140dacd,1375227,Thiago Pitarch,2007-08-03,https://www.transfermarkt.us/thiago-pitarch/profil/spieler/1375227,1.08,automatic,matched,18,18.64,20000000,2026-03-16,observed_to_date,2026-03-24,20000000,2026-03-16,last_known_before_target,2027-03-24,,,target_not_yet_reached,2028-03-24,,,target_not_yet_reached,2029-03-24,,,target_not_yet_reached,2030-03-24,,,target_not_yet_reached,2031-03-24,,,target_not_yet_reached,2032-03-24,,,target_not_yet_reached,2033-03-24,,,target_not_yet_reached,2034-03-24,,,target_not_yet_reached,2035-03-24,,,target_not_yet_reached,2036-03-24,,,target_not_yet_reached,ok
2026,2026-03-24,39,Cavan Sullivan,Philadelphia Union,https://www.goal.com/en-us/lists/nxgn-2026-best-teenage-wonderkids-football/blt2f8486395140dacd,1009732,Cavan Sullivan,2009-09-28,https://www.transfermarkt.us/cavan-sullivan/profil/spieler/1009732,1.08,automatic,matched,16,16.485,4500000,2026-04-07,observed_to_date,2026-03-24,3500000,2025-12-11,last_known_before_target,2027-03-24,,,target_not_yet_reached,2028-03-24,,,target_not_yet_reached,2029-03-24,,,target_not_yet_reached,2030-03-24,,,target_not_yet_reached,2031-03-24,,,target_not_yet_reached,2032-03-24,,,target_not_yet_reached,2033-03-24,,,target_not_yet_reached,2034-03-24,,,target_not_yet_reached,2035-03-24,,,target_not_yet_reached,2036-03-24,,,target_not_yet_reached,ok
2026,2026-03-24,38,Karim Coulibaly,Werder Bremen,https://www.goal.com/en-us/lists/nxgn-2026-best-teenage-wonderkids-football/blt2f8486395140dacd,1084638,Karim Coulibaly,2007-05-23,https://www.transfermarkt.us/karim-coulibaly/profil/spieler/1084638,1.08,automatic,matched,18,18.837,28000000,2026-05-27,observed_to_date,2026-03-24,22000000,2026-03-20,last_known_before_target,2027-03-24,,,target_not_yet_reached,2028-03-24,,,target_not_yet_reached,2029-03-24,,,target_not_yet_reached,2030-03-24,,,target_not_yet_reached,2031-03-24,,,target_not_yet_reached,2032-03-24,,,target_not_yet_reached,2033-03-24,,,target_not_yet_reached,2034-03-24,,,target_not_yet_reached,2035-03-24,,,target_not_yet_reached,2036-03-24,,,target_not_yet_reached,ok
2026,2026-03-24,37,Chris Rigg,Sunderland,https://www.goal.com/en-us/lists/nxgn-2026-best-teenage-wonderkids-football/blt2f8486395140dacd,947411,Chris Rigg,2007-06-18,https://www.transfermarkt.us/chris-rigg/profil/spieler/947411,1.08,automatic,matched,18,18.766,25000000,2025-10-17,observed_to_date,2026-03-24,25000000,2025-12-09,last_known_before_target,2027-03-24,,,target_not_yet_reached,2028-03-24,,,target_not_yet_reached,2029-03-24,,,target_not_yet_reached,2030-03-24,,,target_not_yet_reached,2031-03-24,,,target_not_yet_reached,2032-03-24,,,target_not_yet_reached,2033-03-24,,,target_not_yet_reached,2034-03-24,,,target_not_yet_reached,2035-03-24,,,target_not_yet_reached,2036-03-24,,,target_not_yet_reached,ok
2026,2026-03-24,36,Ian Subiabre,River Plate,https://www.goal.com/en-us/lists/nxgn-2026-best-teenage-wonderkids-football/blt2f8486395140dacd,1074969,Ian Subiabre,2007-01-01,https://www.transfermarkt.us/ian-subiabre/profil/spieler/1074969,1.08,automatic,matched,19,19.226,3500000,2026-03-18,observed_to_date,2026-03-24,3500000,2026-03-18,last_known_before_target,2027-03-24,,,target_not_yet_reached,2028-03-24,,,target_not_yet_reached,2029-03-24,,,target_not_yet_reached,2030-03-24,,,target_not_yet_reached,2031-03-24,,,target_not_yet_reached,2032-03-24,,,target_not_yet_reached,2033-03-24,,,target_not_yet_reached,2034-03-24,,,target_not_yet_reached,2035-03-24,,,target_not_yet_reached,2036-03-24,,,target_not_yet_reached,ok
2026,2026-03-24,35,Quentin Ndjantou,Paris Saint-Germain,https://www.goal.com/en-us/lists/nxgn-2026-best-teenage-wonderkids-football/blt2f8486395140dacd,1053208,Quentin Ndjantou,2007-07-23,https://www.transfermarkt.us/quentin-ndjantou/profil/spieler/1053208,1.08,automatic,matched,18,18.67,8000000,2026-06-01,observed_to_date,2026-03-24,7000000,2025-12-15,last_known_before_target,2027-03-24,,,target_not_yet_reached,2028-03-24,,,target_not_yet_reached,2029-03-24,,,target_not_yet_reached,2030-03-24,,,target_not_yet_reached,2031-03-24,,,target_not_yet_reached,2032-03-24,,,target_not_yet_reached,2033-03-24,,,target_not_yet_reached,2034-03-24,,,target_not_yet_reached,2035-03-24,,,target_not_yet_reached,2036-03-24,,,target_not_yet_reached,ok
2026,2026-03-24,34,Vasilije Kostov,Red Star Belgrade,https://www.goal.com/en-us/lists/nxgn-2026-best-teenage-wonderkids-football/blt2f8486395140dacd,1073632,Vasilije Kostov,2008-05-11,https://www.transfermarkt.us/vasilije-kostov/profil/spieler/1073632,1.08,automatic,matched,17,17.868,25000000,2026-06-05,observed_to_date,2026-03-24,10000000,2025-12-11,last_known_before_target,2027-03-24,,,target_not_yet_reached,2028-03-24,,,target_not_yet_reached,2029-03-24,,,target_not_yet_reached,2030-03-24,,,target_not_yet_reached,2031-03-24,,,target_not_yet_reached,2032-03-24,,,target_not_yet_reached,2033-03-24,,,target_not_yet_reached,2034-03-24,,,target_not_yet_reached,2035-03-24,,,target_not_yet_reached,2036-03-24,,,target_not_yet_reached,ok
2026,2026-03-24,33,Kerim Alajbegovic,Red Bull Salzburg,https://www.goal.com/en-us/lists/nxgn-2026-best-teenage-wonderkids-football/blt2f8486395140dacd,929994,Kerim Alajbegovic,2007-09-21,https://www.transfermarkt.us/kerim-alajbegovic/profil/spieler/929994,1.08,automatic,matched,18,18.506,25000000,2026-07-22,observed_to_date,2026-03-24,15000000,2026-03-10,last_known_before_target,2027-03-24,,,target_not_yet_reached,2028-03-24,,,target_not_yet_reached,2029-03-24,,,target_not_yet_reached,2030-03-24,,,target_not_yet_reached,2031-03-24,,,target_not_yet_reached,2032-03-24,,,target_not_yet_reached,2033-03-24,,,target_not_yet_reached,2034-03-24,,,target_not_yet_reached,2035-03-24,,,target_not_yet_reached,2036-03-24,,,target_not_yet_reached,ok
2026,2026-03-24,32,Sean Steur,Ajax,https://www.goal.com/en-us/lists/nxgn-2026-best-teenage-wonderkids-football/blt2f8486395140dacd,1111063,Sean Steur,2008-01-11,https://www.transfermarkt.us/sean-steur/profil/spieler/1111063,1.08,automatic,matched,18,18.199,7000000,2026-05-28,observed_to_date,2026-03-24,6000000,2026-03-11,last_known_before_target,2027-03-24,,,target_not_yet_reached,2028-03-24,,,target_not_yet_reached,2029-03-24,,,target_not_yet_reached,2030-03-24,,,target_not_yet_reached,2031-03-24,,,target_not_yet_reached,2032-03-24,,,target_not_yet_reached,2033-03-24,,,target_not_yet_reached,2034-03-24,,,target_not_yet_reached,2035-03-24,,,target_not_yet_reached,2036-03-24,,,target_not_yet_reached,ok
2026,2026-03-24,31,Andrija Maksimovic,RB Leipzig,https://www.goal.com/en-us/lists/nxgn-2026-best-teenage-wonderkids-football/blt2f8486395140dacd,952779,Andrija Maksimovic,2007-06-05,https://www.transfermarkt.us/andrija-maksimovic/profil/spieler/952779,1.08,automatic,matched,18,18.801,15000000,2025-06-12,observed_to_date,2026-03-24,12000000,2026-03-20,last_known_before_target,2027-03-24,,,target_not_yet_reached,2028-03-24,,,target_not_yet_reached,2029-03-24,,,target_not_yet_reached,2030-03-24,,,target_not_yet_reached,2031-03-24,,,target_not_yet_reached,2032-03-24,,,target_not_yet_reached,2033-03-24,,,target_not_yet_reached,2034-03-24,,,target_not_yet_reached,2035-03-24,,,target_not_yet_reached,2036-03-24,,,target_not_yet_reached,ok
2026,2026-03-24,30,Mateus Mane,Wolves,https://www.goal.com/en-us/lists/nxgn-2026-best-teenage-wonderkids-football/blt2f8486395140dacd,1230661,Mateus Mané,2007-09-16,https://www.transfermarkt.us/mateus-mane/profil/spieler/1230661,1.08,automatic,matched,18,18.519,20000000,2026-03-09,observed_to_date,2026-03-24,20000000,2026-03-09,last_known_before_target,2027-03-24,,,target_not_yet_reached,2028-03-24,,,target_not_yet_reached,2029-03-24,,,target_not_yet_reached,2030-03-24,,,target_not_yet_reached,2031-03-24,,,target_not_yet_reached,2032-03-24,,,target_not_yet_reached,2033-03-24,,,target_not_yet_reached,2034-03-24,,,target_not_yet_reached,2035-03-24,,,target_not_yet_reached,2036-03-24,,,target_not_yet_reached,ok
2026,2026-03-24,29,Nathan De Cat,Anderlecht,https://www.goal.com/en-us/lists/nxgn-2026-best-teenage-wonderkids-football/blt2f8486395140dacd,1105541,Nathan De Cat,2008-07-19,https://www.transfermarkt.us/nathan-de-cat/profil/spieler/1105541,1.08,automatic,matched,17,17.679,27000000,2026-06-04,observed_to_date,2026-03-24,25000000,2026-03-13,last_known_before_target,2027-03-24,,,target_not_yet_reached,2028-03-24,,,target_not_yet_reached,2029-03-24,,,target_not_yet_reached,2030-03-24,,,target_not_yet_reached,2031-03-24,,,target_not_yet_reached,2032-03-24,,,target_not_yet_reached,2033-03-24,,,target_not_yet_reached,2034-03-24,,,target_not_yet_reached,2035-03-24,,,target_not_yet_reached,2036-03-24,,,target_not_yet_reached,ok
2026,2026-03-24,28,Tylel Tati,Nantes,https://www.goal.com/en-us/lists/nxgn-2026-best-teenage-wonderkids-football/blt2f8486395140dacd,1241207,Tylel Tati,2008-01-19,https://www.transfermarkt.us/tylel-tati/profil/spieler/1241207,1.08,automatic,matched,18,18.177,25000000,2026-03-27,observed_to_date,2026-03-24,12000000,2025-12-15,last_known_before_target,2027-03-24,,,target_not_yet_reached,2028-03-24,,,target_not_yet_reached,2029-03-24,,,target_not_yet_reached,2030-03-24,,,target_not_yet_reached,2031-03-24,,,target_not_yet_reached,2032-03-24,,,target_not_yet_reached,2033-03-24,,,target_not_yet_reached,2034-03-24,,,target_not_yet_reached,2035-03-24,,,target_not_yet_reached,2036-03-24,,,target_not_yet_reached,ok
2026,2026-03-24,27,Kennet Eichhorn,Hertha Berlin,https://www.goal.com/en-us/lists/nxgn-2026-best-teenage-wonderkids-football/blt2f8486395140dacd,1214123,Kennet Eichhorn,2009-07-27,https://www.transfermarkt.us/kennet-eichhorn/profil/spieler/1214123,1.08,automatic,matched,16,16.657,20000000,2025-12-16,observed_to_date,2026-03-24,20000000,2025-12-16,last_known_before_target,2027-03-24,,,target_not_yet_reached,2028-03-24,,,target_not_yet_reached,2029-03-24,,,target_not_yet_reached,2030-03-24,,,target_not_yet_reached,2031-03-24,,,target_not_yet_reached,2032-03-24,,,target_not_yet_reached,2033-03-24,,,target_not_yet_reached,2034-03-24,,,target_not_yet_reached,2035-03-24,,,target_not_yet_reached,2036-03-24,,,target_not_yet_reached,ok
2026,2026-03-24,26,Mikey Moore,Tottenham - loan at Rangers,https://www.goal.com/en-us/lists/nxgn-2026-best-teenage-wonderkids-football/blt2f8486395140dacd,1011147,Mikey Moore,2007-08-11,https://www.transfermarkt.us/mikey-moore/profil/spieler/1011147,1.08,automatic,matched,18,18.618,18000000,2025-05-30,observed_to_date,2026-03-24,16000000,2025-12-10,last_known_before_target,2027-03-24,,,target_not_yet_reached,2028-03-24,,,target_not_yet_reached,2029-03-24,,,target_not_yet_reached,2030-03-24,,,target_not_yet_reached,2031-03-24,,,target_not_yet_reached,2032-03-24,,,target_not_yet_reached,2033-03-24,,,target_not_yet_reached,2034-03-24,,,target_not_yet_reached,2035-03-24,,,target_not_yet_reached,2036-03-24,,,target_not_yet_reached,ok
2026,2026-03-24,25,Charalampos Kostoulas,Brighton,https://www.goal.com/en-us/lists/nxgn-2026-best-teenage-wonderkids-football/blt2f8486395140dacd,1060087,Charalampos Kostoulas,2007-05-30,https://www.transfermarkt.us/charalampos-kostoulas/profil/spieler/1060087,1.08,automatic,matched,18,18.818,25000000,2025-10-17,observed_to_date,2026-03-24,25000000,2025-12-09,last_known_before_target,2027-03-24,,,target_not_yet_reached,2028-03-24,,,target_not_yet_reached,2029-03-24,,,target_not_yet_reached,2030-03-24,,,target_not_yet_reached,2031-03-24,,,target_not_yet_reached,2032-03-24,,,target_not_yet_reached,2033-03-24,,,target_not_yet_reached,2034-03-24,,,target_not_yet_reached,2035-03-24,,,target_not_yet_reached,2036-03-24,,,target_not_yet_reached,ok
2026,2026-03-24,24,Josh King,Fulham,https://www.goal.com/en-us/lists/nxgn-2026-best-teenage-wonderkids-football/blt2f8486395140dacd,1011131,Josh King,2007-01-03,https://www.transfermarkt.us/josh-king/profil/spieler/1011131,1.08,automatic,matched,19,19.22,25000000,2026-06-03,observed_to_date,2026-03-24,20000000,2025-12-09,last_known_before_target,2027-03-24,,,target_not_yet_reached,2028-03-24,,,target_not_yet_reached,2029-03-24,,,target_not_yet_reached,2030-03-24,,,target_not_yet_reached,2031-03-24,,,target_not_yet_reached,2032-03-24,,,target_not_yet_reached,2033-03-24,,,target_not_yet_reached,2034-03-24,,,target_not_yet_reached,2035-03-24,,,target_not_yet_reached,2036-03-24,,,target_not_yet_reached,ok
2026,2026-03-24,23,Robinio Vaz,Roma,https://www.goal.com/en-us/lists/nxgn-2026-best-teenage-wonderkids-football/blt2f8486395140dacd,1131161,Robinio Vaz,2007-02-17,https://www.transfermarkt.us/robinio-vaz/profil/spieler/1131161,1.08,automatic,matched,19,19.097,18000000,2026-03-24,observed_to_date,2026-03-24,10000000,2025-12-15,last_known_before_target,2027-03-24,,,target_not_yet_reached,2028-03-24,,,target_not_yet_reached,2029-03-24,,,target_not_yet_reached,2030-03-24,,,target_not_yet_reached,2031-03-24,,,target_not_yet_reached,2032-03-24,,,target_not_yet_reached,2033-03-24,,,target_not_yet_reached,2034-03-24,,,target_not_yet_reached,2035-03-24,,,target_not_yet_reached,2036-03-24,,,target_not_yet_reached,ok
2026,2026-03-24,22,Francesco Camarda,AC Milan - loan at Lecce,https://www.goal.com/en-us/lists/nxgn-2026-best-teenage-wonderkids-football/blt2f8486395140dacd,1058368,Francesco Camarda,2008-03-10,https://www.transfermarkt.us/francesco-camarda/profil/spieler/1058368,1.08,automatic,matched,18,18.037,15000000,2025-12-23,observed_to_date,2026-03-24,15000000,2025-12-23,last_known_before_target,2027-03-24,,,target_not_yet_reached,2028-03-24,,,target_not_yet_reached,2029-03-24,,,target_not_yet_reached,2030-03-24,,,target_not_yet_reached,2031-03-24,,,target_not_yet_reached,2032-03-24,,,target_not_yet_reached,2033-03-24,,,target_not_yet_reached,2034-03-24,,,target_not_yet_reached,2035-03-24,,,target_not_yet_reached,2036-03-24,,,target_not_yet_reached,ok
2026,2026-03-24,21,Jorthy Mokio,Ajax,https://www.goal.com/en-us/lists/nxgn-2026-best-teenage-wonderkids-football/blt2f8486395140dacd,1105532,Jorthy Mokio,2008-02-29,https://www.transfermarkt.us/jorthy-mokio/profil/spieler/1105532,1.08,automatic,matched,18,18.065,8000000,2025-05-28,observed_to_date,2026-03-24,8000000,2025-12-02,last_known_before_target,2027-03-24,,,target_not_yet_reached,2028-03-24,,,target_not_yet_reached,2029-03-24,,,target_not_yet_reached,2030-03-24,,,target_not_yet_reached,2031-03-24,,,target_not_yet_reached,2032-03-24,,,target_not_yet_reached,2033-03-24,,,target_not_yet_reached,2034-03-24,,,target_not_yet_reached,2035-03-24,,,target_not_yet_reached,2036-03-24,,,target_not_yet_reached,ok
2026,2026-03-24,20,Kendry Paez,Chelsea - loan at River Plate,https://www.goal.com/en-us/lists/nxgn-2026-best-teenage-wonderkids-football/blt2f8486395140dacd,1052439,Kendry Páez,2007-05-04,https://www.transfermarkt.us/kendry-paez/profil/spieler/1052439,1.08,automatic,matched,18,18.889,12000000,2024-06-06,observed_to_date,2026-03-24,9000000,2026-03-18,last_known_before_target,2027-03-24,,,target_not_yet_reached,2028-03-24,,,target_not_yet_reached,2029-03-24,,,target_not_yet_reached,2030-03-24,,,target_not_yet_reached,2031-03-24,,,target_not_yet_reached,2032-03-24,,,target_not_yet_reached,2033-03-24,,,target_not_yet_reached,2034-03-24,,,target_not_yet_reached,2035-03-24,,,target_not_yet_reached,2036-03-24,,,target_not_yet_reached,ok
2026,2026-03-24,19,Mohamed Kader Meite,Al-Hilal,https://www.goal.com/en-us/lists/nxgn-2026-best-teenage-wonderkids-football/blt2f8486395140dacd,1141560,Kader Meïté,2007-10-11,https://www.transfermarkt.us/kader-meite/profil/spieler/1141560,0.787,automatic,matched,18,18.451,18000000,2026-03-30,observed_to_date,2026-03-24,10000000,2025-12-15,last_known_before_target,2027-03-24,,,target_not_yet_reached,2028-03-24,,,target_not_yet_reached,2029-03-24,,,target_not_yet_reached,2030-03-24,,,target_not_yet_reached,2031-03-24,,,target_not_yet_reached,2032-03-24,,,target_not_yet_reached,2033-03-24,,,target_not_yet_reached,2034-03-24,,,target_not_yet_reached,2035-03-24,,,target_not_yet_reached,2036-03-24,,,target_not_yet_reached,ok
2026,2026-03-24,18,Dro Fernandez,Paris Saint-Germain,https://www.goal.com/en-us/lists/nxgn-2026-best-teenage-wonderkids-football/blt2f8486395140dacd,1071596,Dro Fernández,2008-01-12,https://www.transfermarkt.us/dro-fernandez/profil/spieler/1071596,1.08,automatic,matched,18,18.196,10000000,2025-12-12,observed_to_date,2026-03-24,10000000,2025-12-12,last_known_before_target,2027-03-24,,,target_not_yet_reached,2028-03-24,,,target_not_yet_reached,2029-03-24,,,target_not_yet_reached,2030-03-24,,,target_not_yet_reached,2031-03-24,,,target_not_yet_reached,2032-03-24,,,target_not_yet_reached,2033-03-24,,,target_not_yet_reached,2034-03-24,,,target_not_yet_reached,2035-03-24,,,target_not_yet_reached,2036-03-24,,,target_not_yet_reached,ok
2026,2026-03-24,17,Marc Bernal,Barcelona,https://www.goal.com/en-us/lists/nxgn-2026-best-teenage-wonderkids-football/blt2f8486395140dacd,1018920,Marc Bernal,2007-05-26,https://www.transfermarkt.us/marc-bernal/profil/spieler/1018920,1.08,automatic,matched,18,18.829,30000000,2026-03-16,observed_to_date,2026-03-24,30000000,2026-03-16,last_known_before_target,2027-03-24,,,target_not_yet_reached,2028-03-24,,,target_not_yet_reached,2029-03-24,,,target_not_yet_reached,2030-03-24,,,target_not_yet_reached,2031-03-24,,,target_not_yet_reached,2032-03-24,,,target_not_yet_reached,2033-03-24,,,target_not_yet_reached,2034-03-24,,,target_not_yet_reached,2035-03-24,,,target_not_yet_reached,2036-03-24,,,target_not_yet_reached,ok
2026,2026-03-24,16,Gilberto Mora,Club Tijuana,https://www.goal.com/en-us/lists/nxgn-2026-best-teenage-wonderkids-football/blt2f8486395140dacd,1155723,Gilberto Mora,2008-10-14,https://www.transfermarkt.us/gilberto-mora/profil/spieler/1155723,1.08,automatic,matched,17,17.44,25000000,2026-07-22,observed_to_date,2026-03-24,10000000,2025-12-29,last_known_before_target,2027-03-24,,,target_not_yet_reached,2028-03-24,,,target_not_yet_reached,2029-03-24,,,target_not_yet_reached,2030-03-24,,,target_not_yet_reached,2031-03-24,,,target_not_yet_reached,2032-03-24,,,target_not_yet_reached,2033-03-24,,,target_not_yet_reached,2034-03-24,,,target_not_yet_reached,2035-03-24,,,target_not_yet_reached,2036-03-24,,,target_not_yet_reached,ok
2026,2026-03-24,15,Rio Ngumoha,Liverpool,https://www.goal.com/en-us/lists/nxgn-2026-best-teenage-wonderkids-football/blt2f8486395140dacd,1108466,Rio Ngumoha,2008-08-29,https://www.transfermarkt.us/rio-ngumoha/profil/spieler/1108466,1.08,automatic,matched,17,17.566,30000000,2026-06-03,observed_to_date,2026-03-24,20000000,2026-03-09,last_known_before_target,2027-03-24,,,target_not_yet_reached,2028-03-24,,,target_not_yet_reached,2029-03-24,,,target_not_yet_reached,2030-03-24,,,target_not_yet_reached,2031-03-24,,,target_not_yet_reached,2032-03-24,,,target_not_yet_reached,2033-03-24,,,target_not_yet_reached,2034-03-24,,,target_not_yet_reached,2035-03-24,,,target_not_yet_reached,2036-03-24,,,target_not_yet_reached,ok
2026,2026-03-24,14,Konstantinos Karetsas,Genk,https://www.goal.com/en-us/lists/nxgn-2026-best-teenage-wonderkids-football/blt2f8486395140dacd,990148,Konstantinos Karetsas,2007-11-19,https://www.transfermarkt.us/konstantinos-karetsas/profil/spieler/990148,1.08,automatic,matched,18,18.344,35000000,2026-03-13,observed_to_date,2026-03-24,35000000,2026-03-13,last_known_before_target,2027-03-24,,,target_not_yet_reached,2028-03-24,,,target_not_yet_reached,2029-03-24,,,target_not_yet_reached,2030-03-24,,,target_not_yet_reached,2031-03-24,,,target_not_yet_reached,2032-03-24,,,target_not_yet_reached,2033-03-24,,,target_not_yet_reached,2034-03-24,,,target_not_yet_reached,2035-03-24,,,target_not_yet_reached,2036-03-24,,,target_not_yet_reached,ok
2026,2026-03-24,13,Ibrahim Mbaye,Paris Saint-Germain,https://www.goal.com/en-us/lists/nxgn-2026-best-teenage-wonderkids-football/blt2f8486395140dacd,1185888,Ibrahim Mbaye,2008-01-24,https://www.transfermarkt.us/ibrahim-mbaye/profil/spieler/1185888,1.08,automatic,matched,18,18.163,30000000,2026-03-27,observed_to_date,2026-03-24,25000000,2025-12-15,last_known_before_target,2027-03-24,,,target_not_yet_reached,2028-03-24,,,target_not_yet_reached,2029-03-24,,,target_not_yet_reached,2030-03-24,,,target_not_yet_reached,2031-03-24,,,target_not_yet_reached,2032-03-24,,,target_not_yet_reached,2033-03-24,,,target_not_yet_reached,2034-03-24,,,target_not_yet_reached,2035-03-24,,,target_not_yet_reached,2036-03-24,,,target_not_yet_reached,ok
2026,2026-03-24,12,Honest Ahanor,Atalanta,https://www.goal.com/en-us/lists/nxgn-2026-best-teenage-wonderkids-football/blt2f8486395140dacd,1077175,Honest Ahanor,2008-02-23,https://www.transfermarkt.us/honest-ahanor/profil/spieler/1077175,1.08,automatic,matched,18,18.081,30000000,2026-05-29,observed_to_date,2026-03-24,25000000,2025-12-23,last_known_before_target,2027-03-24,,,target_not_yet_reached,2028-03-24,,,target_not_yet_reached,2029-03-24,,,target_not_yet_reached,2030-03-24,,,target_not_yet_reached,2031-03-24,,,target_not_yet_reached,2032-03-24,,,target_not_yet_reached,2033-03-24,,,target_not_yet_reached,2034-03-24,,,target_not_yet_reached,2035-03-24,,,target_not_yet_reached,2036-03-24,,,target_not_yet_reached,ok
2026,2026-03-24,11,Rodrigo Mora,Porto,https://www.goal.com/en-us/lists/nxgn-2026-best-teenage-wonderkids-football/blt2f8486395140dacd,957653,Rodrigo Mora,2007-05-05,https://www.transfermarkt.us/rodrigo-mora/profil/spieler/957653,1.08,automatic,matched,18,18.886,40000000,2025-05-30,observed_to_date,2026-03-24,38000000,2026-03-19,last_known_before_target,2027-03-24,,,target_not_yet_reached,2028-03-24,,,target_not_yet_reached,2029-03-24,,,target_not_yet_reached,2030-03-24,,,target_not_yet_reached,2031-03-24,,,target_not_yet_reached,2032-03-24,,,target_not_yet_reached,2033-03-24,,,target_not_yet_reached,2034-03-24,,,target_not_yet_reached,2035-03-24,,,target_not_yet_reached,2036-03-24,,,target_not_yet_reached,ok
2026,2026-03-24,10,Ethan Nwaneri,Arsenal - loan at Marseille,https://www.goal.com/en-us/lists/nxgn-2026-best-teenage-wonderkids-football/blt2f8486395140dacd,890719,Ethan Nwaneri,2007-03-21,https://www.transfermarkt.us/ethan-nwaneri/profil/spieler/890719,1.08,automatic,matched,19,19.009,55000000,2025-03-18,observed_to_date,2026-03-24,40000000,2025-12-09,last_known_before_target,2027-03-24,,,target_not_yet_reached,2028-03-24,,,target_not_yet_reached,2029-03-24,,,target_not_yet_reached,2030-03-24,,,target_not_yet_reached,2031-03-24,,,target_not_yet_reached,2032-03-24,,,target_not_yet_reached,2033-03-24,,,target_not_yet_reached,2034-03-24,,,target_not_yet_reached,2035-03-24,,,target_not_yet_reached,2036-03-24,,,target_not_yet_reached,ok
2026,2026-03-24,9,Geovany Quenda,Sporting CP,https://www.goal.com/en-us/lists/nxgn-2026-best-teenage-wonderkids-football/blt2f8486395140dacd,1138758,Geovany Quenda,2007-04-30,https://www.transfermarkt.us/geovany-quenda/profil/spieler/1138758,1.08,automatic,matched,18,18.9,45000000,2025-03-31,observed_to_date,2026-03-24,42000000,2026-03-19,last_known_before_target,2027-03-24,,,target_not_yet_reached,2028-03-24,,,target_not_yet_reached,2029-03-24,,,target_not_yet_reached,2030-03-24,,,target_not_yet_reached,2031-03-24,,,target_not_yet_reached,2032-03-24,,,target_not_yet_reached,2033-03-24,,,target_not_yet_reached,2034-03-24,,,target_not_yet_reached,2035-03-24,,,target_not_yet_reached,2036-03-24,,,target_not_yet_reached,ok
2026,2026-03-24,8,Ayyoub Bouaddi,Lille,https://www.goal.com/en-us/lists/nxgn-2026-best-teenage-wonderkids-football/blt2f8486395140dacd,1097139,Ayyoub Bouaddi,2007-10-02,https://www.transfermarkt.us/ayyoub-bouaddi/profil/spieler/1097139,1.08,automatic,matched,18,18.475,80000000,2026-07-22,observed_to_date,2026-03-24,40000000,2025-12-15,last_known_before_target,2027-03-24,,,target_not_yet_reached,2028-03-24,,,target_not_yet_reached,2029-03-24,,,target_not_yet_reached,2030-03-24,,,target_not_yet_reached,2031-03-24,,,target_not_yet_reached,2032-03-24,,,target_not_yet_reached,2033-03-24,,,target_not_yet_reached,2034-03-24,,,target_not_yet_reached,2035-03-24,,,target_not_yet_reached,2036-03-24,,,target_not_yet_reached,ok
2026,2026-03-24,7,Luka Vuskovic,Tottenham - loan at Hamburg,https://www.goal.com/en-us/lists/nxgn-2026-best-teenage-wonderkids-football/blt2f8486395140dacd,892160,Luka Vuskovic,2007-02-24,https://www.transfermarkt.us/luka-vuskovic/profil/spieler/892160,1.08,automatic,matched,19,19.078,60000000,2026-03-20,observed_to_date,2026-03-24,60000000,2026-03-20,last_known_before_target,2027-03-24,,,target_not_yet_reached,2028-03-24,,,target_not_yet_reached,2029-03-24,,,target_not_yet_reached,2030-03-24,,,target_not_yet_reached,2031-03-24,,,target_not_yet_reached,2032-03-24,,,target_not_yet_reached,2033-03-24,,,target_not_yet_reached,2034-03-24,,,target_not_yet_reached,2035-03-24,,,target_not_yet_reached,2036-03-24,,,target_not_yet_reached,ok
2026,2026-03-24,6,Max Dowman,Arsenal,https://www.goal.com/en-us/lists/nxgn-2026-best-teenage-wonderkids-football/blt2f8486395140dacd,1187629,Max Dowman,2009-12-31,https://www.transfermarkt.us/max-dowman/profil/spieler/1187629,1.08,automatic,matched,16,16.228,30000000,2026-06-03,observed_to_date,2026-03-24,20000000,2025-12-31,last_known_before_target,2027-03-24,,,target_not_yet_reached,2028-03-24,,,target_not_yet_reached,2029-03-24,,,target_not_yet_reached,2030-03-24,,,target_not_yet_reached,2031-03-24,,,target_not_yet_reached,2032-03-24,,,target_not_yet_reached,2033-03-24,,,target_not_yet_reached,2034-03-24,,,target_not_yet_reached,2035-03-24,,,target_not_yet_reached,2036-03-24,,,target_not_yet_reached,ok
2026,2026-03-24,5,Lennart Karl,Bayern Munich,https://www.goal.com/en-us/lists/nxgn-2026-best-teenage-wonderkids-football/blt2f8486395140dacd,1075147,Lennart Karl,2008-02-22,https://www.transfermarkt.us/lennart-karl/profil/spieler/1075147,1.08,automatic,matched,18,18.084,60000000,2025-12-19,observed_to_date,2026-03-24,60000000,2025-12-19,last_known_before_target,2027-03-24,,,target_not_yet_reached,2028-03-24,,,target_not_yet_reached,2029-03-24,,,target_not_yet_reached,2030-03-24,,,target_not_yet_reached,2031-03-24,,,target_not_yet_reached,2032-03-24,,,target_not_yet_reached,2033-03-24,,,target_not_yet_reached,2034-03-24,,,target_not_yet_reached,2035-03-24,,,target_not_yet_reached,2036-03-24,,,target_not_yet_reached,ok
2026,2026-03-24,4,Franco Mastantuono,Real Madrid,https://www.goal.com/en-us/lists/nxgn-2026-best-teenage-wonderkids-football/blt2f8486395140dacd,1057316,Franco Mastantuono,2007-08-14,https://www.transfermarkt.us/franco-mastantuono/profil/spieler/1057316,1.08,automatic,matched,18,18.61,50000000,2025-10-02,observed_to_date,2026-03-24,45000000,2026-03-16,last_known_before_target,2027-03-24,,,target_not_yet_reached,2028-03-24,,,target_not_yet_reached,2029-03-24,,,target_not_yet_reached,2030-03-24,,,target_not_yet_reached,2031-03-24,,,target_not_yet_reached,2032-03-24,,,target_not_yet_reached,2033-03-24,,,target_not_yet_reached,2034-03-24,,,target_not_yet_reached,2035-03-24,,,target_not_yet_reached,2036-03-24,,,target_not_yet_reached,ok
2026,2026-03-24,3,Pau Cubarsi,Barcelona,https://www.goal.com/en-us/lists/nxgn-2026-best-teenage-wonderkids-football/blt2f8486395140dacd,962110,Pau Cubarsí,2007-01-22,https://www.transfermarkt.us/pau-cubarsi/profil/spieler/962110,1.08,automatic,matched,19,19.168,100000000,2026-07-22,observed_to_date,2026-03-24,80000000,2025-12-12,last_known_before_target,2027-03-24,,,target_not_yet_reached,2028-03-24,,,target_not_yet_reached,2029-03-24,,,target_not_yet_reached,2030-03-24,,,target_not_yet_reached,2031-03-24,,,target_not_yet_reached,2032-03-24,,,target_not_yet_reached,2033-03-24,,,target_not_yet_reached,2034-03-24,,,target_not_yet_reached,2035-03-24,,,target_not_yet_reached,2036-03-24,,,target_not_yet_reached,ok
2026,2026-03-24,2,Estevao,Chelsea,https://www.goal.com/en-us/lists/nxgn-2026-best-teenage-wonderkids-football/blt2f8486395140dacd,1056993,Estêvão,2007-04-24,https://www.transfermarkt.us/estevao/profil/spieler/1056993,1.08,automatic,matched,18,18.916,80000000,2025-12-09,observed_to_date,2026-03-24,80000000,2025-12-09,last_known_before_target,2027-03-24,,,target_not_yet_reached,2028-03-24,,,target_not_yet_reached,2029-03-24,,,target_not_yet_reached,2030-03-24,,,target_not_yet_reached,2031-03-24,,,target_not_yet_reached,2032-03-24,,,target_not_yet_reached,2033-03-24,,,target_not_yet_reached,2034-03-24,,,target_not_yet_reached,2035-03-24,,,target_not_yet_reached,2036-03-24,,,target_not_yet_reached,ok
2026,2026-03-24,1,Lamine Yamal,Barcelona,https://www.goal.com/en-us/lists/nxgn-2026-best-teenage-wonderkids-football/blt2f8486395140dacd,937958,Lamine Yamal,2007-07-13,https://www.transfermarkt.us/lamine-yamal/profil/spieler/937958,1.08,automatic,matched,18,18.697,220000000,2026-07-22,observed_to_date,2026-03-24,200000000,2025-12-12,last_known_before_target,2027-03-24,,,target_not_yet_reached,2028-03-24,,,target_not_yet_reached,2029-03-24,,,target_not_yet_reached,2030-03-24,,,target_not_yet_reached,2031-03-24,,,target_not_yet_reached,2032-03-24,,,target_not_yet_reached,2033-03-24,,,target_not_yet_reached,2034-03-24,,,target_not_yet_reached,2035-03-24,,,target_not_yet_reached,2036-03-24,,,target_not_yet_reached,ok
