points_8th,count,prob
13,4,0.000133
14,1201,0.040033
15,4493,0.149767
16,24302,0.810067
