Rank,Club,Elo
1,Real Madrid,1927.55688477
2,Liverpool,1918.62023926
3,FC Bayern,1869.65429688
4,Everton,1853.36779785
5,Manchester United,1850.67578125
6,PSV Eindhoven,1843.90002441
NA,⋮,NA
31,Benfica,1724.15063477
