Rank,Club,Elo
1,Manchester United,2022.99707031
2,Chelsea,2015.37670898
3,Liverpool,1963.96850586
4,Arsenal,1938.36706543
5,Real Madrid,1929.36645508
NA,⋮,NA
15,Everton,1820.20068359
NA,⋮,NA
19,Aston Villa,1797.30505371
NA,⋮,NA
25,Portsmouth,1775.43505859
NA,⋮,NA
27,Blackburn Rovers,1762.87414551
NA,⋮,NA
29,Tottenham Hotspur,1761.6607666
NA,⋮,NA
34,Middlesbrough,1741.33898926
NA,⋮,NA
39,Manchester City,1734.17504883
