Rank,Club,Elo
1,Liverpool,1897.78833008
2,Everton,1894.59545898
3,Real Madrid,1877.04101562
4,FC Bayern,1868.27453613
5,Werder Bremen,1823.05529785
6,Juventus,1815.11608887
7,Barcelona,1807.72546387
NA,⋮,NA
16,Steaua Bucharest,1769.2286377
