Rank,Club,Elo
1,Chelsea,1961.25256348
2,Milan,1927.21447754
3,Arsenal,1907.02868652
4,Lyon,1886.55688477
5,Barcelona,1885.98937988
6,PSV,1872.0579834
7,Juventus,1868.78710938
8,Man United,1866.1809082
9,Real Madrid,1865.94787598
10,Inter,1843.31848145
11,Bayern,1838.30322266
12,Villarreal,1818.08764648
13,Valencia,1812.30944824
14,Liverpool,1799.58654785