Rank,Club,Elo
1,Liverpool,1982.23950195
2,Manchester United,1978.93566895
3,Barcelona,1951.57019043
4,Chelsea,1947.66821289
5,Real Madrid,1899.95788574